event_name,section_name,row_name,seat_num,last_seat,num_seats,price_code,price,block_full_price,class_name,qualifier_state_names,status,kill,quality
24BALDUE,GA1,GA2,1,50,50,A,0,0,OPEN,,AVAIL,N,100
24BALDUE,GA1,GA1,32,50,19,A,0,0,OPEN,,AVAIL,N,100
24BALDUE,GA1,GA4,1,50,50,A,0,0,OPEN,,AVAIL,N,100
24BALDUE,GA1,GA9,1,50,50,A,0,0,OPEN,,AVAIL,N,100
24BALDUE,GA1,GA8,1,50,50,A,0,0,OPEN,,AVAIL,N,100
24BALDUE,GA1,GA7,1,50,50,A,0,0,OPEN,,AVAIL,N,100
24BALDUE,GA1,GA10,1,50,50,A,0,0,OPEN,,AVAIL,N,100
24BALDUE,GA1,GA3,1,50,50,A,0,0,OPEN,,AVAIL,N,100
24BALDUE,GA1,GA6,1,50,50,A,0,0,OPEN,,AVAIL,N,100
24BALDUE,GA1,GA5,1,50,50,A,0,0,OPEN,,AVAIL,N,100
24BALDUE,GA2,GA4,1,50,50,A,0,0,OPEN,,AVAIL,N,100
24BALDUE,GA2,GA5,1,50,50,A,0,0,OPEN,,AVAIL,N,100
24BALDUE,GA2,GA10,1,50,50,A,0,0,OPEN,,AVAIL,N,100
24BALDUE,GA2,GA6,1,50,50,A,0,0,OPEN,,AVAIL,N,100
24BALDUE,GA2,GA7,1,50,50,A,0,0,OPEN,,AVAIL,N,100
24BALDUE,GA2,GA8,1,50,50,A,0,0,OPEN,,AVAIL,N,100
24BALDUE,GA2,GA3,1,50,50,A,0,0,OPEN,,AVAIL,N,100
24BALDUE,GA2,GA1,1,50,50,A,0,0,OPEN,,AVAIL,N,100
24BALDUE,GA2,GA2,1,50,50,A,0,0,OPEN,,AVAIL,N,100
24BALDUE,GA2,GA9,1,50,50,A,0,0,OPEN,,AVAIL,N,100
24BALDUE,GA3,GA8,1,50,50,A,0,0,OPEN,,AVAIL,N,100
24BALDUE,GA3,GA4,1,50,50,A,0,0,OPEN,,AVAIL,N,100
24BALDUE,GA3,GA2,1,50,50,A,0,0,OPEN,,AVAIL,N,100
24BALDUE,GA3,GA6,1,50,50,A,0,0,OPEN,,AVAIL,N,100
24BALDUE,GA3,GA1,1,50,50,A,0,0,OPEN,,AVAIL,N,100
24BALDUE,GA3,GA5,1,50,50,A,0,0,OPEN,,AVAIL,N,100
24BALDUE,GA3,GA3,1,50,50,A,0,0,OPEN,,AVAIL,N,100
24BALDUE,GA3,GA9,1,50,50,A,0,0,OPEN,,AVAIL,N,100
24BALDUE,GA3,GA7,1,50,50,A,0,0,OPEN,,AVAIL,N,100
24BALDUE,GA3,GA10,1,50,50,A,0,0,OPEN,,AVAIL,N,100
24BALDUE,GA4,GA3,1,50,50,A,0,0,OPEN,,AVAIL,N,100
24BALDUE,GA4,GA4,1,50,50,A,0,0,OPEN,,AVAIL,N,100
24BALDUE,GA4,GA6,1,50,50,A,0,0,OPEN,,AVAIL,N,100
24BALDUE,GA4,GA10,1,50,50,A,0,0,OPEN,,AVAIL,N,100
24BALDUE,GA4,GA8,1,50,50,A,0,0,OPEN,,AVAIL,N,100
24BALDUE,GA4,GA9,1,50,50,A,0,0,OPEN,,AVAIL,N,100
24BALDUE,GA4,GA5,1,50,50,A,0,0,OPEN,,AVAIL,N,100
24BALDUE,GA4,GA1,1,50,50,A,0,0,OPEN,,AVAIL,N,100
24BALDUE,GA4,GA7,1,50,50,A,0,0,OPEN,,AVAIL,N,100
24BALDUE,GA4,GA2,1,50,50,A,0,0,OPEN,,AVAIL,N,100
24BALDUE,GA5,GA5,1,50,50,A,0,0,OPEN,,AVAIL,N,100
24BALDUE,GA5,GA9,1,50,50,A,0,0,OPEN,,AVAIL,N,100
24BALDUE,GA5,GA6,1,50,50,A,0,0,OPEN,,AVAIL,N,100
24BALDUE,GA5,GA7,1,50,50,A,0,0,OPEN,,AVAIL,N,100
24BALDUE,GA5,GA2,1,50,50,A,0,0,OPEN,,AVAIL,N,100
24BALDUE,GA5,GA1,1,50,50,A,0,0,OPEN,,AVAIL,N,100
24BALDUE,GA5,GA4,1,50,50,A,0,0,OPEN,,AVAIL,N,100
24BALDUE,GA5,GA8,1,50,50,A,0,0,OPEN,,AVAIL,N,100
24BALDUE,GA5,GA10,1,50,50,A,0,0,OPEN,,AVAIL,N,100
24BALDUE,GA5,GA3,1,50,50,A,0,0,OPEN,,AVAIL,N,100
24BALDUE,GA6,GA3,1,50,50,A,0,0,OPEN,,AVAIL,N,100
24BALDUE,GA6,GA1,1,50,50,A,0,0,OPEN,,AVAIL,N,100
24BALDUE,GA6,GA7,1,50,50,A,0,0,OPEN,,AVAIL,N,100
24BALDUE,GA6,GA4,1,50,50,A,0,0,OPEN,,AVAIL,N,100
24BALDUE,GA6,GA10,1,50,50,A,0,0,OPEN,,AVAIL,N,100
24BALDUE,GA6,GA9,1,50,50,A,0,0,OPEN,,AVAIL,N,100
24BALDUE,GA6,GA8,1,50,50,A,0,0,OPEN,,AVAIL,N,100
24BALDUE,GA6,GA2,1,50,50,A,0,0,OPEN,,AVAIL,N,100
24BALDUE,GA6,GA5,1,50,50,A,0,0,OPEN,,AVAIL,N,100
24BALDUE,GA6,GA6,1,50,50,A,0,0,OPEN,,AVAIL,N,100
24BALDUE,GA7,GA7,1,50,50,A,0,0,OPEN,,AVAIL,N,100
24BALDUE,GA7,GA8,1,50,50,A,0,0,OPEN,,AVAIL,N,100
24BALDUE,GA7,GA5,1,50,50,A,0,0,OPEN,,AVAIL,N,100
24BALDUE,GA7,GA1,1,50,50,A,0,0,OPEN,,AVAIL,N,100
24BALDUE,GA7,GA3,1,50,50,A,0,0,OPEN,,AVAIL,N,100
24BALDUE,GA7,GA9,1,50,50,A,0,0,OPEN,,AVAIL,N,100
24BALDUE,GA7,GA6,1,50,50,A,0,0,OPEN,,AVAIL,N,100
24BALDUE,GA7,GA10,1,50,50,A,0,0,OPEN,,AVAIL,N,100
24BALDUE,GA7,GA2,1,50,50,A,0,0,OPEN,,AVAIL,N,100
24BALDUE,GA7,GA4,1,50,50,A,0,0,OPEN,,AVAIL,N,100
24BALDUE,GA8,GA9,1,50,50,A,0,0,OPEN,,AVAIL,N,100
24BALDUE,GA8,GA6,1,50,50,A,0,0,OPEN,,AVAIL,N,100
24BALDUE,GA8,GA1,1,50,50,A,0,0,OPEN,,AVAIL,N,100
24BALDUE,GA8,GA7,1,50,50,A,0,0,OPEN,,AVAIL,N,100
24BALDUE,GA8,GA2,1,50,50,A,0,0,OPEN,,AVAIL,N,100
24BALDUE,GA8,GA5,1,50,50,A,0,0,OPEN,,AVAIL,N,100
24BALDUE,GA8,GA10,1,50,50,A,0,0,OPEN,,AVAIL,N,100
24BALDUE,GA8,GA8,1,50,50,A,0,0,OPEN,,AVAIL,N,100
24BALDUE,GA8,GA4,1,50,50,A,0,0,OPEN,,AVAIL,N,100
24BALDUE,GA8,GA3,1,50,50,A,0,0,OPEN,,AVAIL,N,100
24BALDUE,GA9,GA5,1,50,50,A,0,0,OPEN,,AVAIL,N,100
24BALDUE,GA9,GA10,1,50,50,A,0,0,OPEN,,AVAIL,N,100
24BALDUE,GA9,GA9,1,50,50,A,0,0,OPEN,,AVAIL,N,100
24BALDUE,GA9,GA3,1,50,50,A,0,0,OPEN,,AVAIL,N,100
24BALDUE,GA9,GA7,1,50,50,A,0,0,OPEN,,AVAIL,N,100
24BALDUE,GA9,GA6,1,50,50,A,0,0,OPEN,,AVAIL,N,100
24BALDUE,GA9,GA2,1,50,50,A,0,0,OPEN,,AVAIL,N,100
24BALDUE,GA9,GA1,1,50,50,A,0,0,OPEN,,AVAIL,N,100
24BALDUE,GA9,GA4,1,50,50,A,0,0,OPEN,,AVAIL,N,100
24BALDUE,GA9,GA8,1,50,50,A,0,0,OPEN,,AVAIL,N,100
24BALDUE,GA10,GA9,1,50,50,A,0,0,OPEN,,AVAIL,N,100
24BALDUE,GA10,GA5,1,50,50,A,0,0,OPEN,,AVAIL,N,100
24BALDUE,GA10,GA3,1,50,50,A,0,0,OPEN,,AVAIL,N,100
24BALDUE,GA10,GA4,1,50,50,A,0,0,OPEN,,AVAIL,N,100
24BALDUE,GA10,GA2,1,50,50,A,0,0,OPEN,,AVAIL,N,100
24BALDUE,GA10,GA6,1,50,50,A,0,0,OPEN,,AVAIL,N,100
24BALDUE,GA10,GA8,1,50,50,A,0,0,OPEN,,AVAIL,N,100
24BALDUE,GA10,GA7,1,50,50,A,0,0,OPEN,,AVAIL,N,100
24BALDUE,GA10,GA1,1,50,50,A,0,0,OPEN,,AVAIL,N,100
24BALDUE,GA10,GA10,1,50,50,A,0,0,OPEN,,AVAIL,N,100
24BALDUE,GA11,GA5,1,50,50,A,0,0,OPEN,,AVAIL,N,100
24BALDUE,GA11,GA1,1,50,50,A,0,0,OPEN,,AVAIL,N,100
24BALDUE,GA11,GA2,1,50,50,A,0,0,OPEN,,AVAIL,N,100
24BALDUE,GA11,GA4,1,50,50,A,0,0,OPEN,,AVAIL,N,100
24BALDUE,GA11,GA10,1,50,50,A,0,0,OPEN,,AVAIL,N,100
24BALDUE,GA11,GA8,1,50,50,A,0,0,OPEN,,AVAIL,N,100
24BALDUE,GA11,GA9,1,50,50,A,0,0,OPEN,,AVAIL,N,100
24BALDUE,GA11,GA7,1,50,50,A,0,0,OPEN,,AVAIL,N,100
24BALDUE,GA11,GA3,1,50,50,A,0,0,OPEN,,AVAIL,N,100
24BALDUE,GA11,GA6,1,50,50,A,0,0,OPEN,,AVAIL,N,100
24BALDUE,GA12,GA2,1,50,50,A,0,0,OPEN,,AVAIL,N,100
24BALDUE,GA12,GA1,1,50,50,A,0,0,OPEN,,AVAIL,N,100
24BALDUE,GA12,GA10,1,50,50,A,0,0,OPEN,,AVAIL,N,100
24BALDUE,GA12,GA8,1,50,50,A,0,0,OPEN,,AVAIL,N,100
24BALDUE,GA12,GA5,1,50,50,A,0,0,OPEN,,AVAIL,N,100
24BALDUE,GA12,GA3,1,50,50,A,0,0,OPEN,,AVAIL,N,100
24BALDUE,GA12,GA4,1,50,50,A,0,0,OPEN,,AVAIL,N,100
24BALDUE,GA12,GA6,1,50,50,A,0,0,OPEN,,AVAIL,N,100
24BALDUE,GA12,GA9,1,50,50,A,0,0,OPEN,,AVAIL,N,100
24BALDUE,GA12,GA7,1,50,50,A,0,0,OPEN,,AVAIL,N,100
24BALDUE,GA13,GA10,1,50,50,A,0,0,OPEN,,AVAIL,N,100
24BALDUE,GA13,GA6,1,50,50,A,0,0,OPEN,,AVAIL,N,100
24BALDUE,GA13,GA5,1,50,50,A,0,0,OPEN,,AVAIL,N,100
24BALDUE,GA13,GA8,1,50,50,A,0,0,OPEN,,AVAIL,N,100
24BALDUE,GA13,GA2,1,50,50,A,0,0,OPEN,,AVAIL,N,100
24BALDUE,GA13,GA1,1,50,50,A,0,0,OPEN,,AVAIL,N,100
24BALDUE,GA13,GA3,1,50,50,A,0,0,OPEN,,AVAIL,N,100
24BALDUE,GA13,GA9,1,50,50,A,0,0,OPEN,,AVAIL,N,100
24BALDUE,GA13,GA7,1,50,50,A,0,0,OPEN,,AVAIL,N,100
24BALDUE,GA13,GA4,1,50,50,A,0,0,OPEN,,AVAIL,N,100
24BALDUE,GA14,GA7,1,50,50,A,0,0,OPEN,,AVAIL,N,100
24BALDUE,GA14,GA5,1,50,50,A,0,0,OPEN,,AVAIL,N,100
24BALDUE,GA14,GA9,1,50,50,A,0,0,OPEN,,AVAIL,N,100
24BALDUE,GA14,GA4,1,50,50,A,0,0,OPEN,,AVAIL,N,100
24BALDUE,GA14,GA3,1,50,50,A,0,0,OPEN,,AVAIL,N,100
24BALDUE,GA14,GA10,1,50,50,A,0,0,OPEN,,AVAIL,N,100
24BALDUE,GA14,GA6,1,50,50,A,0,0,OPEN,,AVAIL,N,100
24BALDUE,GA14,GA1,1,50,50,A,0,0,OPEN,,AVAIL,N,100
24BALDUE,GA14,GA2,1,50,50,A,0,0,OPEN,,AVAIL,N,100
24BALDUE,GA14,GA8,1,50,50,A,0,0,OPEN,,AVAIL,N,100
24BALDUE,GA15,GA7,1,50,50,A,0,0,OPEN,,AVAIL,N,100
24BALDUE,GA15,GA6,1,50,50,A,0,0,OPEN,,AVAIL,N,100
24BALDUE,GA15,GA4,1,50,50,A,0,0,OPEN,,AVAIL,N,100
24BALDUE,GA15,GA1,1,50,50,A,0,0,OPEN,,AVAIL,N,100
24BALDUE,GA15,GA3,1,50,50,A,0,0,OPEN,,AVAIL,N,100
24BALDUE,GA15,GA9,1,50,50,A,0,0,OPEN,,AVAIL,N,100
24BALDUE,GA15,GA2,1,50,50,A,0,0,OPEN,,AVAIL,N,100
24BALDUE,GA15,GA8,1,50,50,A,0,0,OPEN,,AVAIL,N,100
24BALDUE,GA15,GA10,1,50,50,A,0,0,OPEN,,AVAIL,N,100
24BALDUE,GA15,GA5,1,50,50,A,0,0,OPEN,,AVAIL,N,100
24BALDUE,GA16,GA2,1,50,50,A,0,0,OPEN,,AVAIL,N,100
24BALDUE,GA16,GA3,1,50,50,A,0,0,OPEN,,AVAIL,N,100
24BALDUE,GA16,GA1,1,50,50,A,0,0,OPEN,,AVAIL,N,100
24BALDUE,GA16,GA7,1,50,50,A,0,0,OPEN,,AVAIL,N,100
24BALDUE,GA16,GA5,1,50,50,A,0,0,OPEN,,AVAIL,N,100
24BALDUE,GA16,GA10,1,50,50,A,0,0,OPEN,,AVAIL,N,100
24BALDUE,GA16,GA4,1,50,50,A,0,0,OPEN,,AVAIL,N,100
24BALDUE,GA16,GA6,1,50,50,A,0,0,OPEN,,AVAIL,N,100
24BALDUE,GA16,GA9,1,50,50,A,0,0,OPEN,,AVAIL,N,100
24BALDUE,GA16,GA8,1,50,50,A,0,0,OPEN,,AVAIL,N,100
24BALDUE,GA17,GA2,1,50,50,A,0,0,OPEN,,AVAIL,N,100
24BALDUE,GA17,GA4,1,50,50,A,0,0,OPEN,,AVAIL,N,100
24BALDUE,GA17,GA1,1,50,50,A,0,0,OPEN,,AVAIL,N,100
24BALDUE,GA17,GA9,1,50,50,A,0,0,OPEN,,AVAIL,N,100
24BALDUE,GA17,GA7,1,50,50,A,0,0,OPEN,,AVAIL,N,100
24BALDUE,GA17,GA5,1,50,50,A,0,0,OPEN,,AVAIL,N,100
24BALDUE,GA17,GA3,1,50,50,A,0,0,OPEN,,AVAIL,N,100
24BALDUE,GA17,GA6,1,50,50,A,0,0,OPEN,,AVAIL,N,100
24BALDUE,GA17,GA10,1,50,50,A,0,0,OPEN,,AVAIL,N,100
24BALDUE,GA17,GA8,1,50,50,A,0,0,OPEN,,AVAIL,N,100
24BALDUE,GA18,GA5,1,50,50,A,0,0,OPEN,,AVAIL,N,100
24BALDUE,GA18,GA9,1,50,50,A,0,0,OPEN,,AVAIL,N,100
24BALDUE,GA18,GA6,1,50,50,A,0,0,OPEN,,AVAIL,N,100
24BALDUE,GA18,GA10,1,50,50,A,0,0,OPEN,,AVAIL,N,100
24BALDUE,GA18,GA8,1,50,50,A,0,0,OPEN,,AVAIL,N,100
24BALDUE,GA18,GA4,1,50,50,A,0,0,OPEN,,AVAIL,N,100
24BALDUE,GA18,GA7,1,50,50,A,0,0,OPEN,,AVAIL,N,100
24BALDUE,GA18,GA1,1,50,50,A,0,0,OPEN,,AVAIL,N,100
24BALDUE,GA18,GA3,1,50,50,A,0,0,OPEN,,AVAIL,N,100
24BALDUE,GA18,GA2,1,50,50,A,0,0,OPEN,,AVAIL,N,100
24BALDUE,GA19,GA8,1,50,50,A,0,0,OPEN,,AVAIL,N,100
24BALDUE,GA19,GA1,1,50,50,A,0,0,OPEN,,AVAIL,N,100
24BALDUE,GA19,GA5,1,50,50,A,0,0,OPEN,,AVAIL,N,100
24BALDUE,GA19,GA3,1,50,50,A,0,0,OPEN,,AVAIL,N,100
24BALDUE,GA19,GA6,1,50,50,A,0,0,OPEN,,AVAIL,N,100
24BALDUE,GA19,GA9,1,50,50,A,0,0,OPEN,,AVAIL,N,100
24BALDUE,GA19,GA10,1,50,50,A,0,0,OPEN,,AVAIL,N,100
24BALDUE,GA19,GA7,1,50,50,A,0,0,OPEN,,AVAIL,N,100
24BALDUE,GA19,GA4,1,50,50,A,0,0,OPEN,,AVAIL,N,100
24BALDUE,GA19,GA2,1,50,50,A,0,0,OPEN,,AVAIL,N,100
24BALDUE,GA20,GA1,1,50,50,A,0,0,OPEN,,AVAIL,N,100
24BALDUE,GA20,GA3,1,50,50,A,0,0,OPEN,,AVAIL,N,100
24BALDUE,GA20,GA10,1,50,50,A,0,0,OPEN,,AVAIL,N,100
24BALDUE,GA20,GA4,1,50,50,A,0,0,OPEN,,AVAIL,N,100
24BALDUE,GA20,GA8,1,50,50,A,0,0,OPEN,,AVAIL,N,100
24BALDUE,GA20,GA6,1,50,50,A,0,0,OPEN,,AVAIL,N,100
24BALDUE,GA20,GA7,1,50,50,A,0,0,OPEN,,AVAIL,N,100
24BALDUE,GA20,GA5,1,50,50,A,0,0,OPEN,,AVAIL,N,100
24BALDUE,GA20,GA2,1,50,50,A,0,0,OPEN,,AVAIL,N,100
24BALDUE,GA20,GA9,1,50,50,A,0,0,OPEN,,AVAIL,N,100
24PDAY1,BARDWN,GA3,1,50,50,G,0,0,DOQ-BARDOWNHOLD,BARDOWNHOLD,AVAIL,N,350
24PDAY1,BARDWN,GA2,1,50,50,G,0,0,DOQ-BARDOWNHOLD,BARDOWNHOLD,AVAIL,N,350
24PDAY1,BARDWN,GA0,41,42,2,G,0,0,DOQ-BARDOWNHOLD,BARDOWNHOLD,AVAIL,N,350
24PDAY1,BARDWN,GA0,44,50,7,G,0,0,DOQ-BARDOWNHOLD,BARDOWNHOLD,AVAIL,N,350
24PDAY1,BARDWN,GA1,7,50,44,G,0,0,DOQ-BARDOWNHOLD,BARDOWNHOLD,AVAIL,N,350
24PDAY1,FLD1,A,29,30,2,A,0,0,BIZDEV,,AVAIL,N,10
24PDAY1,FLD1,A,11,11,1,A,0,0,DIST-OPEN,,AVAIL,N,10
24PDAY1,FLD2,A,15,16,2,A,0,0,MARKETING,,AVAIL,N,20
24PDAY1,NA,4,12,12,1,D,0,0,DIST-OPEN,,AVAIL,N,30
24PDAY1,NA,5,13,30,18,D,0,0,DIST-OPEN,,AVAIL,N,30
24PDAY1,NA,7,1,9,9,D,0,0,ACCT MANAGER,,AVAIL,N,30
24PDAY1,NA,11,1,34,34,D,0,0,DIST-OPEN,,AVAIL,N,30
24PDAY1,NA,4,25,36,12,D,0,0,ACCT MANAGER,,AVAIL,N,30
24PDAY1,NA,5,31,36,6,D,0,0,ACCT MANAGER,,AVAIL,N,30
24PDAY1,NA,19,19,34,16,E,0,0,DIST-OPEN,,AVAIL,N,40
24PDAY1,NA,7,16,21,6,D,0,0,DIST-OPEN,,AVAIL,N,30
24PDAY1,NA,8,30,31,2,D,0,0,DIST-OPEN,,AVAIL,N,30
24PDAY1,NA,23,1,36,36,E,0,0,ACCT MANAGER,,AVAIL,N,40
24PDAY1,NA,10,16,26,11,D,0,0,DIST-OPEN,,AVAIL,N,30
24PDAY1,NA,14,23,36,14,E,0,0,ACCT MANAGER,,AVAIL,N,40
24PDAY1,NA,1,1,36,36,D,0,0,OBSTRUCTED,,AVAIL,N,30
24PDAY1,NA,14,15,22,8,E,0,0,OWNERS PASS,,AVAIL,N,40
24PDAY1,NA,6,22,34,13,D,0,0,DIST-OPEN,,AVAIL,N,30
24PDAY1,NA,4,17,18,2,D,0,0,DIST-OPEN,,AVAIL,N,30
24PDAY1,NA,25,1,36,36,E,0,0,ACCT MANAGER,,AVAIL,N,40
24PDAY1,NA,13,13,36,24,E,0,0,ACCT MANAGER,,AVAIL,N,40
24PDAY1,NA,20,1,36,36,E,0,0,ACCT MANAGER,,AVAIL,N,40
24PDAY1,NA,24,1,36,36,E,0,0,ACCT MANAGER,,AVAIL,N,40
24PDAY1,NA,2,1,36,36,D,0,0,OBSTRUCTED,,AVAIL,N,30
24PDAY1,NA,22,22,36,15,E,0,0,ACCT MANAGER,,AVAIL,N,40
24PDAY1,NA,21,1,36,36,E,0,0,ACCT MANAGER,,AVAIL,N,40
24PDAY1,NA,3,1,36,36,D,0,0,OBSTRUCTED,,AVAIL,N,30
24PDAY1,NA,15,1,12,12,E,0,0,ACCT MANAGER,,AVAIL,N,40
24PDAY1,NA,16,1,4,4,E,0,0,ACCT MANAGER,,AVAIL,N,40
24PDAY1,NA,9,11,21,11,D,0,0,DIST-OPEN,,AVAIL,N,30
24PDAY1,NA,6,1,6,6,D,0,0,ACCT MANAGER,,AVAIL,N,30
24PDAY1,NA,12,1,34,34,D,0,0,DIST-OPEN,,AVAIL,N,30
24PDAY1,NB,3,1,37,37,D,0,0,OBSTRUCTED,,AVAIL,N,50
24PDAY1,NB,15,21,34,14,E,0,0,ACCT MANAGER,,AVAIL,N,60
24PDAY1,NB,17,16,17,2,E,0,0,DIST-OPEN,,AVAIL,N,60
24PDAY1,NB,10,31,31,1,D,0,0,DIST-OPEN,,AVAIL,N,50
24PDAY1,NB,8,21,35,15,D,0,0,ACCT MANAGER,,AVAIL,N,50
24PDAY1,NB,6,26,35,10,D,0,0,ACCT MANAGER,,AVAIL,N,50
24PDAY1,NB,18,11,13,3,E,0,0,DIST-OPEN,,AVAIL,N,60
24PDAY1,NB,18,16,20,5,E,0,0,DIST-OPEN,,AVAIL,N,60
24PDAY1,NB,18,21,35,15,E,0,0,ACCT MANAGER,,AVAIL,N,60
24PDAY1,NB,23,31,33,3,E,0,0,PLAYERS,,AVAIL,N,60
24PDAY1,NB,20,26,37,12,E,0,0,ACCT MANAGER,,AVAIL,N,60
24PDAY1,NB,21,18,37,20,E,0,0,ACCT MANAGER,,AVAIL,N,60
24PDAY1,NB,12,9,10,2,D,0,0,DOQ-VETTX1HOLD,VETTX1HOLD,AVAIL,N,50
24PDAY1,NB,22,2,2,1,E,0,0,DIST-OPEN,,AVAIL,N,60
24PDAY1,NB,10,28,28,1,D,0,0,DIST-OPEN,,AVAIL,N,50
24PDAY1,NB,19,14,15,2,E,0,0,DIST-OPEN,,AVAIL,N,60
24PDAY1,NB,10,36,37,2,D,0,0,ACCT MANAGER,,AVAIL,N,50
24PDAY1,NB,12,17,23,7,D,0,0,DIST-OPEN,,AVAIL,N,50
24PDAY1,NB,5,21,35,15,D,0,0,ACCT MANAGER,,AVAIL,N,50
24PDAY1,NB,17,21,37,17,E,0,0,ACCT MANAGER,,AVAIL,N,60
24PDAY1,NB,1,1,37,37,D,0,0,OBSTRUCTED,,AVAIL,N,50
24PDAY1,NB,21,8,15,8,E,0,0,DOQ-VETTX1HOLD,VETTX1HOLD,AVAIL,N,60
24PDAY1,NB,2,1,37,37,D,0,0,OBSTRUCTED,,AVAIL,N,50
24PDAY1,NB,24,31,31,1,E,0,0,PLAYERS,,AVAIL,N,60
24PDAY1,NB,16,31,37,7,E,0,0,ACCT MANAGER,,AVAIL,N,60
24PDAY1,NB,20,5,15,11,E,0,0,DIST-OPEN,,AVAIL,N,60
24PDAY1,NB,7,32,35,4,D,0,0,ACCT MANAGER,,AVAIL,N,50
24PDAY1,NB,9,31,37,7,D,0,0,ACCT MANAGER,,AVAIL,N,50
24PDAY1,NB,4,21,35,15,D,0,0,ACCT MANAGER,,AVAIL,N,50
24PDAY1,NB,16,17,17,1,E,0,0,DIST-OPEN,,AVAIL,N,60
24PDAY1,NB,19,32,33,2,E,0,0,ACCT MANAGER,,AVAIL,N,60
24PDAY1,NB,22,4,18,15,E,0,0,DOQ-VETTX1HOLD,VETTX1HOLD,AVAIL,N,60
24PDAY1,NB,15,20,20,1,E,0,0,DIST-OPEN,,AVAIL,N,60
24PDAY1,NC,16,1,10,10,C,0,0,ACCT MANAGER,,AVAIL,N,80
24PDAY1,NC,6,5,13,9,B,0,0,ACCT MANAGER,,AVAIL,N,70
24PDAY1,NC,25,29,35,7,C,0,0,DIST-OPEN,,AVAIL,N,80
24PDAY1,NC,11,26,28,3,B,0,0,ACCT MANAGER,,AVAIL,N,70
24PDAY1,NC,9,26,37,12,B,0,0,ACCT MANAGER,,AVAIL,N,70
24PDAY1,NC,8,21,28,8,B,0,0,ACCT MANAGER,,AVAIL,N,70
24PDAY1,NC,7,25,28,4,B,0,0,ACCT MANAGER,,AVAIL,N,70
24PDAY1,NC,5,25,37,13,B,0,0,OBSTRUCTED,,AVAIL,N,70
24PDAY1,NC,15,1,10,10,C,0,0,ACCT MANAGER,,AVAIL,N,80
24PDAY1,NC,7,5,11,7,B,0,0,ACCT MANAGER,,AVAIL,N,70
24PDAY1,NC,14,3,10,8,C,0,0,OWNERS PASS,,AVAIL,N,80
24PDAY1,NC,10,17,25,9,B,0,0,DIST-OPEN,,AVAIL,N,70
24PDAY1,NC,13,4,4,1,C,0,0,DIST-OPEN,,AVAIL,N,80
24PDAY1,NC,8,1,20,20,B,0,0,BIZDEV,,AVAIL,N,70
24PDAY1,NC,2,25,37,13,B,0,0,OBSTRUCTED,,AVAIL,N,70
24PDAY1,NC,5,1,13,13,B,0,0,OBSTRUCTED,,AVAIL,N,70
24PDAY1,NC,6,35,37,3,B,0,0,BIZDEV,,AVAIL,N,70
24PDAY1,NC,11,31,37,7,B,0,0,ACCT MANAGER,,AVAIL,N,70
24PDAY1,NC,25,4,9,6,C,0,0,DIST-OPEN,,AVAIL,N,80
24PDAY1,NC,22,18,33,16,C,0,0,DIST-OPEN,,AVAIL,N,80
24PDAY1,NC,12,5,23,19,B,0,0,DIST-OPEN,,AVAIL,N,70
24PDAY1,NC,3,25,37,13,B,0,0,OBSTRUCTED,,AVAIL,N,70
24PDAY1,NC,15,32,32,1,C,0,0,DIST-OPEN,,AVAIL,N,80
24PDAY1,NC,13,16,17,2,C,0,0,DIST-OPEN,,AVAIL,N,80
24PDAY1,NC,8,29,37,9,B,0,0,JARED,,AVAIL,N,70
24PDAY1,NC,4,25,37,13,B,0,0,OBSTRUCTED,,AVAIL,N,70
24PDAY1,NC,7,29,37,9,B,0,0,JARED,,AVAIL,N,70
24PDAY1,NC,9,25,25,1,B,0,0,DIST-OPEN,,AVAIL,N,70
24PDAY1,NC,11,3,25,23,B,0,0,DIST-OPEN,,AVAIL,N,70
24PDAY1,NC,4,1,13,13,B,0,0,OBSTRUCTED,,AVAIL,N,70
24PDAY1,NC,16,19,20,2,C,0,0,DIST-OPEN,,AVAIL,N,80
24PDAY1,NC,23,30,35,6,C,0,0,DIST-OPEN,,AVAIL,N,80
24PDAY1,NC,22,3,14,12,C,0,0,DIST-OPEN,,AVAIL,N,80
24PDAY1,NC,14,18,20,3,C,0,0,DIST-OPEN,,AVAIL,N,80
24PDAY1,NC,13,26,35,10,C,0,0,ACCT MANAGER,,AVAIL,N,80
24PDAY1,NC,2,1,13,13,B,0,0,OBSTRUCTED,,AVAIL,N,70
24PDAY1,NC,10,26,37,12,B,0,0,ACCT MANAGER,,AVAIL,N,70
24PDAY1,NC,17,1,10,10,C,0,0,ACCT MANAGER,,AVAIL,N,80
24PDAY1,NC,1,1,13,13,B,0,0,OBSTRUCTED,,AVAIL,N,70
24PDAY1,NC,1,25,35,11,B,0,0,OBSTRUCTED,,AVAIL,N,70
24PDAY1,NC,23,9,12,4,C,0,0,DIST-OPEN,,AVAIL,N,80
24PDAY1,NC,3,1,13,13,B,0,0,OBSTRUCTED,,AVAIL,N,70
24PDAY1,NC,18,1,10,10,C,0,0,ACCT MANAGER,,AVAIL,N,80
24PDAY1,NC,12,26,37,12,B,0,0,ACCT MANAGER,,AVAIL,N,70
24PDAY1,NC,24,6,12,7,C,0,0,DIST-OPEN,,AVAIL,N,80
24PDAY1,ND,12,28,29,2,B,0,0,DIST-OPEN,,AVAIL,N,90
24PDAY1,ND,3,1,37,37,B,0,0,OBSTRUCTED,,AVAIL,N,90
24PDAY1,ND,1,1,37,37,B,0,0,OBSTRUCTED,,AVAIL,N,90
24PDAY1,ND,8,5,17,13,B,0,0,ACCT MANAGER,,AVAIL,N,90
24PDAY1,ND,22,27,27,1,C,0,0,DIST-OPEN,,AVAIL,N,100
24PDAY1,ND,21,27,27,1,C,0,0,DIST-OPEN,,AVAIL,N,100
24PDAY1,ND,13,32,33,2,C,0,0,ACCT MANAGER,,AVAIL,N,100
24PDAY1,ND,16,14,14,1,C,0,0,DIST-OPEN,,AVAIL,N,100
24PDAY1,ND,4,5,32,28,B,0,0,OBSTRUCTED,,AVAIL,N,90
24PDAY1,ND,25,11,12,2,C,0,0,DIST-OPEN,,AVAIL,N,100
24PDAY1,ND,6,30,30,1,B,0,0,ACCT MANAGER,,AVAIL,N,90
24PDAY1,ND,2,1,37,37,B,0,0,OBSTRUCTED,,AVAIL,N,90
24PDAY1,ND,5,1,2,2,B,0,0,ACCT MANAGER,,AVAIL,N,90
24PDAY1,ND,12,24,25,2,B,0,0,DIST-OPEN,,AVAIL,N,90
24PDAY1,ND,8,24,31,8,B,0,0,ACCT MANAGER,,AVAIL,N,90
24PDAY1,ND,7,21,31,11,B,0,0,ACCT MANAGER,,AVAIL,N,90
24PDAY1,ND,23,8,25,18,C,0,0,DIST-OPEN,,AVAIL,N,100
24PDAY1,ND,12,16,17,2,B,0,0,DIST-OPEN,,AVAIL,N,90
24PDAY1,ND,6,24,25,2,B,0,0,ACCT MANAGER,,AVAIL,N,90
24PDAY1,ND,23,29,30,2,C,0,0,DIST-OPEN,,AVAIL,N,100
24PDAY1,ND,5,3,37,35,B,0,0,OBSTRUCTED,,AVAIL,N,90
24PDAY1,ND,21,33,33,1,C,0,0,DIST-OPEN,,AVAIL,N,100
24PDAY1,ND,7,5,18,14,B,0,0,ACCT MANAGER,,AVAIL,N,90
24PDAY1,ND,25,32,32,1,C,0,0,DIST-OPEN,,AVAIL,N,100
24PDAY1,ND,6,12,15,4,B,0,0,ACCT MANAGER,,AVAIL,N,90
24PDAY1,ND,11,19,19,1,B,0,0,DIST-OPEN,,AVAIL,N,90
24PDAY1,ND,25,27,28,2,C,0,0,DIST-OPEN,,AVAIL,N,100
24PDAY1,NE,1,1,36,36,B,0,0,OBSTRUCTED,,AVAIL,N,110
24PDAY1,NE,8,3,15,13,B,0,0,ACCT MANAGER,,AVAIL,N,110
24PDAY1,NE,7,3,15,13,B,0,0,ACCT MANAGER,,AVAIL,N,110
24PDAY1,NE,25,16,19,4,C,0,0,DIST-OPEN,,AVAIL,N,120
24PDAY1,NE,19,35,35,1,C,0,0,PLAYERS,,AVAIL,N,120
24PDAY1,NE,6,11,19,9,B,0,0,ACCT MANAGER,,AVAIL,N,110
24PDAY1,NE,15,5,6,2,C,0,0,ACCT MANAGER,,AVAIL,N,120
24PDAY1,NE,5,8,36,29,B,0,0,OBSTRUCTED,,AVAIL,N,110
24PDAY1,NE,23,10,36,27,C,0,0,PLAYERS,,AVAIL,N,120
24PDAY1,NE,24,1,15,15,C,0,0,DOQ-VETTX1HOLD,VETTX1HOLD,AVAIL,N,120
24PDAY1,NE,4,4,34,31,B,0,0,OBSTRUCTED,,AVAIL,N,110
24PDAY1,NE,22,31,36,6,C,0,0,PLAYERS,,AVAIL,N,120
24PDAY1,NE,18,6,16,11,C,0,0,ACCT MANAGER,,AVAIL,N,120
24PDAY1,NE,13,16,16,1,C,0,0,DIST-OPEN,,AVAIL,N,120
24PDAY1,NE,18,27,29,3,C,0,0,DIST-OPEN,,AVAIL,N,120
24PDAY1,NE,16,6,11,6,C,0,0,ACCT MANAGER,,AVAIL,N,120
24PDAY1,NE,9,3,15,13,B,0,0,ACCT MANAGER,,AVAIL,N,110
24PDAY1,NE,6,22,28,7,B,0,0,ACCT MANAGER,,AVAIL,N,110
24PDAY1,NE,10,26,36,11,B,0,0,ACCT MANAGER,,AVAIL,N,110
24PDAY1,NE,24,24,25,2,C,0,0,DIST-OPEN,,AVAIL,N,120
24PDAY1,NE,12,13,17,5,B,0,0,DIST-OPEN,,AVAIL,N,110
24PDAY1,NE,25,1,15,15,C,0,0,DOQ-VETTX1HOLD,VETTX1HOLD,AVAIL,N,120
24PDAY1,NE,25,22,33,12,C,0,0,DIST-OPEN,,AVAIL,N,120
24PDAY1,NE,3,1,36,36,B,0,0,OBSTRUCTED,,AVAIL,N,110
24PDAY1,NE,14,11,16,6,C,0,0,ACCT MANAGER,,AVAIL,N,120
24PDAY1,NE,20,21,22,2,C,0,0,PLAYERS,,AVAIL,N,120
24PDAY1,NE,12,26,36,11,B,0,0,ACCT MANAGER,,AVAIL,N,110
24PDAY1,NE,11,24,25,2,B,0,0,DIST-OPEN,,AVAIL,N,110
24PDAY1,NE,11,26,36,11,B,0,0,ACCT MANAGER,,AVAIL,N,110
24PDAY1,NE,13,26,32,7,C,0,0,ACCT MANAGER,,AVAIL,N,120
24PDAY1,NE,2,1,36,36,B,0,0,OBSTRUCTED,,AVAIL,N,110
24PDAY1,NE,17,7,11,5,C,0,0,ACCT MANAGER,,AVAIL,N,120
24PDAY1,NF,8,12,12,1,H,0,0,DOQ-SUPPORTERHOLD,SUPPORTERHOLD,AVAIL,N,130
24PDAY1,NF,16,21,37,17,I,0,0,DOQ-SUPPORTERHOLD,SUPPORTERHOLD,AVAIL,N,140
24PDAY1,NF,7,7,8,2,H,0,0,SUPPORTERS,,AVAIL,N,130
24PDAY1,NF,18,1,37,37,I,0,0,SUPPORTERS,,AVAIL,N,140
24PDAY1,NF,4,16,37,22,H,0,0,OBSTRUCTED,,AVAIL,N,130
24PDAY1,NF,3,1,37,37,H,0,0,OBSTRUCTED,,AVAIL,N,130
24PDAY1,NF,8,25,37,13,H,0,0,DIST-OPEN,,AVAIL,N,130
24PDAY1,NF,12,21,22,2,H,0,0,DOQ-SUPPORTERHOLD,SUPPORTERHOLD,AVAIL,N,130
24PDAY1,NF,11,23,37,15,H,0,0,SUPPORTERS,,AVAIL,N,130
24PDAY1,NF,9,8,12,5,H,0,0,DOQ-SUPPORTERHOLD,SUPPORTERHOLD,AVAIL,N,130
24PDAY1,NF,25,21,37,17,I,0,0,SUPPORTERS,,AVAIL,N,140
24PDAY1,NF,2,1,37,37,H,0,0,OBSTRUCTED,,AVAIL,N,130
24PDAY1,NF,14,24,37,14,I,0,0,DOQ-SUPPORTERHOLD,SUPPORTERHOLD,AVAIL,N,140
24PDAY1,NF,23,1,37,37,I,0,0,SUPPORTERS,,AVAIL,N,140
24PDAY1,NF,10,26,37,12,H,0,0,DIST-OPEN,,AVAIL,N,130
24PDAY1,NF,19,1,37,37,I,0,0,SUPPORTERS,,AVAIL,N,140
24PDAY1,NF,1,1,37,37,H,0,0,OBSTRUCTED,,AVAIL,N,130
24PDAY1,NF,8,21,24,4,H,0,0,DOQ-SUPPORTERHOLD,SUPPORTERHOLD,AVAIL,N,130
24PDAY1,NF,12,23,37,15,H,0,0,SUPPORTERS,,AVAIL,N,130
24PDAY1,NF,24,3,18,16,I,0,0,SUPPORTERS,,AVAIL,N,140
24PDAY1,NF,22,18,37,20,I,0,0,SUPPORTERS,,AVAIL,N,140
24PDAY1,NF,17,1,37,37,I,0,0,SUPPORTERS,,AVAIL,N,140
24PDAY1,NF,20,1,37,37,I,0,0,SUPPORTERS,,AVAIL,N,140
24PDAY1,NF,6,1,37,37,H,0,0,SUPPORTHOLD,,AVAIL,N,130
24PDAY1,NF,11,5,14,10,H,0,0,DOQ-SUPPORTERHOLD,SUPPORTERHOLD,AVAIL,N,130
24PDAY1,NF,13,5,12,8,I,0,0,SUPPORTERS,,AVAIL,N,140
24PDAY1,NF,14,21,21,1,I,0,0,DOQ-SUPPORTERHOLD,SUPPORTERHOLD,AVAIL,N,140
24PDAY1,NF,11,21,22,2,H,0,0,DOQ-SUPPORTERHOLD,SUPPORTERHOLD,AVAIL,N,130
24PDAY1,NF,15,23,37,15,I,0,0,DOQ-SUPPORTERHOLD,SUPPORTERHOLD,AVAIL,N,140
24PDAY1,NF,16,7,15,9,I,0,0,DOQ-SUPPORTERHOLD,SUPPORTERHOLD,AVAIL,N,140
24PDAY1,NF,14,12,14,3,I,0,0,DOQ-SUPPORTERHOLD,SUPPORTERHOLD,AVAIL,N,140
24PDAY1,NF,24,21,37,17,I,0,0,SUPPORTERS,,AVAIL,N,140
24PDAY1,NF,9,13,14,2,H,0,0,DIST-OPEN,,AVAIL,N,130
24PDAY1,NF,10,5,6,2,H,0,0,DOQ-SUPPORTERHOLD,SUPPORTERHOLD,AVAIL,N,130
24PDAY1,NF,13,35,37,3,I,0,0,DOQ-SUPPORTERHOLD,SUPPORTERHOLD,AVAIL,N,140
24PDAY1,NF,21,1,37,37,I,0,0,SUPPORTERS,,AVAIL,N,140
24PDAY1,NF,4,3,15,13,H,0,0,SUPPORTHOLD,,AVAIL,N,130
24PDAY1,NF,22,1,15,15,I,0,0,SUPPORTERS,,AVAIL,N,140
24PDAY1,NF,25,5,17,13,I,0,0,SUPPORTERS,,AVAIL,N,140
24PDAY1,NF,7,29,35,7,H,0,0,SUPPORTERS,,AVAIL,N,130
24PDAY1,NF,13,1,1,1,I,0,0,SUPPORTERS,,AVAIL,N,140
24PDAY1,NF,15,6,16,11,I,0,0,DOQ-SUPPORTERHOLD,SUPPORTERHOLD,AVAIL,N,140
24PDAY1,NF,25,1,3,3,I,0,0,SUPPORTERS,,AVAIL,N,140
24PDAY1,NF,13,15,16,2,I,0,0,SUPPORTERS,,AVAIL,N,140
24PDAY1,NF,9,29,37,9,H,0,0,DIST-OPEN,,AVAIL,N,130
24PDAY1,NF,5,1,13,13,H,0,0,SUPPORTHOLD,,AVAIL,N,130
24PDAY1,NF,7,5,5,1,H,0,0,SUPPORTERS,,AVAIL,N,130
24PDAY1,NF,10,9,15,7,H,0,0,DOQ-SUPPORTERHOLD,SUPPORTERHOLD,AVAIL,N,130
24PDAY1,NF,5,19,37,19,H,0,0,OBSTRUCTED,,AVAIL,N,130
24PDAY1,NF,7,12,12,1,H,0,0,SUPPORTERS,,AVAIL,N,130
24PDAY1,NF,9,21,28,8,H,0,0,DOQ-SUPPORTERHOLD,SUPPORTERHOLD,AVAIL,N,130
24PDAY1,NG,2,1,37,37,F,0,0,OBSTRUCTED,,AVAIL,N,150
24PDAY1,NG,19,1,12,12,F,0,0,DOQ-VETTX1HOLD,VETTX1HOLD,AVAIL,N,160
24PDAY1,NG,4,19,37,19,F,0,0,OBSTRUCTED,,AVAIL,N,150
24PDAY1,NG,13,1,15,15,F,0,0,ACCT MANAGER,,AVAIL,N,160
24PDAY1,NG,11,7,8,2,F,0,0,OWNERS PASS,,AVAIL,N,150
24PDAY1,NG,10,34,37,4,F,0,0,ACCT MANAGER,,AVAIL,N,150
24PDAY1,NG,12,7,15,9,F,0,0,ACCT MANAGER,,AVAIL,N,150
24PDAY1,NG,19,18,37,20,F,0,0,DIST-OPEN,,AVAIL,N,160
24PDAY1,NG,18,25,37,13,F,0,0,DIST-OPEN,,AVAIL,N,160
24PDAY1,NG,25,13,15,3,F,0,0,DIST-OPEN,,AVAIL,N,160
24PDAY1,NG,25,24,34,11,F,0,0,DIST-OPEN,,AVAIL,N,160
24PDAY1,NG,23,20,37,18,F,0,0,DIST-OPEN,,AVAIL,N,160
24PDAY1,NG,4,1,15,15,F,0,0,OBSTRUCTED,,AVAIL,N,150
24PDAY1,NG,20,13,37,25,F,0,0,DIST-OPEN,,AVAIL,N,160
24PDAY1,NG,8,25,37,13,F,0,0,ACCT MANAGER,,AVAIL,N,150
24PDAY1,NG,9,21,33,13,F,0,0,ACCT MANAGER,,AVAIL,N,150
24PDAY1,NG,25,1,10,10,F,0,0,DIST-OPEN,,AVAIL,N,160
24PDAY1,NG,1,1,37,37,F,0,0,OBSTRUCTED,,AVAIL,N,150
24PDAY1,NG,20,1,12,12,F,0,0,DOQ-VETTX1HOLD,VETTX1HOLD,AVAIL,N,160
24PDAY1,NG,21,1,12,12,F,0,0,DOQ-VETTX1HOLD,VETTX1HOLD,AVAIL,N,160
24PDAY1,NG,14,8,15,8,F,0,0,ACCT MANAGER,,AVAIL,N,160
24PDAY1,NG,6,1,37,37,F,0,0,OBSTRUCTED,,AVAIL,N,150
24PDAY1,NG,21,20,37,18,F,0,0,DIST-OPEN,,AVAIL,N,160
24PDAY1,NG,25,36,37,2,F,0,0,DIST-OPEN,,AVAIL,N,160
24PDAY1,NG,10,21,27,7,F,0,0,ACCT MANAGER,,AVAIL,N,150
24PDAY1,NG,22,1,17,17,F,0,0,DIST-OPEN,,AVAIL,N,160
24PDAY1,NG,5,14,16,3,F,0,0,ACCT MANAGER,,AVAIL,N,150
24PDAY1,NG,5,1,13,13,F,0,0,OBSTRUCTED,,AVAIL,N,150
24PDAY1,NG,7,33,37,5,F,0,0,ACCT MANAGER,,AVAIL,N,150
24PDAY1,NG,24,20,37,18,F,0,0,DIST-OPEN,,AVAIL,N,160
24PDAY1,NG,5,19,37,19,F,0,0,OBSTRUCTED,,AVAIL,N,150
24PDAY1,NG,3,1,37,37,F,0,0,OBSTRUCTED,,AVAIL,N,150
24PDAY1,SA,20,31,31,1,E,0,0,PLAYERS,,AVAIL,N,180
24PDAY1,SA,22,1,36,36,E,0,0,GROUP,,AVAIL,N,180
24PDAY1,SA,21,3,36,34,E,0,0,GROUP,,AVAIL,N,180
24PDAY1,SA,6,1,6,6,D,0,0,OWNERS PASS,,AVAIL,N,170
24PDAY1,SA,20,1,4,4,E,0,0,PLAYERS,,AVAIL,N,180
24PDAY1,SB,22,1,37,37,E,0,0,GROUP,,AVAIL,N,200
24PDAY1,SB,15,1,8,8,E,0,0,OWNERS PASS,,AVAIL,N,200
24PDAY1,SB,21,1,37,37,E,0,0,GROUP,,AVAIL,N,200
24PDAY1,SB,17,1,2,2,E,0,0,ACCT MANAGER,,AVAIL,N,200
24PDAY1,SB,20,1,37,37,E,0,0,GROUP,,AVAIL,N,200
24PDAY1,SB,18,4,37,34,E,0,0,GROUP,,AVAIL,N,200
24PDAY1,SB,19,1,37,37,E,0,0,GROUP,,AVAIL,N,200
24PDAY1,SC,10,1,6,6,B,0,0,BIZDEV,,AVAIL,N,220
24PDAY1,SC,11,1,6,6,B,0,0,BIZDEV,,AVAIL,N,220
24PDAY1,SC,13,1,5,5,C,0,0,ACCT MANAGER,,AVAIL,N,230
24PDAY1,SC,ADA,1,12,12,B,0,0,ADA,,AVAIL,N,210
24PDAY1,SD,11,17,18,2,B,0,0,ACCT MANAGER,,AVAIL,N,240
24PDAY1,SD,18,1,4,4,C,0,0,OWNERS PASS,,AVAIL,N,250
24PDAY1,SD,18,7,8,2,C,0,0,OWNERS PASS,,AVAIL,N,250
24PDAY1,SD,12,18,37,20,C,0,0,BIZDEV,,AVAIL,N,250
24PDAY1,SE,6,22,36,15,B,0,0,BIZDEV,,AVAIL,N,260
24PDAY1,SF,21,21,33,13,E,0,0,GROUP,,AVAIL,N,290
24PDAY1,SF,2,1,3,3,D,0,0,ACCT MANAGER,,AVAIL,N,280
24PDAY1,SF,3,1,4,4,D,0,0,LOGITIX,,AVAIL,N,280
24PDAY1,SF,23,1,18,18,E,0,0,GROUP,,AVAIL,N,300
24PDAY1,SF,22,21,39,19,E,0,0,GROUP,,AVAIL,N,300
24PDAY1,SF,21,1,18,18,E,0,0,GROUP,,AVAIL,N,290
24PDAY1,SF,21,38,39,2,E,0,0,GROUP,,AVAIL,N,290
24PDAY1,SF,25,21,39,19,E,0,0,GROUP,,AVAIL,N,300
24PDAY1,SF,22,1,18,18,E,0,0,GROUP,,AVAIL,N,300
24PDAY1,SF,25,1,18,18,E,0,0,GROUP,,AVAIL,N,300
24PDAY1,SF,24,21,39,19,E,0,0,GROUP,,AVAIL,N,300
24PDAY1,SF,23,21,39,19,E,0,0,GROUP,,AVAIL,N,300
24PDAY1,SF,24,1,18,18,E,0,0,GROUP,,AVAIL,N,300
24PDAY1,STE1,GA0,11,25,15,J,0,0,SUITES,,AVAIL,N,100
24PDAY1,STE3,GA0,12,25,14,J,0,0,SUITES,,AVAIL,N,100
24PDAY1,STE4,GA0,21,25,5,J,0,0,SUITES,,AVAIL,N,100
24PDAY1,STE5,GA0,1,25,25,J,0,0,SUITES,,AVAIL,N,100
24PDAY1,STE6,GA0,1,25,25,J,0,0,SUITES,,AVAIL,N,100
24PDAY2,BARDWN,GA3,1,50,50,G,0,0,DOQ-BARDOWNHOLD,BARDOWNHOLD,AVAIL,N,350
24PDAY2,BARDWN,GA2,1,50,50,G,0,0,DOQ-BARDOWNHOLD,BARDOWNHOLD,AVAIL,N,350
24PDAY2,BARDWN,GA1,1,50,50,G,0,0,DOQ-BARDOWNHOLD,BARDOWNHOLD,AVAIL,N,350
24PDAY2,BARDWN,GA0,21,50,30,G,0,0,DOQ-BARDOWNHOLD,BARDOWNHOLD,AVAIL,N,350
24PDAY2,FLD1,A,6,6,1,A,0,0,DIST-OPEN,,AVAIL,N,10
24PDAY2,FLD1,A,1,2,2,A,0,0,DIST-OPEN,,AVAIL,N,10
24PDAY2,FLD1,A,29,30,2,A,0,0,BIZDEV,,AVAIL,N,10
24PDAY2,NA,22,22,27,6,E,0,0,DIST-OPEN,,AVAIL,N,40
24PDAY2,NA,16,9,9,1,E,0,0,DIST-OPEN,,AVAIL,N,40
24PDAY2,NA,11,14,36,23,D,0,0,DIST-OPEN,,AVAIL,N,30
24PDAY2,NA,2,1,36,36,D,0,0,OBSTRUCTED,,AVAIL,N,30
24PDAY2,NA,1,2,36,35,D,0,0,OBSTRUCTED,,AVAIL,N,30
24PDAY2,NA,6,1,6,6,D,0,0,OBSTRUCTED,,AVAIL,N,30
24PDAY2,NA,21,1,36,36,E,0,0,ACCT MANAGER,,AVAIL,N,40
24PDAY2,NA,24,15,36,22,E,0,0,DIST-OPEN,,AVAIL,N,40
24PDAY2,NA,20,1,36,36,E,0,0,ACCT MANAGER,,AVAIL,N,40
24PDAY2,NA,12,28,36,9,D,0,0,DIST-OPEN,,AVAIL,N,30
24PDAY2,NA,14,23,36,14,E,0,0,DIST-OPEN,,AVAIL,N,40
24PDAY2,NA,15,1,12,12,E,0,0,DIST-OPEN,,AVAIL,N,40
24PDAY2,NA,24,1,14,14,E,0,0,ACCT MANAGER,,AVAIL,N,40
24PDAY2,NA,14,19,22,4,E,0,0,OWNERS PASS,,AVAIL,N,40
24PDAY2,NA,10,12,25,14,D,0,0,DIST-OPEN,,AVAIL,N,30
24PDAY2,NA,7,1,9,9,D,0,0,OBSTRUCTED,,AVAIL,N,30
24PDAY2,NA,13,27,36,10,E,0,0,DIST-OPEN,,AVAIL,N,40
24PDAY2,NA,25,1,36,36,E,0,0,DIST-OPEN,,AVAIL,N,40
24PDAY2,NA,22,28,36,9,E,0,0,ACCT MANAGER,,AVAIL,N,40
24PDAY2,NA,23,11,36,26,E,0,0,ACCT MANAGER,,AVAIL,N,40
24PDAY2,NA,14,13,14,2,E,0,0,OWNERS PASS,,AVAIL,N,40
24PDAY2,NA,9,9,11,3,D,0,0,DIST-OPEN,,AVAIL,N,30
24PDAY2,NA,8,22,31,10,D,0,0,DIST-OPEN,,AVAIL,N,30
24PDAY2,NA,3,1,36,36,D,0,0,OBSTRUCTED,,AVAIL,N,30
24PDAY2,NA,18,20,20,1,E,0,0,DOQ-VETTX1HOLD,VETTX1HOLD,AVAIL,N,40
24PDAY2,NA,5,31,36,6,D,0,0,OBSTRUCTED,,AVAIL,N,30
24PDAY2,NA,16,11,11,1,E,0,0,DIST-OPEN,,AVAIL,N,40
24PDAY2,NA,16,1,4,4,E,0,0,DIST-OPEN,,AVAIL,N,40
24PDAY2,NA,5,6,7,2,D,0,0,OBSTRUCTED,,AVAIL,N,30
24PDAY2,NA,4,25,36,12,D,0,0,OBSTRUCTED,,AVAIL,N,30
24PDAY2,NA,23,1,10,10,E,0,0,DIST-OPEN,,AVAIL,N,40
24PDAY2,NB,15,14,14,1,E,0,0,DIST-OPEN,,AVAIL,N,60
24PDAY2,NB,7,34,35,2,D,0,0,DIST-OPEN,,AVAIL,N,50
24PDAY2,NB,2,1,37,37,D,0,0,OBSTRUCTED,,AVAIL,N,50
24PDAY2,NB,9,31,35,5,D,0,0,DIST-OPEN,,AVAIL,N,50
24PDAY2,NB,1,1,37,37,D,0,0,OBSTRUCTED,,AVAIL,N,50
24PDAY2,NB,15,27,28,2,E,0,0,DIST-OPEN,,AVAIL,N,60
24PDAY2,NB,13,22,22,1,E,0,0,DIST-OPEN,,AVAIL,N,60
24PDAY2,NB,19,32,33,2,E,0,0,DIST-OPEN,,AVAIL,N,60
24PDAY2,NB,4,31,31,1,D,0,0,DIST-OPEN,,AVAIL,N,50
24PDAY2,NB,8,23,26,4,D,0,0,DIST-OPEN,,AVAIL,N,50
24PDAY2,NB,21,27,37,11,E,0,0,DIST-OPEN,,AVAIL,N,60
24PDAY2,NB,20,6,7,2,E,0,0,DIST-OPEN,,AVAIL,N,60
24PDAY2,NB,18,22,24,3,E,0,0,DIST-OPEN,,AVAIL,N,60
24PDAY2,NB,24,33,35,3,E,0,0,DIST-OPEN,,AVAIL,N,60
24PDAY2,NB,23,23,34,12,E,0,0,DIST-OPEN,,AVAIL,N,60
24PDAY2,NB,20,30,31,2,E,0,0,DIST-OPEN,,AVAIL,N,60
24PDAY2,NB,3,1,37,37,D,0,0,OBSTRUCTED,,AVAIL,N,50
24PDAY2,NB,25,21,34,14,E,0,0,DIST-OPEN,,AVAIL,N,60
24PDAY2,NC,25,6,9,4,C,0,0,DIST-OPEN,,AVAIL,N,80
24PDAY2,NC,10,17,17,1,B,0,0,DIST-OPEN,,AVAIL,N,70
24PDAY2,NC,1,25,35,11,B,0,0,OBSTRUCTED,,AVAIL,N,70
24PDAY2,NC,6,35,35,1,B,0,0,BIZDEV,,AVAIL,N,70
24PDAY2,NC,11,31,37,7,B,0,0,DIST-OPEN,,AVAIL,N,70
24PDAY2,NC,14,1,4,4,C,0,0,OWNERS PASS,,AVAIL,N,80
24PDAY2,NC,2,25,37,13,B,0,0,OBSTRUCTED,,AVAIL,N,70
24PDAY2,NC,18,16,34,19,C,0,0,DIST-OPEN,,AVAIL,N,80
24PDAY2,NC,9,26,34,9,B,0,0,DIST-OPEN,,AVAIL,N,70
24PDAY2,NC,6,7,12,6,B,0,0,DIST-OPEN,,AVAIL,N,70
24PDAY2,NC,12,1,6,6,B,0,0,DIST-OPEN,,AVAIL,N,70
24PDAY2,NC,23,30,37,8,C,0,0,DIST-OPEN,,AVAIL,N,80
24PDAY2,NC,6,5,5,1,B,0,0,DIST-OPEN,,AVAIL,N,70
24PDAY2,NC,25,29,33,5,C,0,0,DIST-OPEN,,AVAIL,N,80
24PDAY2,NC,3,25,37,13,B,0,0,OBSTRUCTED,,AVAIL,N,70
24PDAY2,NC,1,1,13,13,B,0,0,OBSTRUCTED,,AVAIL,N,70
24PDAY2,NC,5,25,37,13,B,0,0,OBSTRUCTED,,AVAIL,N,70
24PDAY2,NC,11,6,6,1,B,0,0,DIST-OPEN,,AVAIL,N,70
24PDAY2,NC,11,26,28,3,B,0,0,DIST-OPEN,,AVAIL,N,70
24PDAY2,NC,14,7,10,4,C,0,0,OWNERS PASS,,AVAIL,N,80
24PDAY2,NC,5,1,13,13,B,0,0,OBSTRUCTED,,AVAIL,N,70
24PDAY2,NC,18,9,10,2,C,0,0,ACCT MANAGER,,AVAIL,N,80
24PDAY2,NC,7,5,11,7,B,0,0,DIST-OPEN,,AVAIL,N,70
24PDAY2,NC,12,26,37,12,B,0,0,DIST-OPEN,,AVAIL,N,70
24PDAY2,NC,17,25,26,2,C,0,0,DIST-OPEN,,AVAIL,N,80
24PDAY2,NC,2,1,13,13,B,0,0,OBSTRUCTED,,AVAIL,N,70
24PDAY2,NC,24,5,12,8,C,0,0,DIST-OPEN,,AVAIL,N,80
24PDAY2,NC,10,32,37,6,B,0,0,ACCT MANAGER,,AVAIL,N,70
24PDAY2,NC,9,19,21,3,B,0,0,DIST-OPEN,,AVAIL,N,70
24PDAY2,NC,10,26,31,6,B,0,0,DIST-OPEN,,AVAIL,N,70
24PDAY2,NC,8,9,20,12,B,0,0,BIZDEV,,AVAIL,N,70
24PDAY2,NC,4,25,37,13,B,0,0,OBSTRUCTED,,AVAIL,N,70
24PDAY2,NC,4,1,13,13,B,0,0,OBSTRUCTED,,AVAIL,N,70
24PDAY2,NC,7,27,28,2,B,0,0,DIST-OPEN,,AVAIL,N,70
24PDAY2,NC,22,35,37,3,C,0,0,PLAYERS,,AVAIL,N,80
24PDAY2,NC,16,7,10,4,C,0,0,DIST-OPEN,,AVAIL,N,80
24PDAY2,NC,15,9,10,2,C,0,0,DIST-OPEN,,AVAIL,N,80
24PDAY2,NC,17,8,10,3,C,0,0,DIST-OPEN,,AVAIL,N,80
24PDAY2,NC,3,1,13,13,B,0,0,OBSTRUCTED,,AVAIL,N,70
24PDAY2,NC,8,21,28,8,B,0,0,DIST-OPEN,,AVAIL,N,70
24PDAY2,NC,13,33,33,1,C,0,0,DIST-OPEN,,AVAIL,N,80
24PDAY2,NC,23,9,12,4,C,0,0,DIST-OPEN,,AVAIL,N,80
24PDAY2,ND,8,7,9,3,B,0,0,DIST-OPEN,,AVAIL,N,90
24PDAY2,ND,3,1,37,37,B,0,0,OBSTRUCTED,,AVAIL,N,90
24PDAY2,ND,8,24,28,5,B,0,0,DIST-OPEN,,AVAIL,N,90
24PDAY2,ND,1,1,37,37,B,0,0,OBSTRUCTED,,AVAIL,N,90
24PDAY2,ND,7,8,10,3,B,0,0,DIST-OPEN,,AVAIL,N,90
24PDAY2,ND,23,23,25,3,C,0,0,DIST-OPEN,,AVAIL,N,100
24PDAY2,ND,24,4,7,4,C,0,0,DIST-OPEN,,AVAIL,N,100
24PDAY2,ND,24,19,35,17,C,0,0,DIST-OPEN,,AVAIL,N,100
24PDAY2,ND,17,13,13,1,C,0,0,DIST-OPEN,,AVAIL,N,100
24PDAY2,ND,12,8,8,1,B,0,0,DIST-OPEN,,AVAIL,N,90
24PDAY2,ND,2,1,37,37,B,0,0,OBSTRUCTED,,AVAIL,N,90
24PDAY2,ND,7,11,18,8,B,0,0,ACCT MANAGER,,AVAIL,N,90
24PDAY2,ND,23,29,33,5,C,0,0,DIST-OPEN,,AVAIL,N,100
24PDAY2,ND,4,5,32,28,B,0,0,OBSTRUCTED,,AVAIL,N,90
24PDAY2,ND,6,30,30,1,B,0,0,DIST-OPEN,,AVAIL,N,90
24PDAY2,ND,25,10,32,23,C,0,0,DIST-OPEN,,AVAIL,N,100
24PDAY2,ND,21,9,9,1,C,0,0,DIST-OPEN,,AVAIL,N,100
24PDAY2,ND,5,3,37,35,B,0,0,OBSTRUCTED,,AVAIL,N,90
24PDAY2,ND,7,21,31,11,B,0,0,ACCT MANAGER,,AVAIL,N,90
24PDAY2,ND,8,12,17,6,B,0,0,DIST-OPEN,,AVAIL,N,90
24PDAY2,NE,22,1,36,36,C,0,0,PLAYERS,,AVAIL,N,120
24PDAY2,NE,8,3,8,6,B,0,0,DIST-OPEN,,AVAIL,N,110
24PDAY2,NE,16,6,16,11,C,0,0,ACCT MANAGER,,AVAIL,N,120
24PDAY2,NE,5,8,36,29,B,0,0,OBSTRUCTED,,AVAIL,N,110
24PDAY2,NE,17,27,34,8,C,0,0,DIST-OPEN,,AVAIL,N,120
24PDAY2,NE,18,27,36,10,C,0,0,DIST-OPEN,,AVAIL,N,120
24PDAY2,NE,3,1,36,36,B,0,0,OBSTRUCTED,,AVAIL,N,110
24PDAY2,NE,12,26,36,11,B,0,0,ACCT MANAGER,,AVAIL,N,110
24PDAY2,NE,8,16,17,2,B,0,0,DIST-OPEN,,AVAIL,N,110
24PDAY2,NE,13,12,14,3,C,0,0,DIST-OPEN,,AVAIL,N,120
24PDAY2,NE,6,11,13,3,B,0,0,DIST-OPEN,,AVAIL,N,110
24PDAY2,NE,15,25,27,3,C,0,0,DIST-OPEN,,AVAIL,N,120
24PDAY2,NE,14,1,4,4,C,0,0,LOGITIX,,AVAIL,N,120
24PDAY2,NE,9,4,15,12,B,0,0,DIST-OPEN,,AVAIL,N,110
24PDAY2,NE,6,27,28,2,B,0,0,DIST-OPEN,,AVAIL,N,110
24PDAY2,NE,25,1,15,15,C,0,0,DOQ-VETTX1HOLD,VETTX1HOLD,AVAIL,N,120
24PDAY2,NE,25,16,35,20,C,0,0,DIST-OPEN,,AVAIL,N,120
24PDAY2,NE,10,32,36,5,B,0,0,ACCT MANAGER,,AVAIL,N,110
24PDAY2,NE,12,3,21,19,B,0,0,DIST-OPEN,,AVAIL,N,110
24PDAY2,NE,4,4,34,31,B,0,0,OBSTRUCTED,,AVAIL,N,110
24PDAY2,NE,21,21,25,5,C,0,0,PLAYERS,,AVAIL,N,120
24PDAY2,NE,24,16,36,21,C,0,0,DIST-OPEN,,AVAIL,N,120
24PDAY2,NE,1,1,36,36,B,0,0,OBSTRUCTED,,AVAIL,N,110
24PDAY2,NE,13,30,32,3,C,0,0,DIST-OPEN,,AVAIL,N,120
24PDAY2,NE,14,11,14,4,C,0,0,DIST-OPEN,,AVAIL,N,120
24PDAY2,NE,10,26,31,6,B,0,0,DIST-OPEN,,AVAIL,N,110
24PDAY2,NE,2,1,36,36,B,0,0,OBSTRUCTED,,AVAIL,N,110
24PDAY2,NE,8,9,15,7,B,0,0,ACCT MANAGER,,AVAIL,N,110
24PDAY2,NE,15,12,16,5,C,0,0,ACCT MANAGER,,AVAIL,N,120
24PDAY2,NE,23,1,36,36,C,0,0,PLAYERS,,AVAIL,N,120
24PDAY2,NE,11,10,36,27,B,0,0,DIST-OPEN,,AVAIL,N,110
24PDAY2,NE,21,27,36,10,C,0,0,PLAYERS,,AVAIL,N,120
24PDAY2,NE,16,17,28,12,C,0,0,DIST-OPEN,,AVAIL,N,120
24PDAY2,NE,18,5,16,12,C,0,0,DIST-OPEN,,AVAIL,N,120
24PDAY2,NE,17,1,16,16,C,0,0,ACCT MANAGER,,AVAIL,N,120
24PDAY2,NE,7,29,30,2,B,0,0,DIST-OPEN,,AVAIL,N,110
24PDAY2,NF,11,23,37,15,H,0,0,DIST-OPEN,,AVAIL,N,130
24PDAY2,NF,22,18,37,20,I,0,0,DOQ-SUPPORTERHOLD,SUPPORTERHOLD,AVAIL,N,140
24PDAY2,NF,16,23,37,15,I,0,0,DOQ-SUPPORTERHOLD,SUPPORTERHOLD,AVAIL,N,140
24PDAY2,NF,7,5,5,1,H,0,0,SUPPORTERS,,AVAIL,N,130
24PDAY2,NF,6,1,37,37,H,0,0,SUPPORTHOLD,,AVAIL,N,130
24PDAY2,NF,22,6,6,1,I,0,0,DOQ-SUPPORTERHOLD,SUPPORTERHOLD,AVAIL,N,140
24PDAY2,NF,17,1,37,37,I,0,0,SUPPORTERS,,AVAIL,N,140
24PDAY2,NF,15,15,15,1,I,0,0,DOQ-SUPPORTERHOLD,SUPPORTERHOLD,AVAIL,N,140
24PDAY2,NF,24,3,8,6,I,0,0,DOQ-SUPPORTERHOLD,SUPPORTERHOLD,AVAIL,N,140
24PDAY2,NF,19,1,37,37,I,0,0,SUPPORTERS,,AVAIL,N,140
24PDAY2,NF,9,13,14,2,H,0,0,SUPPORTERS,,AVAIL,N,130
24PDAY2,NF,1,1,37,37,H,0,0,OBSTRUCTED,,AVAIL,N,130
24PDAY2,NF,16,10,15,6,I,0,0,DOQ-SUPPORTERHOLD,SUPPORTERHOLD,AVAIL,N,140
24PDAY2,NF,15,10,10,1,I,0,0,DOQ-SUPPORTERHOLD,SUPPORTERHOLD,AVAIL,N,140
24PDAY2,NF,21,34,37,4,I,0,0,DOQ-SUPPORTERHOLD,SUPPORTERHOLD,AVAIL,N,140
24PDAY2,NF,10,26,37,12,H,0,0,SUPPORTERS,,AVAIL,N,130
24PDAY2,NF,21,9,33,25,I,0,0,SUPPORTERS,,AVAIL,N,140
24PDAY2,NF,20,2,10,9,I,0,0,DOQ-SUPPORTERHOLD,SUPPORTERHOLD,AVAIL,N,140
24PDAY2,NF,25,21,37,17,I,0,0,SUPPORTERS,,AVAIL,N,140
24PDAY2,NF,5,1,13,13,H,0,0,OBSTRUCTED,,AVAIL,N,130
24PDAY2,NF,13,15,16,2,I,0,0,DIST-OPEN,,AVAIL,N,140
24PDAY2,NF,3,1,37,37,H,0,0,OBSTRUCTED,,AVAIL,N,130
24PDAY2,NF,4,3,37,35,H,0,0,OBSTRUCTED,,AVAIL,N,130
24PDAY2,NF,2,1,37,37,H,0,0,OBSTRUCTED,,AVAIL,N,130
24PDAY2,NF,24,21,28,8,I,0,0,DOQ-SUPPORTERHOLD,SUPPORTERHOLD,AVAIL,N,140
24PDAY2,NF,13,5,12,8,I,0,0,DIST-OPEN,,AVAIL,N,140
24PDAY2,NF,13,1,1,1,I,0,0,DIST-OPEN,,AVAIL,N,140
24PDAY2,NF,12,23,37,15,H,0,0,DIST-OPEN,,AVAIL,N,130
24PDAY2,NF,25,5,17,13,I,0,0,SUPPORTERS,,AVAIL,N,140
24PDAY2,NF,22,7,15,9,I,0,0,SUPPORTERS,,AVAIL,N,140
24PDAY2,NF,5,19,37,19,H,0,0,OBSTRUCTED,,AVAIL,N,130
24PDAY2,NF,23,1,37,37,I,0,0,SUPPORTERS,,AVAIL,N,140
24PDAY2,NF,7,12,12,1,H,0,0,SUPPORTERS,,AVAIL,N,130
24PDAY2,NF,24,9,18,10,I,0,0,SUPPORTERS,,AVAIL,N,140
24PDAY2,NF,18,1,37,37,I,0,0,SUPPORTERS,,AVAIL,N,140
24PDAY2,NF,25,3,3,1,I,0,0,DOQ-SUPPORTERHOLD,SUPPORTERHOLD,AVAIL,N,140
24PDAY2,NF,24,29,37,9,I,0,0,SUPPORTERS,,AVAIL,N,140
24PDAY2,NF,20,11,37,27,I,0,0,SUPPORTERS,,AVAIL,N,140
24PDAY2,NF,15,24,37,14,I,0,0,DOQ-SUPPORTERHOLD,SUPPORTERHOLD,AVAIL,N,140
24PDAY2,NG,4,19,37,19,F,0,0,OBSTRUCTED,,AVAIL,N,150
24PDAY2,NG,20,32,37,6,F,0,0,DIST-OPEN,,AVAIL,N,160
24PDAY2,NG,3,1,37,37,F,0,0,OBSTRUCTED,,AVAIL,N,150
24PDAY2,NG,2,1,37,37,F,0,0,OBSTRUCTED,,AVAIL,N,150
24PDAY2,NG,4,1,15,15,F,0,0,OBSTRUCTED,,AVAIL,N,150
24PDAY2,NG,24,37,37,1,F,0,0,DIST-OPEN,,AVAIL,N,160
24PDAY2,NG,5,1,16,16,F,0,0,OBSTRUCTED,,AVAIL,N,150
24PDAY2,NG,1,1,37,37,F,0,0,OBSTRUCTED,,AVAIL,N,150
24PDAY2,NG,8,31,37,7,F,0,0,ACCT MANAGER,,AVAIL,N,150
24PDAY2,NG,25,31,33,3,F,0,0,DIST-OPEN,,AVAIL,N,160
24PDAY2,NG,13,1,15,15,F,0,0,ACCT MANAGER,,AVAIL,N,160
24PDAY2,NG,10,21,27,7,F,0,0,ACCT MANAGER,,AVAIL,N,150
24PDAY2,NG,20,1,12,12,F,0,0,DOQ-VETTX1HOLD,VETTX1HOLD,AVAIL,N,160
24PDAY2,NG,6,1,37,37,F,0,0,OBSTRUCTED,,AVAIL,N,150
24PDAY2,NG,23,25,27,3,F,0,0,DIST-OPEN,,AVAIL,N,160
24PDAY2,NG,12,7,15,9,F,0,0,ACCT MANAGER,,AVAIL,N,150
24PDAY2,NG,9,27,33,7,F,0,0,ACCT MANAGER,,AVAIL,N,150
24PDAY2,NG,22,12,17,6,F,0,0,DIST-OPEN,,AVAIL,N,160
24PDAY2,NG,5,19,37,19,F,0,0,OBSTRUCTED,,AVAIL,N,150
24PDAY2,NG,11,7,10,4,F,0,0,OWNERS PASS,,AVAIL,N,150
24PDAY2,NG,14,8,15,8,F,0,0,ACCT MANAGER,,AVAIL,N,160
24PDAY2,NG,19,1,12,12,F,0,0,DOQ-VETTX1HOLD,VETTX1HOLD,AVAIL,N,160
24PDAY2,NG,21,1,12,12,F,0,0,DOQ-VETTX1HOLD,VETTX1HOLD,AVAIL,N,160
24PDAY2,SA,6,1,4,4,D,0,0,OWNERS PASS,,AVAIL,N,170
24PDAY2,SA,20,15,36,22,E,0,0,GROUP,,AVAIL,N,180
24PDAY2,SA,20,7,10,4,E,0,0,PLAYERS,,AVAIL,N,180
24PDAY2,SA,21,1,36,36,E,0,0,GROUP,,AVAIL,N,180
24PDAY2,SA,22,1,36,36,E,0,0,GROUP,,AVAIL,N,180
24PDAY2,SB,19,1,37,37,E,0,0,GROUP,,AVAIL,N,200
24PDAY2,SB,22,1,37,37,E,0,0,GROUP,,AVAIL,N,200
24PDAY2,SB,20,4,37,34,E,0,0,GROUP,,AVAIL,N,200
24PDAY2,SB,15,1,8,8,E,0,0,OWNERS PASS,,AVAIL,N,200
24PDAY2,SB,21,1,37,37,E,0,0,GROUP,,AVAIL,N,200
24PDAY2,SB,18,1,37,37,E,0,0,GROUP,,AVAIL,N,200
24PDAY2,SC,ADA,1,12,12,B,0,0,ADA,,AVAIL,N,210
24PDAY2,SC,10,1,6,6,B,0,0,BIZDEV,,AVAIL,N,220
24PDAY2,SC,11,1,6,6,B,0,0,BIZDEV,,AVAIL,N,220
24PDAY2,SC,13,1,5,5,C,0,0,ACCT MANAGER,,AVAIL,N,230
24PDAY2,SC,12,9,12,4,C,0,0,OWNERS PASS,,AVAIL,N,230
24PDAY2,SD,12,18,37,20,C,0,0,BIZDEV,,AVAIL,N,250
24PDAY2,SD,11,17,18,2,B,0,0,ACCT MANAGER,,AVAIL,N,240
24PDAY2,SD,18,1,10,10,C,0,0,OWNERS PASS,,AVAIL,N,250
24PDAY2,SE,6,22,36,15,B,0,0,BIZDEV,,AVAIL,N,260
24PDAY2,SF,22,21,39,19,E,0,0,GROUP,,AVAIL,N,300
24PDAY2,SF,22,1,18,18,E,0,0,GROUP,,AVAIL,N,300
24PDAY2,SF,3,1,6,6,D,0,0,LOGITIX,,AVAIL,N,280
24PDAY2,SF,24,1,18,18,E,0,0,GROUP,,AVAIL,N,300
24PDAY2,SF,2,24,26,3,D,0,0,ACCT MANAGER,,AVAIL,N,280
24PDAY2,SF,21,21,39,19,E,0,0,GROUP,,AVAIL,N,290
24PDAY2,SF,23,21,39,19,E,0,0,GROUP,,AVAIL,N,300
24PDAY2,SF,21,1,18,18,E,0,0,GROUP,,AVAIL,N,290
24PDAY2,SF,25,21,39,19,E,0,0,GROUP,,AVAIL,N,300
24PDAY2,SF,23,1,18,18,E,0,0,GROUP,,AVAIL,N,300
24PDAY2,SF,24,21,39,19,E,0,0,GROUP,,AVAIL,N,300
24PDAY2,SF,2,1,3,3,D,0,0,ACCT MANAGER,,AVAIL,N,280
24PDAY2,SF,25,1,18,18,E,0,0,GROUP,,AVAIL,N,300
24PDAY2,SG,11,1,2,2,F,0,0,LOGITIX,,AVAIL,N,310
24PDAY2,SG,9,1,8,8,F,0,0,OWNERS PASS,,AVAIL,N,310
24PDAY2,STE1,GA0,1,25,25,J,0,0,SUITES,,AVAIL,N,100
24PDAY2,STE2,GA0,1,25,25,J,0,0,SUITES,,AVAIL,N,100
24PDAY2,STE3,GA0,21,25,5,J,0,0,SUITES,,AVAIL,N,100
24PDAY2,STE4,GA0,21,25,5,J,0,0,SUITES,,AVAIL,N,100
24PDAY2,STE5,GA0,1,25,25,J,0,0,SUITES,,AVAIL,N,100
24PDAY2,STE6,GA0,1,25,25,J,0,0,SUITES,,AVAIL,N,100
24PDAY3,BARDWN,GA3,4,50,47,G,0,0,DOQ-BARDOWNHOLD,BARDOWNHOLD,AVAIL,N,350
24PDAY3,BARDWN,GA0,30,50,21,G,0,0,DOQ-BARDOWNHOLD,BARDOWNHOLD,AVAIL,N,350
24PDAY3,BARDWN,GA1,1,50,50,G,0,0,DOQ-BARDOWNHOLD,BARDOWNHOLD,AVAIL,N,350
24PDAY3,BARDWN,GA2,1,50,50,G,0,0,DOQ-BARDOWNHOLD,BARDOWNHOLD,AVAIL,N,350
24PDAY3,FLD1,A,29,30,2,A,0,0,BIZDEV,,AVAIL,N,10
24PDAY3,NA,4,25,36,12,D,0,0,ACCT MANAGER,,AVAIL,N,30
24PDAY3,NA,16,1,4,4,E,0,0,ACCT MANAGER,,AVAIL,N,40
24PDAY3,NA,8,1,36,36,D,0,0,DIST-OPEN,,AVAIL,N,30
24PDAY3,NA,25,1,36,36,E,0,0,ACCT MANAGER,,AVAIL,N,40
24PDAY3,NA,13,13,36,24,E,0,0,DIST-OPEN,,AVAIL,N,40
24PDAY3,NA,6,7,30,24,D,0,0,DIST-OPEN,,AVAIL,N,30
24PDAY3,NA,1,1,36,36,D,0,0,OBSTRUCTED,,AVAIL,N,30
24PDAY3,NA,7,10,36,27,D,0,0,DIST-OPEN,,AVAIL,N,30
24PDAY3,NA,23,1,36,36,E,0,0,ACCT MANAGER,,AVAIL,N,40
24PDAY3,NA,14,23,36,14,E,0,0,DIST-OPEN,,AVAIL,N,40
24PDAY3,NA,6,1,6,6,D,0,0,ACCT MANAGER,,AVAIL,N,30
24PDAY3,NA,5,31,36,6,D,0,0,ACCT MANAGER,,AVAIL,N,30
24PDAY3,NA,20,1,36,36,E,0,0,ACCT MANAGER,,AVAIL,N,40
24PDAY3,NA,24,1,36,36,E,0,0,ACCT MANAGER,,AVAIL,N,40
24PDAY3,NA,15,1,12,12,E,0,0,DIST-OPEN,,AVAIL,N,40
24PDAY3,NA,4,8,24,17,D,0,0,DIST-OPEN,,AVAIL,N,30
24PDAY3,NA,2,1,36,36,D,0,0,OBSTRUCTED,,AVAIL,N,30
24PDAY3,NA,21,1,36,36,E,0,0,ACCT MANAGER,,AVAIL,N,40
24PDAY3,NA,5,5,30,26,D,0,0,DIST-OPEN,,AVAIL,N,30
24PDAY3,NA,7,1,9,9,D,0,0,ACCT MANAGER,,AVAIL,N,30
24PDAY3,NA,10,1,36,36,D,0,0,DIST-OPEN,,AVAIL,N,30
24PDAY3,NA,3,1,36,36,D,0,0,OBSTRUCTED,,AVAIL,N,30
24PDAY3,NA,22,22,36,15,E,0,0,ACCT MANAGER,,AVAIL,N,40
24PDAY3,NA,12,1,36,36,D,0,0,DIST-OPEN,,AVAIL,N,30
24PDAY3,NB,20,12,13,2,E,0,0,DIST-OPEN,,AVAIL,N,60
24PDAY3,NB,24,37,37,1,E,0,0,PLAYERS,,AVAIL,N,60
24PDAY3,NB,11,9,10,2,D,0,0,DOQ-VETTX1HOLD,VETTX1HOLD,AVAIL,N,50
24PDAY3,NB,8,21,35,15,D,0,0,ACCT MANAGER,,AVAIL,N,50
24PDAY3,NB,6,9,13,5,D,0,0,DIST-OPEN,,AVAIL,N,50
24PDAY3,NB,8,4,20,17,D,0,0,DIST-OPEN,,AVAIL,N,50
24PDAY3,NB,25,35,35,1,E,0,0,PLAYERS,,AVAIL,N,60
24PDAY3,NB,19,25,25,1,E,0,0,DIST-OPEN,,AVAIL,N,60
24PDAY3,NB,18,21,35,15,E,0,0,ACCT MANAGER,,AVAIL,N,60
24PDAY3,NB,7,16,24,9,D,0,0,DIST-OPEN,,AVAIL,N,50
24PDAY3,NB,1,1,37,37,D,0,0,OBSTRUCTED,,AVAIL,N,50
24PDAY3,NB,12,11,33,23,D,0,0,DIST-OPEN,,AVAIL,N,50
24PDAY3,NB,15,29,34,6,E,0,0,ACCT MANAGER,,AVAIL,N,60
24PDAY3,NB,22,8,18,11,E,0,0,DOQ-VETTX1HOLD,VETTX1HOLD,AVAIL,N,60
24PDAY3,NB,17,21,37,17,E,0,0,ACCT MANAGER,,AVAIL,N,60
24PDAY3,NB,20,9,10,2,E,0,0,DIST-OPEN,,AVAIL,N,60
24PDAY3,NB,11,29,34,6,D,0,0,DIST-OPEN,,AVAIL,N,50
24PDAY3,NB,10,36,37,2,D,0,0,ACCT MANAGER,,AVAIL,N,50
24PDAY3,NB,6,26,35,10,D,0,0,DIST-OPEN,,AVAIL,N,50
24PDAY3,NB,16,31,37,7,E,0,0,ACCT MANAGER,,AVAIL,N,60
24PDAY3,NB,7,32,35,4,D,0,0,ACCT MANAGER,,AVAIL,N,50
24PDAY3,NB,9,31,37,7,D,0,0,ACCT MANAGER,,AVAIL,N,50
24PDAY3,NB,4,21,35,15,D,0,0,ACCT MANAGER,,AVAIL,N,50
24PDAY3,NB,9,5,30,26,D,0,0,DIST-OPEN,,AVAIL,N,50
24PDAY3,NB,21,18,37,20,E,0,0,DIST-OPEN,,AVAIL,N,60
24PDAY3,NB,12,10,10,1,D,0,0,DOQ-VETTX1HOLD,VETTX1HOLD,AVAIL,N,50
24PDAY3,NB,5,21,35,15,D,0,0,ACCT MANAGER,,AVAIL,N,50
24PDAY3,NB,3,1,37,37,D,0,0,OBSTRUCTED,,AVAIL,N,50
24PDAY3,NB,20,24,31,8,E,0,0,DIST-OPEN,,AVAIL,N,60
24PDAY3,NB,2,1,37,37,D,0,0,OBSTRUCTED,,AVAIL,N,50
24PDAY3,NB,19,32,33,2,E,0,0,ACCT MANAGER,,AVAIL,N,60
24PDAY3,NB,22,2,2,1,E,0,0,DIST-OPEN,,AVAIL,N,60
24PDAY3,NC,14,14,19,6,C,0,0,DIST-OPEN,,AVAIL,N,80
24PDAY3,NC,7,5,11,7,B,0,0,ACCT MANAGER,,AVAIL,N,70
24PDAY3,NC,4,1,13,13,B,0,0,OBSTRUCTED,,AVAIL,N,70
24PDAY3,NC,24,1,8,8,C,0,0,DIST-OPEN,,AVAIL,N,80
24PDAY3,NC,17,25,35,11,C,0,0,GROUP,,AVAIL,N,80
24PDAY3,NC,22,21,27,7,C,0,0,DIST-OPEN,,AVAIL,N,80
24PDAY3,NC,10,26,37,12,B,0,0,ACCT MANAGER,,AVAIL,N,70
24PDAY3,NC,5,25,37,13,B,0,0,OBSTRUCTED,,AVAIL,N,70
24PDAY3,NC,9,4,5,2,B,0,0,DIST-OPEN,,AVAIL,N,70
24PDAY3,NC,19,16,33,18,C,0,0,DIST-OPEN,,AVAIL,N,80
24PDAY3,NC,18,1,10,10,C,0,0,ACCT MANAGER,,AVAIL,N,80
24PDAY3,NC,2,25,37,13,B,0,0,OBSTRUCTED,,AVAIL,N,70
24PDAY3,NC,1,1,13,13,B,0,0,OBSTRUCTED,,AVAIL,N,70
24PDAY3,NC,8,1,20,20,B,0,0,BIZDEV,,AVAIL,N,70
24PDAY3,NC,2,1,13,13,B,0,0,OBSTRUCTED,,AVAIL,N,70
24PDAY3,NC,17,1,10,10,C,0,0,ACCT MANAGER,,AVAIL,N,80
24PDAY3,NC,23,1,12,12,C,0,0,DIST-OPEN,,AVAIL,N,80
24PDAY3,NC,22,5,16,12,C,0,0,GROUP,,AVAIL,N,80
24PDAY3,NC,6,5,13,9,B,0,0,ACCT MANAGER,,AVAIL,N,70
24PDAY3,NC,3,25,37,13,B,0,0,OBSTRUCTED,,AVAIL,N,70
24PDAY3,NC,14,28,33,6,C,0,0,DIST-OPEN,,AVAIL,N,80
24PDAY3,NC,7,25,28,4,B,0,0,ACCT MANAGER,,AVAIL,N,70
24PDAY3,NC,18,11,35,25,C,0,0,DIST-OPEN,,AVAIL,N,80
24PDAY3,NC,4,25,37,13,B,0,0,OBSTRUCTED,,AVAIL,N,70
24PDAY3,NC,19,1,15,15,C,0,0,GROUP,,AVAIL,N,80
24PDAY3,NC,17,11,24,14,C,0,0,DIST-OPEN,,AVAIL,N,80
24PDAY3,NC,3,1,13,13,B,0,0,OBSTRUCTED,,AVAIL,N,70
24PDAY3,NC,23,30,37,8,C,0,0,DIST-OPEN,,AVAIL,N,80
24PDAY3,NC,11,31,37,7,B,0,0,ACCT MANAGER,,AVAIL,N,70
24PDAY3,NC,15,1,10,10,C,0,0,ACCT MANAGER,,AVAIL,N,80
24PDAY3,NC,13,19,19,1,C,0,0,DIST-OPEN,,AVAIL,N,80
24PDAY3,NC,22,28,37,10,C,0,0,GROUP,,AVAIL,N,80
24PDAY3,NC,25,29,37,9,C,0,0,DIST-OPEN,,AVAIL,N,80
24PDAY3,NC,7,29,37,9,B,0,0,JARED,,AVAIL,N,70
24PDAY3,NC,5,1,13,13,B,0,0,OBSTRUCTED,,AVAIL,N,70
24PDAY3,NC,11,26,28,3,B,0,0,ACCT MANAGER,,AVAIL,N,70
24PDAY3,NC,10,3,4,2,B,0,0,DIST-OPEN,,AVAIL,N,70
24PDAY3,NC,8,29,37,9,B,0,0,JARED,,AVAIL,N,70
24PDAY3,NC,21,1,35,35,C,0,0,DIST-OPEN,,AVAIL,N,80
24PDAY3,NC,10,17,25,9,B,0,0,DIST-OPEN,,AVAIL,N,70
24PDAY3,NC,22,1,4,4,C,0,0,DIST-OPEN,,AVAIL,N,80
24PDAY3,NC,16,1,10,10,C,0,0,ACCT MANAGER,,AVAIL,N,80
24PDAY3,NC,1,25,35,11,B,0,0,OBSTRUCTED,,AVAIL,N,70
24PDAY3,NC,12,23,25,3,B,0,0,DIST-OPEN,,AVAIL,N,70
24PDAY3,NC,20,1,19,19,C,0,0,DIST-OPEN,,AVAIL,N,80
24PDAY3,NC,11,9,25,17,B,0,0,DIST-OPEN,,AVAIL,N,70
24PDAY3,NC,22,17,17,1,C,0,0,DIST-OPEN,,AVAIL,N,80
24PDAY3,NC,16,29,36,8,C,0,0,DIST-OPEN,,AVAIL,N,80
24PDAY3,NC,9,26,37,12,B,0,0,ACCT MANAGER,,AVAIL,N,70
24PDAY3,NC,9,22,22,1,B,0,0,DIST-OPEN,,AVAIL,N,70
24PDAY3,NC,8,24,28,5,B,0,0,ACCT MANAGER,,AVAIL,N,70
24PDAY3,NC,24,9,12,4,C,0,0,GROUP,,AVAIL,N,80
24PDAY3,NC,15,33,34,2,C,0,0,DIST-OPEN,,AVAIL,N,80
24PDAY3,NC,12,26,37,12,B,0,0,ACCT MANAGER,,AVAIL,N,70
24PDAY3,NC,6,35,37,3,B,0,0,BIZDEV,,AVAIL,N,70
24PDAY3,NC,13,26,35,10,C,0,0,ACCT MANAGER,,AVAIL,N,80
24PDAY3,NC,25,1,9,9,C,0,0,DIST-OPEN,,AVAIL,N,80
24PDAY3,ND,23,8,25,18,C,0,0,DIST-OPEN,,AVAIL,N,100
24PDAY3,ND,20,15,33,19,C,0,0,DIST-OPEN,,AVAIL,N,100
24PDAY3,ND,12,19,25,7,B,0,0,DIST-OPEN,,AVAIL,N,90
24PDAY3,ND,21,23,33,11,C,0,0,DIST-OPEN,,AVAIL,N,100
24PDAY3,ND,13,32,33,2,C,0,0,ACCT MANAGER,,AVAIL,N,100
24PDAY3,ND,7,23,31,9,B,0,0,ACCT MANAGER,,AVAIL,N,90
24PDAY3,ND,8,5,17,13,B,0,0,DIST-OPEN,,AVAIL,N,90
24PDAY3,ND,17,35,35,1,C,0,0,DIST-OPEN,,AVAIL,N,100
24PDAY3,ND,19,20,33,14,C,0,0,DIST-OPEN,,AVAIL,N,100
24PDAY3,ND,13,23,23,1,C,0,0,DIST-OPEN,,AVAIL,N,100
24PDAY3,ND,16,17,18,2,C,0,0,DIST-OPEN,,AVAIL,N,100
24PDAY3,ND,23,28,34,7,C,0,0,DIST-OPEN,,AVAIL,N,100
24PDAY3,ND,18,9,23,15,C,0,0,DIST-OPEN,,AVAIL,N,100
24PDAY3,ND,9,25,25,1,B,0,0,DIST-OPEN,,AVAIL,N,90
24PDAY3,ND,8,24,31,8,B,0,0,DIST-OPEN,,AVAIL,N,90
24PDAY3,ND,20,3,11,9,C,0,0,DIST-OPEN,,AVAIL,N,100
24PDAY3,ND,17,30,30,1,C,0,0,DIST-OPEN,,AVAIL,N,100
24PDAY3,ND,6,12,15,4,B,0,0,ACCT MANAGER,,AVAIL,N,90
24PDAY3,ND,19,1,4,4,C,0,0,DIST-OPEN,,AVAIL,N,100
24PDAY3,ND,24,1,7,7,C,0,0,DIST-OPEN,,AVAIL,N,100
24PDAY3,ND,15,9,9,1,C,0,0,DIST-OPEN,,AVAIL,N,100
24PDAY3,ND,5,3,37,35,B,0,0,OBSTRUCTED,,AVAIL,N,90
24PDAY3,ND,4,5,31,27,B,0,0,OBSTRUCTED,,AVAIL,N,90
24PDAY3,ND,7,5,18,14,B,0,0,ACCT MANAGER,,AVAIL,N,90
24PDAY3,ND,3,1,37,37,B,0,0,OBSTRUCTED,,AVAIL,N,90
24PDAY3,ND,11,35,35,1,B,0,0,DIST-OPEN,,AVAIL,N,90
24PDAY3,ND,12,11,17,7,B,0,0,DIST-OPEN,,AVAIL,N,90
24PDAY3,ND,15,21,21,1,C,0,0,DIST-OPEN,,AVAIL,N,100
24PDAY3,ND,6,30,30,1,B,0,0,ACCT MANAGER,,AVAIL,N,90
24PDAY3,ND,14,23,23,1,C,0,0,DIST-OPEN,,AVAIL,N,100
24PDAY3,ND,10,13,13,1,B,0,0,DIST-OPEN,,AVAIL,N,90
24PDAY3,ND,1,1,37,37,B,0,0,OBSTRUCTED,,AVAIL,N,90
24PDAY3,ND,18,27,33,7,C,0,0,DIST-OPEN,,AVAIL,N,100
24PDAY3,ND,25,5,33,29,C,0,0,DIST-OPEN,,AVAIL,N,100
24PDAY3,ND,24,21,37,17,C,0,0,DIST-OPEN,,AVAIL,N,100
24PDAY3,ND,19,9,18,10,C,0,0,DIST-OPEN,,AVAIL,N,100
24PDAY3,ND,6,24,25,2,B,0,0,ACCT MANAGER,,AVAIL,N,90
24PDAY3,ND,2,1,37,37,B,0,0,OBSTRUCTED,,AVAIL,N,90
24PDAY3,NE,15,17,19,3,C,0,0,DIST-OPEN,,AVAIL,N,120
24PDAY3,NE,18,32,32,1,C,0,0,DIST-OPEN,,AVAIL,N,120
24PDAY3,NE,6,11,19,9,B,0,0,ACCT MANAGER,,AVAIL,N,110
24PDAY3,NE,2,1,36,36,B,0,0,OBSTRUCTED,,AVAIL,N,110
24PDAY3,NE,8,3,15,13,B,0,0,ACCT MANAGER,,AVAIL,N,110
24PDAY3,NE,24,24,36,13,C,0,0,GROUP,,AVAIL,N,120
24PDAY3,NE,24,16,22,7,C,0,0,GROUP,,AVAIL,N,120
24PDAY3,NE,14,11,16,6,C,0,0,ACCT MANAGER,,AVAIL,N,120
24PDAY3,NE,12,13,20,8,B,0,0,DIST-OPEN,,AVAIL,N,110
24PDAY3,NE,23,36,36,1,C,0,0,PLAYERS,,AVAIL,N,120
24PDAY3,NE,25,1,15,15,C,0,0,DOQ-VETTX1HOLD,VETTX1HOLD,AVAIL,N,120
24PDAY3,NE,9,16,31,16,B,0,0,DIST-OPEN,,AVAIL,N,110
24PDAY3,NE,15,5,16,12,C,0,0,ACCT MANAGER,,AVAIL,N,120
24PDAY3,NE,11,26,36,11,B,0,0,ACCT MANAGER,,AVAIL,N,110
24PDAY3,NE,18,1,16,16,C,0,0,ACCT MANAGER,,AVAIL,N,120
24PDAY3,NE,22,35,35,1,C,0,0,PLAYERS,,AVAIL,N,120
24PDAY3,NE,15,21,32,12,C,0,0,DIST-OPEN,,AVAIL,N,120
24PDAY3,NE,1,1,36,36,B,0,0,OBSTRUCTED,,AVAIL,N,110
24PDAY3,NE,3,1,36,36,B,0,0,OBSTRUCTED,,AVAIL,N,110
24PDAY3,NE,9,3,15,13,B,0,0,ACCT MANAGER,,AVAIL,N,110
24PDAY3,NE,17,32,35,4,C,0,0,DIST-OPEN,,AVAIL,N,120
24PDAY3,NE,7,20,21,2,B,0,0,DIST-OPEN,,AVAIL,N,110
24PDAY3,NE,6,22,28,7,B,0,0,ACCT MANAGER,,AVAIL,N,110
24PDAY3,NE,24,1,15,15,C,0,0,DOQ-VETTX1HOLD,VETTX1HOLD,AVAIL,N,120
24PDAY3,NE,13,26,32,7,C,0,0,ACCT MANAGER,,AVAIL,N,120
24PDAY3,NE,16,6,16,11,C,0,0,ACCT MANAGER,,AVAIL,N,120
24PDAY3,NE,10,26,36,11,B,0,0,ACCT MANAGER,,AVAIL,N,110
24PDAY3,NE,25,16,36,21,C,0,0,GROUP,,AVAIL,N,120
24PDAY3,NE,7,3,15,13,B,0,0,ACCT MANAGER,,AVAIL,N,110
24PDAY3,NE,11,21,25,5,B,0,0,DIST-OPEN,,AVAIL,N,110
24PDAY3,NE,16,17,34,18,C,0,0,DIST-OPEN,,AVAIL,N,120
24PDAY3,NE,17,1,16,16,C,0,0,ACCT MANAGER,,AVAIL,N,120
24PDAY3,NE,10,5,25,21,B,0,0,DIST-OPEN,,AVAIL,N,110
24PDAY3,NE,4,4,34,31,B,0,0,OBSTRUCTED,,AVAIL,N,110
24PDAY3,NE,8,19,32,14,B,0,0,DIST-OPEN,,AVAIL,N,110
24PDAY3,NE,5,8,36,29,B,0,0,OBSTRUCTED,,AVAIL,N,110
24PDAY3,NE,12,26,36,11,B,0,0,ACCT MANAGER,,AVAIL,N,110
24PDAY3,NF,16,23,37,15,I,0,0,DOQ-SUPPORTERHOLD,SUPPORTERHOLD,AVAIL,N,140
24PDAY3,NF,9,23,28,6,H,0,0,DOQ-SUPPORTERHOLD,SUPPORTERHOLD,AVAIL,N,130
24PDAY3,NF,14,25,37,13,I,0,0,DOQ-SUPPORTERHOLD,SUPPORTERHOLD,AVAIL,N,140
24PDAY3,NF,22,1,15,15,I,0,0,SUPPORTERS,,AVAIL,N,140
24PDAY3,NF,24,21,37,17,I,0,0,SUPPORTERS,,AVAIL,N,140
24PDAY3,NF,3,1,37,37,H,0,0,OBSTRUCTED,,AVAIL,N,130
24PDAY3,NF,15,14,15,2,I,0,0,DIST-EXCP,,AVAIL,N,140
24PDAY3,NF,22,18,37,20,I,0,0,SUPPORTERS,,AVAIL,N,140
24PDAY3,NF,11,7,14,8,H,0,0,DOQ-SUPPORTERHOLD,SUPPORTERHOLD,AVAIL,N,130
24PDAY3,NF,7,5,5,1,H,0,0,DOQ-SUPPORTERHOLD,SUPPORTERHOLD,AVAIL,N,130
24PDAY3,NF,5,1,13,13,H,0,0,SUPPORTHOLD,,AVAIL,N,130
24PDAY3,NF,18,1,37,37,I,0,0,SUPPORTERS,,AVAIL,N,140
24PDAY3,NF,1,1,37,37,H,0,0,OBSTRUCTED,,AVAIL,N,130
24PDAY3,NF,4,16,37,22,H,0,0,OBSTRUCTED,,AVAIL,N,130
24PDAY3,NF,2,1,37,37,H,0,0,OBSTRUCTED,,AVAIL,N,130
24PDAY3,NF,9,13,14,2,H,0,0,DOQ-SUPPORTERHOLD,SUPPORTERHOLD,AVAIL,N,130
24PDAY3,NF,25,5,17,13,I,0,0,SUPPORTERS,,AVAIL,N,140
24PDAY3,NF,20,1,37,37,I,0,0,SUPPORTERS,,AVAIL,N,140
24PDAY3,NF,11,19,19,1,H,0,0,DOQ-SUPPORTERHOLD,SUPPORTERHOLD,AVAIL,N,130
24PDAY3,NF,10,22,25,4,H,0,0,DOQ-SUPPORTERHOLD,SUPPORTERHOLD,AVAIL,N,130
24PDAY3,NF,24,3,18,16,I,0,0,SUPPORTERS,,AVAIL,N,140
24PDAY3,NF,4,3,15,13,H,0,0,SUPPORTHOLD,,AVAIL,N,130
24PDAY3,NF,10,3,14,12,H,0,0,DOQ-SUPPORTERHOLD,SUPPORTERHOLD,AVAIL,N,130
24PDAY3,NF,21,1,37,37,I,0,0,SUPPORTERS,,AVAIL,N,140
24PDAY3,NF,23,1,37,37,I,0,0,SUPPORTERS,,AVAIL,N,140
24PDAY3,NF,25,1,3,3,I,0,0,SUPPORTERS,,AVAIL,N,140
24PDAY3,NF,17,3,37,35,I,0,0,SUPPORTERS,,AVAIL,N,140
24PDAY3,NF,15,13,13,1,I,0,0,DOQ-SUPPORTERHOLD,SUPPORTERHOLD,AVAIL,N,140
24PDAY3,NF,16,10,12,3,I,0,0,DOQ-SUPPORTERHOLD,SUPPORTERHOLD,AVAIL,N,140
24PDAY3,NF,12,11,20,10,H,0,0,DOQ-SUPPORTERHOLD,SUPPORTERHOLD,AVAIL,N,130
24PDAY3,NF,19,1,37,37,I,0,0,SUPPORTERS,,AVAIL,N,140
24PDAY3,NF,6,1,37,37,H,0,0,SUPPORTHOLD,,AVAIL,N,130
24PDAY3,NF,25,21,37,17,I,0,0,SUPPORTERS,,AVAIL,N,140
24PDAY3,NF,5,19,37,19,H,0,0,OBSTRUCTED,,AVAIL,N,130
24PDAY3,NG,6,1,37,37,F,0,0,OBSTRUCTED,,AVAIL,N,150
24PDAY3,NG,8,25,37,13,F,0,0,ACCT MANAGER,,AVAIL,N,150
24PDAY3,NG,7,34,37,4,F,0,0,ACCT MANAGER,,AVAIL,N,150
24PDAY3,NG,2,1,37,37,F,0,0,OBSTRUCTED,,AVAIL,N,150
24PDAY3,NG,5,19,37,19,F,0,0,OBSTRUCTED,,AVAIL,N,150
24PDAY3,NG,4,1,15,15,F,0,0,OBSTRUCTED,,AVAIL,N,150
24PDAY3,NG,3,1,37,37,F,0,0,OBSTRUCTED,,AVAIL,N,150
24PDAY3,NG,4,19,37,19,F,0,0,OBSTRUCTED,,AVAIL,N,150
24PDAY3,NG,21,37,37,1,F,0,0,DIST-OPEN,,AVAIL,N,160
24PDAY3,NG,23,27,37,11,F,0,0,DIST-OPEN,,AVAIL,N,160
24PDAY3,NG,1,1,37,37,F,0,0,OBSTRUCTED,,AVAIL,N,150
24PDAY3,NG,20,33,33,1,F,0,0,DIST-OPEN,,AVAIL,N,160
24PDAY3,NG,5,1,16,16,F,0,0,OBSTRUCTED,,AVAIL,N,150
24PDAY3,SA,6,1,6,6,D,0,0,OWNERS PASS,,AVAIL,N,170
24PDAY3,SA,20,29,31,3,E,0,0,GROUP,,AVAIL,N,180
24PDAY3,SA,21,1,36,36,E,0,0,GROUP,,AVAIL,N,180
24PDAY3,SA,22,1,36,36,E,0,0,GROUP,,AVAIL,N,180
24PDAY3,SB,18,4,33,30,E,0,0,GROUP,,AVAIL,N,200
24PDAY3,SB,22,1,37,37,E,0,0,GROUP,,AVAIL,N,200
24PDAY3,SB,19,1,37,37,E,0,0,GROUP,,AVAIL,N,200
24PDAY3,SB,15,4,7,4,E,0,0,OWNERS PASS,,AVAIL,N,200
24PDAY3,SB,21,1,37,37,E,0,0,GROUP,,AVAIL,N,200
24PDAY3,SB,20,1,37,37,E,0,0,GROUP,,AVAIL,N,200
24PDAY3,SC,12,3,4,2,C,0,0,LOGITIX,,AVAIL,N,230
24PDAY3,SC,11,1,6,6,B,0,0,BIZDEV,,AVAIL,N,220
24PDAY3,SC,ADA,1,12,12,B,0,0,ADA,,AVAIL,N,210
24PDAY3,SC,10,1,6,6,B,0,0,BIZDEV,,AVAIL,N,220
24PDAY3,SD,12,18,37,20,C,0,0,BIZDEV,,AVAIL,N,250
24PDAY3,SD,11,17,18,2,B,0,0,ACCT MANAGER,,AVAIL,N,240
24PDAY3,SD,18,1,2,2,C,0,0,OWNERS PASS,,AVAIL,N,250
24PDAY3,SD,18,7,10,4,C,0,0,OWNERS PASS,,AVAIL,N,250
24PDAY3,SE,6,22,36,15,B,0,0,BIZDEV,,AVAIL,N,260
24PDAY3,SF,24,1,18,18,E,0,0,GROUP,,AVAIL,N,300
24PDAY3,SF,21,5,18,14,E,0,0,GROUP,,AVAIL,N,290
24PDAY3,SF,3,3,5,3,D,0,0,LOGITIX,,AVAIL,N,280
24PDAY3,SF,23,21,39,19,E,0,0,GROUP,,AVAIL,N,300
24PDAY3,SF,2,24,26,3,D,0,0,ACCT MANAGER,,AVAIL,N,280
24PDAY3,SF,21,21,39,19,E,0,0,GROUP,,AVAIL,N,290
24PDAY3,SF,22,1,18,18,E,0,0,GROUP,,AVAIL,N,300
24PDAY3,SF,2,1,3,3,D,0,0,ACCT MANAGER,,AVAIL,N,280
24PDAY3,SF,24,21,39,19,E,0,0,GROUP,,AVAIL,N,300
24PDAY3,SF,22,21,39,19,E,0,0,GROUP,,AVAIL,N,300
24PDAY3,SF,23,1,18,18,E,0,0,GROUP,,AVAIL,N,300
24PDAY3,SF,25,1,18,18,E,0,0,GROUP,,AVAIL,N,300
24PDAY3,SF,25,21,39,19,E,0,0,GROUP,,AVAIL,N,300
24PDAY3,SG,11,1,8,8,F,0,0,LOGITIX,,AVAIL,N,310
24PDAY3,STE1,GA0,1,25,25,J,0,0,SUITES,,AVAIL,N,100
24PDAY3,STE2,GA0,3,25,23,J,0,0,SUITES,,AVAIL,N,100
24PDAY3,STE3,GA0,20,25,6,J,0,0,SUITES,,AVAIL,N,100
24PDAY3,STE4,GA0,1,25,25,J,0,0,SUITES,,AVAIL,N,100
24PDAY3,STE5,GA0,1,25,25,J,0,0,SUITES,,AVAIL,N,100
24PDAY3,STE6,GA0,1,25,25,J,0,0,SUITES,,AVAIL,N,100
24PHP,BARDWN,GA7,1,50,50,G,0,0,KILL,,AVAIL,Y,350
24PHP,BARDWN,GA6,1,50,50,G,0,0,KILL,,AVAIL,Y,350
24PHP,BARDWN,GA5,1,50,50,G,0,0,KILL,,AVAIL,Y,350
24PHP,BARDWN,GA8,1,50,50,G,0,0,KILL,,AVAIL,Y,350
24PHP,BARDWN,GA4,1,50,50,G,0,0,KILL,,AVAIL,Y,350
24PHP,BARDWN,GA9,1,50,50,G,0,0,KILL,,AVAIL,Y,350
24PHP,FLD1,B,1,30,30,A,0,0,KILL,,AVAIL,Y,360
24PHP,FLD2,B,1,30,30,A,0,0,KILL,,AVAIL,Y,370
24PHP,NC,11,29,30,2,B,0,0,ACCT MANAGER,,AVAIL,N,70
24PHP,ND,6,32,33,2,B,0,0,ACCT MANAGER,,AVAIL,N,90
24PHP,SA,16,1,36,36,E,0,0,ACCT MANAGER,,AVAIL,N,180
24PHP,SA,10,1,14,14,D,0,0,ACCT MANAGER,,AVAIL,N,170
24PHP,SA,10,22,36,15,D,0,0,ACCT MANAGER,,AVAIL,N,170
24PHP,SA,7,22,36,15,D,0,0,ACCT MANAGER,,AVAIL,N,170
24PHP,SA,4,22,36,15,D,0,0,ACCT MANAGER,,AVAIL,N,170
24PHP,SA,8,1,14,14,D,0,0,ACCT MANAGER,,AVAIL,N,170
24PHP,SA,19,1,36,36,E,0,0,ACCT MANAGER,,AVAIL,N,180
24PHP,SA,15,9,36,28,E,0,0,ACCT MANAGER,,AVAIL,N,180
24PHP,SA,12,1,36,36,E,0,0,ACCT MANAGER,,AVAIL,N,180
24PHP,SA,8,22,36,15,D,0,0,ACCT MANAGER,,AVAIL,N,170
24PHP,SA,7,1,14,14,D,0,0,ACCT MANAGER,,AVAIL,N,170
24PHP,SA,6,7,14,8,D,0,0,ACCT MANAGER,,AVAIL,N,170
24PHP,SA,13,1,36,36,E,0,0,ACCT MANAGER,,AVAIL,N,180
24PHP,SA,5,22,36,15,D,0,0,ACCT MANAGER,,AVAIL,N,170
24PHP,SA,18,1,36,36,E,0,0,ACCT MANAGER,,AVAIL,N,180
24PHP,SA,5,1,14,14,D,0,0,ACCT MANAGER,,AVAIL,N,170
24PHP,SA,11,1,36,36,D,0,0,ACCT MANAGER,,AVAIL,N,170
24PHP,SA,6,22,36,15,D,0,0,ACCT MANAGER,,AVAIL,N,170
24PHP,SA,9,1,36,36,D,0,0,ACCT MANAGER,,AVAIL,N,170
24PHP,SA,4,1,14,14,D,0,0,ACCT MANAGER,,AVAIL,N,170
24PHP,SA,14,1,36,36,E,0,0,ACCT MANAGER,,AVAIL,N,180
24PHP,SA,17,1,36,36,E,0,0,ACCT MANAGER,,AVAIL,N,180
24PHP,SB,13,1,37,37,E,0,0,ACCT MANAGER,,AVAIL,N,200
24PHP,SB,10,3,37,35,D,0,0,ACCT MANAGER,,AVAIL,N,190
24PHP,SB,6,1,37,37,D,0,0,ACCT MANAGER,,AVAIL,N,190
24PHP,SB,5,1,37,37,D,0,0,ACCT MANAGER,,AVAIL,N,190
24PHP,SB,12,9,37,29,E,0,0,ACCT MANAGER,,AVAIL,N,200
24PHP,SB,15,9,37,29,E,0,0,ACCT MANAGER,,AVAIL,N,200
24PHP,SB,4,5,35,31,D,0,0,ACCT MANAGER,,AVAIL,N,190
24PHP,SB,17,3,37,35,E,0,0,ACCT MANAGER,,AVAIL,N,200
24PHP,SB,9,1,37,37,D,0,0,ACCT MANAGER,,AVAIL,N,190
24PHP,SB,12,3,6,4,E,0,0,ACCT MANAGER,,AVAIL,N,200
24PHP,SB,11,1,37,37,D,0,0,ACCT MANAGER,,AVAIL,N,190
24PHP,SB,16,1,37,37,E,0,0,ACCT MANAGER,,AVAIL,N,200
24PHP,SB,7,1,37,37,D,0,0,ACCT MANAGER,,AVAIL,N,190
24PHP,SB,8,1,37,37,D,0,0,ACCT MANAGER,,AVAIL,N,190
24PHP,SB,14,1,37,37,E,0,0,ACCT MANAGER,,AVAIL,N,200
24PHP,SC,13,6,37,32,C,0,0,ACCT MANAGER,,AVAIL,N,230
24PHP,SC,17,1,37,37,C,0,0,ACCT MANAGER,,AVAIL,N,230
24PHP,SC,12,13,37,25,C,0,0,ACCT MANAGER,,AVAIL,N,230
24PHP,SC,11,7,37,31,B,0,0,ACCT MANAGER,,AVAIL,N,220
24PHP,SC,15,1,37,37,C,0,0,ACCT MANAGER,,AVAIL,N,230
24PHP,SC,18,1,37,37,C,0,0,ACCT MANAGER,,AVAIL,N,230
24PHP,SC,9,25,37,13,B,0,0,ACCT MANAGER,,AVAIL,N,220
24PHP,SC,20,1,37,37,C,0,0,ACCT MANAGER,,AVAIL,N,230
24PHP,SC,6,25,37,13,B,0,0,ACCT MANAGER,,AVAIL,N,220
24PHP,SC,5,1,13,13,B,0,0,ACCT MANAGER,,AVAIL,N,220
24PHP,SC,6,1,13,13,B,0,0,ACCT MANAGER,,AVAIL,N,220
24PHP,SC,21,1,12,12,C,0,0,ACCT MANAGER,,AVAIL,N,230
24PHP,SC,4,25,35,11,B,0,0,ACCT MANAGER,,AVAIL,N,220
24PHP,SC,4,5,13,9,B,0,0,ACCT MANAGER,,AVAIL,N,220
24PHP,SC,5,25,37,13,B,0,0,ACCT MANAGER,,AVAIL,N,220
24PHP,SC,16,1,37,37,C,0,0,ACCT MANAGER,,AVAIL,N,230
24PHP,SC,21,26,37,12,C,0,0,ACCT MANAGER,,AVAIL,N,230
24PHP,SC,22,3,10,8,C,0,0,ACCT MANAGER,,AVAIL,N,230
24PHP,SC,8,25,37,13,B,0,0,ACCT MANAGER,,AVAIL,N,220
24PHP,SC,10,7,13,7,B,0,0,ACCT MANAGER,,AVAIL,N,220
24PHP,SC,7,1,13,13,B,0,0,ACCT MANAGER,,AVAIL,N,220
24PHP,SC,19,1,37,37,C,0,0,ACCT MANAGER,,AVAIL,N,230
24PHP,SC,7,25,37,13,B,0,0,ACCT MANAGER,,AVAIL,N,220
24PHP,SC,9,1,13,13,B,0,0,ACCT MANAGER,,AVAIL,N,220
24PHP,SC,8,1,13,13,B,0,0,ACCT MANAGER,,AVAIL,N,220
24PHP,SC,14,2,37,36,C,0,0,ACCT MANAGER,,AVAIL,N,230
24PHP,SC,22,26,35,10,C,0,0,ACCT MANAGER,,AVAIL,N,230
24PHP,SC,10,25,37,13,B,0,0,ACCT MANAGER,,AVAIL,N,220
24PHP,SD,17,1,37,37,C,0,0,ACCT MANAGER,,AVAIL,N,250
24PHP,SD,4,12,14,3,B,0,0,ACCT MANAGER,,AVAIL,N,240
24PHP,SD,5,1,22,22,B,0,0,ACCT MANAGER,,AVAIL,N,240
24PHP,SD,15,1,17,17,C,0,0,ACCT MANAGER,,AVAIL,N,250
24PHP,SD,20,1,34,34,C,0,0,ACCT MANAGER,,AVAIL,N,250
24PHP,SD,9,1,10,10,B,0,0,TROUBLE,,AVAIL,N,240
24PHP,SD,7,3,37,35,B,0,0,ACCT MANAGER,,AVAIL,N,240
24PHP,SD,11,19,37,19,B,0,0,ACCT MANAGER,,AVAIL,N,240
24PHP,SD,21,1,34,34,C,0,0,ACCT MANAGER,,AVAIL,N,250
24PHP,SD,11,1,16,16,B,0,0,ACCT MANAGER,,AVAIL,N,240
24PHP,SD,12,3,14,12,C,0,0,ACCT MANAGER,,AVAIL,N,250
24PHP,SD,18,11,37,27,C,0,0,ACCT MANAGER,,AVAIL,N,250
24PHP,SD,9,11,37,27,B,0,0,ACCT MANAGER,,AVAIL,N,240
24PHP,SD,22,1,34,34,C,0,0,ACCT MANAGER,,AVAIL,N,250
24PHP,SD,6,1,37,37,B,0,0,ACCT MANAGER,,AVAIL,N,240
24PHP,SD,19,1,37,37,C,0,0,ACCT MANAGER,,AVAIL,N,250
24PHP,SD,5,25,34,10,B,0,0,ACCT MANAGER,,AVAIL,N,240
24PHP,SD,4,22,30,9,B,0,0,ACCT MANAGER,,AVAIL,N,240
24PHP,SD,13,3,33,31,C,0,0,ACCT MANAGER,,AVAIL,N,250
24PHP,SD,15,20,37,18,C,0,0,ACCT MANAGER,,AVAIL,N,250
24PHP,SD,16,1,37,37,C,0,0,ACCT MANAGER,,AVAIL,N,250
24PHP,SD,10,1,37,37,B,0,0,ACCT MANAGER,,AVAIL,N,240
24PHP,SD,8,3,37,35,B,0,0,ACCT MANAGER,,AVAIL,N,240
24PHP,SD,14,1,37,37,C,0,0,ACCT MANAGER,,AVAIL,N,250
24PHP,SE,4,26,31,6,B,0,0,ACCT MANAGER,,AVAIL,N,260
24PHP,SE,22,1,23,23,C,0,0,ACCT MANAGER,,AVAIL,N,270
24PHP,SE,9,22,36,15,B,0,0,ACCT MANAGER,,AVAIL,N,260
24PHP,SE,13,1,36,36,C,0,0,ACCT MANAGER,,AVAIL,N,270
24PHP,SE,10,1,13,13,B,0,0,ACCT MANAGER,,AVAIL,N,260
24PHP,SE,7,1,13,13,B,0,0,ACCT MANAGER,,AVAIL,N,260
24PHP,SE,14,1,36,36,C,0,0,ACCT MANAGER,,AVAIL,N,270
24PHP,SE,20,1,36,36,C,0,0,ACCT MANAGER,,AVAIL,N,270
24PHP,SE,17,1,36,36,C,0,0,ACCT MANAGER,,AVAIL,N,270
24PHP,SE,21,1,36,36,C,0,0,ACCT MANAGER,,AVAIL,N,270
24PHP,SE,12,1,36,36,C,0,0,ACCT MANAGER,,AVAIL,N,270
24PHP,SE,19,1,36,36,C,0,0,ACCT MANAGER,,AVAIL,N,270
24PHP,SE,18,1,36,36,C,0,0,ACCT MANAGER,,AVAIL,N,270
24PHP,SE,8,22,36,15,B,0,0,ACCT MANAGER,,AVAIL,N,260
24PHP,SE,8,1,13,13,B,0,0,ACCT MANAGER,,AVAIL,N,260
24PHP,SE,10,22,35,14,B,0,0,ACCT MANAGER,,AVAIL,N,260
24PHP,SE,15,1,36,36,C,0,0,ACCT MANAGER,,AVAIL,N,270
24PHP,SE,16,1,36,36,C,0,0,ACCT MANAGER,,AVAIL,N,270
24PHP,SE,11,1,36,36,B,0,0,ACCT MANAGER,,AVAIL,N,260
24PHP,SE,7,22,36,15,B,0,0,ACCT MANAGER,,AVAIL,N,260
24PHP,SE,22,25,40,16,C,0,0,ACCT MANAGER,,AVAIL,N,270
24PHP,SE,4,3,13,11,B,0,0,ACCT MANAGER,,AVAIL,N,260
24PHP,SE,9,1,13,13,B,0,0,ACCT MANAGER,,AVAIL,N,260
24PHP,SE,5,22,36,15,B,0,0,ACCT MANAGER,,AVAIL,N,260
24PHP,SE,5,1,13,13,B,0,0,ACCT MANAGER,,AVAIL,N,260
24PHP,SE,6,1,13,13,B,0,0,ACCT MANAGER,,AVAIL,N,260
24PHP,SF,4,21,26,6,D,0,0,ACCT MANAGER,,AVAIL,N,280
24PHP,SF,16,1,18,18,E,0,0,ACCT MANAGER,,AVAIL,N,290
24PHP,SF,16,21,39,19,E,0,0,ACCT MANAGER,,AVAIL,N,290
24PHP,SF,6,21,26,6,D,0,0,ACCT MANAGER,,AVAIL,N,280
24PHP,SF,11,21,35,15,E,0,0,ACCT MANAGER,,AVAIL,N,290
24PHP,SF,15,21,39,19,E,0,0,ACCT MANAGER,,AVAIL,N,290
24PHP,SF,2,21,23,3,D,0,0,ACCT MANAGER,,AVAIL,N,280
24PHP,SF,13,21,39,19,E,0,0,ACCT MANAGER,,AVAIL,N,290
24PHP,SF,4,36,39,4,D,0,0,KILL,,AVAIL,Y,280
24PHP,SF,17,1,18,18,E,0,0,ACCT MANAGER,,AVAIL,N,290
24PHP,SF,2,4,18,15,D,0,0,ACCT MANAGER,,AVAIL,N,280
24PHP,SF,8,21,26,6,D,0,0,ACCT MANAGER,,AVAIL,N,280
24PHP,SF,18,1,18,18,E,0,0,ACCT MANAGER,,AVAIL,N,290
24PHP,SF,11,1,18,18,E,0,0,ACCT MANAGER,,AVAIL,N,290
24PHP,SF,20,1,18,18,E,0,0,ACCT MANAGER,,AVAIL,N,290
24PHP,SF,9,32,39,8,E,0,0,ACCT MANAGER,,AVAIL,N,290
24PHP,SF,7,36,39,4,D,0,0,KILL,,AVAIL,Y,280
24PHP,SF,3,36,39,4,D,0,0,KILL,,AVAIL,Y,280
24PHP,SF,3,11,18,8,D,0,0,ACCT MANAGER,,AVAIL,N,280
24PHP,SF,5,36,39,4,D,0,0,KILL,,AVAIL,Y,280
24PHP,SF,3,21,26,6,D,0,0,ACCT MANAGER,,AVAIL,N,280
24PHP,SF,14,21,39,19,E,0,0,ACCT MANAGER,,AVAIL,N,290
24PHP,SF,4,1,18,18,D,0,0,ACCT MANAGER,,AVAIL,N,280
24PHP,SF,9,21,27,7,E,0,0,ACCT MANAGER,,AVAIL,N,290
24PHP,SF,18,21,39,19,E,0,0,ACCT MANAGER,,AVAIL,N,290
24PHP,SF,7,1,18,18,D,0,0,ACCT MANAGER,,AVAIL,N,280
24PHP,SF,19,21,39,19,E,0,0,ACCT MANAGER,,AVAIL,N,290
24PHP,SF,2,36,39,4,D,0,0,KILL,,AVAIL,Y,280
24PHP,SF,10,21,39,19,E,0,0,ACCT MANAGER,,AVAIL,N,290
24PHP,SF,5,21,26,6,D,0,0,ACCT MANAGER,,AVAIL,N,280
24PHP,SF,15,1,18,18,E,0,0,ACCT MANAGER,,AVAIL,N,290
24PHP,SF,17,21,39,19,E,0,0,ACCT MANAGER,,AVAIL,N,290
24PHP,SF,8,36,39,4,D,0,0,KILL,,AVAIL,Y,280
24PHP,SF,1,21,24,4,D,0,0,ACCT MANAGER,,AVAIL,N,280
24PHP,SF,20,21,39,19,E,0,0,ACCT MANAGER,,AVAIL,N,290
24PHP,SF,8,1,18,18,D,0,0,ACCT MANAGER,,AVAIL,N,280
24PHP,SF,1,1,16,16,D,0,0,ACCT MANAGER,,AVAIL,N,280
24PHP,SF,5,1,18,18,D,0,0,ACCT MANAGER,,AVAIL,N,280
24PHP,SF,12,21,39,19,E,0,0,ACCT MANAGER,,AVAIL,N,290
24PHP,SF,6,1,18,18,D,0,0,ACCT MANAGER,,AVAIL,N,280
24PHP,SF,10,1,18,18,E,0,0,ACCT MANAGER,,AVAIL,N,290
24PHP,SF,12,1,18,18,E,0,0,ACCT MANAGER,,AVAIL,N,290
24PHP,SF,13,1,18,18,E,0,0,ACCT MANAGER,,AVAIL,N,290
24PHP,SF,6,36,39,4,D,0,0,KILL,,AVAIL,Y,280
24PHP,SF,9,3,18,16,E,0,0,ACCT MANAGER,,AVAIL,N,290
24PHP,SF,1,36,39,4,D,0,0,KILL,,AVAIL,Y,280
24PHP,SF,19,1,18,18,E,0,0,ACCT MANAGER,,AVAIL,N,290
24PHP,SF,7,21,26,6,D,0,0,ACCT MANAGER,,AVAIL,N,280
24PHP,SF,14,1,18,18,E,0,0,ACCT MANAGER,,AVAIL,N,290
24PHP,SG,15,1,28,28,F,0,0,ACCT MANAGER,,AVAIL,N,320
24PHP,SG,24,1,34,34,F,0,0,ACCT MANAGER,,AVAIL,N,320
24PHP,SG,5,10,21,12,F,0,0,ACCT MANAGER,,AVAIL,N,310
24PHP,SG,13,1,26,26,F,0,0,ACCT MANAGER,,AVAIL,N,320
24PHP,SG,20,1,31,31,F,0,0,ACCT MANAGER,,AVAIL,N,320
24PHP,SG,9,9,24,16,F,0,0,ACCT MANAGER,,AVAIL,N,310
24PHP,SG,22,1,33,33,F,0,0,ACCT MANAGER,,AVAIL,N,320
24PHP,SG,8,1,23,23,F,0,0,ACCT MANAGER,,AVAIL,N,310
24PHP,SG,1,5,6,2,F,0,0,ACCT MANAGER,,AVAIL,N,310
24PHP,SG,6,1,22,22,F,0,0,ACCT MANAGER,,AVAIL,N,310
24PHP,SG,4,20,20,1,F,0,0,ACCT MANAGER,,AVAIL,N,310
24PHP,SG,10,1,24,24,F,0,0,ACCT MANAGER,,AVAIL,N,310
24PHP,SG,7,1,22,22,F,0,0,ACCT MANAGER,,AVAIL,N,310
24PHP,SG,16,1,29,29,F,0,0,ACCT MANAGER,,AVAIL,N,320
24PHP,SG,12,1,26,26,F,0,0,ACCT MANAGER,,AVAIL,N,310
24PHP,SG,14,1,27,27,F,0,0,ACCT MANAGER,,AVAIL,N,320
24PHP,SG,21,1,32,32,F,0,0,ACCT MANAGER,,AVAIL,N,320
24PHP,SG,23,1,33,33,F,0,0,ACCT MANAGER,,AVAIL,N,320
24PHP,SG,18,1,4,4,F,0,0,ACCT MANAGER,,AVAIL,N,320
24PHP,SG,19,1,31,31,F,0,0,ACCT MANAGER,,AVAIL,N,320
24PHP,SG,25,1,35,35,F,0,0,ACCT MANAGER,,AVAIL,N,320
24PHP,SG,11,9,25,17,F,0,0,ACCT MANAGER,,AVAIL,N,310
24PHP,SG,18,6,30,25,F,0,0,ACCT MANAGER,,AVAIL,N,320
24PHP,SG,17,1,29,29,F,0,0,ACCT MANAGER,,AVAIL,N,320
24PHP,SH,5,1,18,18,F,0,0,ACCT MANAGER,,AVAIL,N,330
24PHP,SH,23,1,18,18,F,0,0,ACCT MANAGER,,AVAIL,N,340
24PHP,SH,8,1,18,18,F,0,0,ACCT MANAGER,,AVAIL,N,330
24PHP,SH,14,1,18,18,F,0,0,ACCT MANAGER,,AVAIL,N,340
24PHP,SH,11,1,18,18,F,0,0,ACCT MANAGER,,AVAIL,N,330
24PHP,SH,3,1,18,18,F,0,0,ACCT MANAGER,,AVAIL,N,330
24PHP,SH,22,1,18,18,F,0,0,ACCT MANAGER,,AVAIL,N,340
24PHP,SH,10,1,18,18,F,0,0,ACCT MANAGER,,AVAIL,N,330
24PHP,SH,19,1,18,18,F,0,0,ACCT MANAGER,,AVAIL,N,340
24PHP,SH,20,1,18,18,F,0,0,ACCT MANAGER,,AVAIL,N,340
24PHP,SH,4,1,18,18,F,0,0,ACCT MANAGER,,AVAIL,N,330
24PHP,SH,15,1,18,18,F,0,0,ACCT MANAGER,,AVAIL,N,340
24PHP,SH,24,1,18,18,F,0,0,ACCT MANAGER,,AVAIL,N,340
24PHP,SH,25,1,18,18,F,0,0,ACCT MANAGER,,AVAIL,N,340
24PHP,SH,16,1,18,18,F,0,0,ACCT MANAGER,,AVAIL,N,340
24PHP,SH,7,1,18,18,F,0,0,ACCT MANAGER,,AVAIL,N,330
24PHP,SH,18,1,18,18,F,0,0,ACCT MANAGER,,AVAIL,N,340
24PHP,SH,2,1,18,18,F,0,0,ACCT MANAGER,,AVAIL,N,330
24PHP,SH,6,1,18,18,F,0,0,ACCT MANAGER,,AVAIL,N,330
24PHP,SH,13,1,18,18,F,0,0,ACCT MANAGER,,AVAIL,N,340
24PHP,SH,17,1,18,18,F,0,0,ACCT MANAGER,,AVAIL,N,340
24PHP,SH,1,3,16,14,F,0,0,ACCT MANAGER,,AVAIL,N,330
24PHP,SH,21,1,18,18,F,0,0,ACCT MANAGER,,AVAIL,N,340
24PHP,SH,9,1,18,18,F,0,0,ACCT MANAGER,,AVAIL,N,330
24PHP,SH,12,1,18,18,F,0,0,ACCT MANAGER,,AVAIL,N,330
250211,BARDN1,GA4,1,50,50,E,0,0,TOP SHELF LOUNGE,,AVAIL,N,19
250211,BARDN1,GA0,41,50,10,E,0,0,TOP SHELF LOUNGE,,AVAIL,N,19
250211,BARDN1,GA1,1,50,50,E,0,0,TOP SHELF LOUNGE,,AVAIL,N,19
250211,BARDN1,GA3,1,50,50,E,0,0,TOP SHELF LOUNGE,,AVAIL,N,19
250211,BARDN1,GA2,1,50,50,E,0,0,TOP SHELF LOUNGE,,AVAIL,N,19
250211,FLD2,2,1,4,4,B,83.00,332.00,BIZDEV,,AVAIL,N,2
250211,FLD2,1,6,7,2,A,83.00,166.00,BOX OFFICE HOLD,,AVAIL,N,2
250211,FLD2,1,14,16,3,A,83.00,249.00,DIST-OPEN,,AVAIL,N,2
250211,FLD2,2,10,20,11,B,83.00,913.00,DIST-OPEN,,AVAIL,N,2
250211,GA1,GA3,49,49,1,D,18.00,18.00,DIST-OPEN,,AVAIL,N,7
250211,GA1,GA7,40,42,3,D,18.00,54.00,DIST-OPEN,,AVAIL,N,7
250211,GA1,GA2,31,50,20,D,18.00,360.00,DIST-OPEN,,AVAIL,N,7
250211,GA1,GA0,1,13,13,D,18.00,234.00,KILL,,AVAIL,Y,7
250211,GA1,GA8,1,10,10,D,18.00,180.00,DIST-OPEN,,AVAIL,N,7
250211,GA1,GA3,45,45,1,D,18.00,18.00,DIST-OPEN,,AVAIL,N,7
250211,GA1,GA0,19,31,13,D,18.00,234.00,KILL,,AVAIL,Y,7
250211,GA2,GA5,23,50,28,D,18.00,504.00,DIST-OPEN,,AVAIL,N,8
250211,GA2,GA7,6,50,45,D,18.00,810.00,DIST-OPEN,,AVAIL,N,8
250211,GA2,GA5,1,3,3,D,18.00,54.00,DIST-OPEN,,AVAIL,N,8
250211,GA2,GA5,6,12,7,D,18.00,126.00,DIST-OPEN,,AVAIL,N,8
250211,GA2,GA8,1,50,50,D,18.00,900.00,DIST-OPEN,,AVAIL,N,8
250211,GA2,GA4,4,11,8,D,18.00,144.00,DIST-OPEN,,AVAIL,N,8
250211,GA2,GA9,1,50,50,D,18.00,900.00,DIST-OPEN,,AVAIL,N,8
250211,GA2,GA6,17,50,34,D,18.00,612.00,DIST-OPEN,,AVAIL,N,8
250211,GA2,GA4,41,50,10,D,18.00,180.00,DIST-OPEN,,AVAIL,N,8
250211,GA3,GA7,9,9,1,D,18.00,18.00,DIST-OPEN,,AVAIL,N,9
250211,GA3,GA2,1,50,50,D,18.00,900.00,DIST-OPEN,,AVAIL,N,9
250211,GA3,GA4,1,50,50,D,18.00,900.00,DIST-OPEN,,AVAIL,N,9
250211,GA3,GA3,40,50,11,D,18.00,198.00,DOQ-VETTX1HOLD,VETTX1HOLD,AVAIL,N,9
250211,GA3,GA5,1,4,4,D,18.00,72.00,DOQ-VETTX1HOLD,VETTX1HOLD,AVAIL,N,9
250211,GA3,GA1,3,50,48,D,18.00,864.00,DIST-OPEN,,AVAIL,N,9
250211,GA3,GA0,29,50,22,D,18.00,396.00,DIST-OPEN,,AVAIL,N,9
250211,GA3,GA9,31,50,20,D,18.00,360.00,DIST-OPEN,,AVAIL,N,9
250211,GA3,GA5,13,50,38,D,18.00,684.00,DOQ-VETTX1HOLD,VETTX1HOLD,AVAIL,N,9
250211,GA3,GA8,48,50,3,D,18.00,54.00,DIST-OPEN,,AVAIL,N,9
250211,GA12,GA0,19,36,18,D,18.00,324.00,DOQ-COMPANION,COMPAN,AVAIL,N,18
250211,GA12,GA0,1,18,18,D,18.00,324.00,DOQ-WHEELCHAIR,WCACC,AVAIL,N,18
250211,N1,C,1,6,6,C,35.00,210.00,DIST-OPEN,,AVAIL,N,3
250211,N1,C,7,12,6,C,35.00,210.00,DRESS,,AVAIL,N,3
250211,N1,D,7,12,6,C,35.00,210.00,DIST-OPEN,,AVAIL,N,3
250211,N1,B,7,12,6,C,35.00,210.00,DIST-OPEN,,AVAIL,N,3
250211,N1,A,8,11,4,C,35.00,140.00,DIST-OPEN,,AVAIL,N,3
250211,N1,B,1,6,6,C,35.00,210.00,DRESS,,AVAIL,N,3
250211,N2,C,12,17,6,C,35.00,210.00,DRESS,,AVAIL,N,4
250211,N2,B,5,16,12,C,35.00,420.00,DIST-OPEN,,AVAIL,N,4
250211,N2,A,18,18,1,C,35.00,35.00,DIST-OPEN,,AVAIL,N,4
250211,N2,D,10,12,3,C,35.00,105.00,DIST-OPEN,,AVAIL,N,4
250211,N2,E,1,3,3,C,35.00,105.00,DIST-OPEN,,AVAIL,N,4
250211,N2,G,13,22,10,C,35.00,350.00,DIST-OPEN,,AVAIL,N,4
250211,N2,F,3,12,10,C,35.00,350.00,DIST-OPEN,,AVAIL,N,4
250211,N2,D,16,18,3,C,35.00,105.00,DIST-OPEN,,AVAIL,N,4
250211,N2,G,1,5,5,C,35.00,175.00,DRESS,,AVAIL,N,4
250211,N2,C,3,11,9,C,35.00,315.00,DIST-OPEN,,AVAIL,N,4
250211,N2,E,6,12,7,C,35.00,245.00,DRESS,,AVAIL,N,4
250211,N2,E,17,20,4,C,35.00,140.00,DIST-OPEN,,AVAIL,N,4
250211,N2,F,13,20,8,C,35.00,280.00,DRESS,,AVAIL,N,4
250211,N2,G,6,11,6,C,35.00,210.00,DIST-OPEN,,AVAIL,N,4
250211,N2,A,16,16,1,C,35.00,35.00,DIST-OPEN,,AVAIL,N,4
250211,N3,G,16,18,3,C,35.00,105.00,DRESS,,AVAIL,N,5
250211,N3,F,1,8,8,C,35.00,280.00,DRESS,,AVAIL,N,5
250211,N3,F,19,20,2,C,35.00,70.00,DIST-OPEN,,AVAIL,N,5
250211,N3,D,1,8,8,C,35.00,280.00,DRESS,,AVAIL,N,5
250211,N3,F,16,18,3,C,35.00,105.00,DRESS,,AVAIL,N,5
250211,N3,B,8,18,11,C,35.00,385.00,DIST-OPEN,,AVAIL,N,5
250211,N3,G,1,15,15,C,35.00,525.00,DIST-OPEN,,AVAIL,N,5
250211,N3,G,19,24,6,C,35.00,210.00,DIST-OPEN,,AVAIL,N,5
250211,N3,F,9,15,7,C,35.00,245.00,DIST-OPEN,,AVAIL,N,5
250211,N3,E,1,8,8,C,35.00,280.00,DIST-OPEN,,AVAIL,N,5
250211,N3,D,9,15,7,C,35.00,245.00,DIST-OPEN,,AVAIL,N,5
250211,N3,C,16,20,5,C,35.00,175.00,DIST-OPEN,,AVAIL,N,5
250211,N3,E,9,15,7,C,35.00,245.00,DRESS,,AVAIL,N,5
250211,N3,A,14,16,3,C,35.00,105.00,DIST-OPEN,,AVAIL,N,5
250211,N3,A,7,11,5,C,35.00,175.00,DIST-OPEN,,AVAIL,N,5
250211,N3,D,16,20,5,C,35.00,175.00,DRESS,,AVAIL,N,5
250211,N3,E,16,20,5,C,35.00,175.00,DIST-OPEN,,AVAIL,N,5
250211,N3,B,6,6,1,C,35.00,35.00,DIST-OPEN,,AVAIL,N,5
250211,N4,E,1,6,6,C,35.00,210.00,DRESS,,AVAIL,N,6
250211,N4,F,1,6,6,C,35.00,210.00,DIST-OPEN,,AVAIL,N,6
250211,N4,B,5,6,2,C,35.00,70.00,DIST-OPEN,,AVAIL,N,6
250211,N4,D,1,6,6,C,35.00,210.00,DIST-OPEN,,AVAIL,N,6
250211,N4,C,7,12,6,C,35.00,210.00,DIST-OPEN,,AVAIL,N,6
250211,N4,C,1,6,6,C,35.00,210.00,DRESS,,AVAIL,N,6
250211,N4,G,7,12,6,C,35.00,210.00,DIST-OPEN,,AVAIL,N,6
250211,N4,F,7,12,6,C,35.00,210.00,DRESS,,AVAIL,N,6
250211,N4,G,1,6,6,C,35.00,210.00,DRESS,,AVAIL,N,6
250211,N4,B,7,12,6,C,35.00,210.00,DRESS,,AVAIL,N,6
250211,N4,E,12,12,1,C,35.00,35.00,DIST-OPEN,,AVAIL,N,6
250211,N4,D,7,12,6,C,35.00,210.00,DRESS,,AVAIL,N,6
250211,S1,GA0,1,20,20,F,0,0,OPEN,,AVAIL,N,21
250211,S2,GA0,11,20,10,F,0,0,SUITES,,AVAIL,N,22
250211,S2,GA0,8,10,3,F,0,0,OPEN,,AVAIL,N,22
250211,S4,GA0,1,20,20,G,0,0,SUITES,,AVAIL,N,24
250211,S4,GA0,21,24,4,A,83.00,332.00,KILL,,AVAIL,Y,100
250211FP,GA1,GA5,1,50,50,A,0,0,OPEN,,AVAIL,N,10
250211FP,GA1,GA1,1,50,50,A,0,0,OPEN,,AVAIL,N,10
250211FP,GA1,GA2,1,50,50,A,0,0,OPEN,,AVAIL,N,10
250211FP,GA1,GA8,1,50,50,A,0,0,OPEN,,AVAIL,N,10
250211FP,GA1,GA3,1,50,50,A,0,0,OPEN,,AVAIL,N,10
250211FP,GA1,GA7,1,50,50,A,0,0,OPEN,,AVAIL,N,10
250211FP,GA1,GA0,1,50,50,A,0,0,OPEN,,AVAIL,N,10
250211FP,GA1,GA6,1,50,50,A,0,0,OPEN,,AVAIL,N,10
250211FP,GA1,GA4,1,50,50,A,0,0,OPEN,,AVAIL,N,10
250211FP,GA1,GA9,1,50,50,A,0,0,OPEN,,AVAIL,N,10
250211HC,GA1,GA0,1,4,4,A,0,0,GROUP,,AVAIL,N,10
250211HC,GA1,GA0,5,50,46,A,0,0,KILL,,AVAIL,Y,10
250211MG,GA1,GA3,1,50,50,A,0,0,KILL,,AVAIL,Y,10
250211MG,GA1,GA0,6,15,10,A,0,0,GROUP,,AVAIL,N,10
250211MG,GA1,GA0,16,50,35,A,0,0,KILL,,AVAIL,Y,10
250211MG,GA1,GA4,1,50,50,A,0,0,KILL,,AVAIL,Y,10
250211MG,GA1,GA5,1,50,50,A,0,0,KILL,,AVAIL,Y,10
250211MG,GA1,GA2,1,50,50,A,0,0,KILL,,AVAIL,Y,10
250211MG,GA1,GA6,1,50,50,A,0,0,KILL,,AVAIL,Y,10
250211MG,GA1,GA1,1,50,50,A,0,0,KILL,,AVAIL,Y,10
250211MG,GA1,GA9,1,50,50,A,0,0,KILL,,AVAIL,Y,10
250211MG,GA1,GA7,1,50,50,A,0,0,KILL,,AVAIL,Y,10
250211MG,GA1,GA8,1,50,50,A,0,0,KILL,,AVAIL,Y,10
250212,BARDN1,GA2,1,50,50,E,0,0,TOP SHELF LOUNGE,,AVAIL,N,19
250212,BARDN1,GA3,1,50,50,E,0,0,TOP SHELF LOUNGE,,AVAIL,N,19
250212,BARDN1,GA0,42,50,9,E,0,0,TOP SHELF LOUNGE,,AVAIL,N,19
250212,BARDN1,GA1,1,50,50,E,0,0,TOP SHELF LOUNGE,,AVAIL,N,19
250212,BARDN1,GA4,1,50,50,E,0,0,TOP SHELF LOUNGE,,AVAIL,N,19
250212,FLD1,2,7,14,8,B,0,0,MARKETING,,AVAIL,N,1
250212,FLD1,2,15,20,6,B,0,0,DIST-OPEN,,AVAIL,N,1
250212,FLD2,1,19,20,2,A,0,0,DIST-OPEN,,AVAIL,N,2
250212,FLD2,1,11,16,6,A,0,0,BIZDEV,,AVAIL,N,2
250212,FLD2,2,12,12,1,B,0,0,BOX OFFICE HOLD,,AVAIL,N,2
250212,FLD2,2,13,20,8,B,0,0,DIST-OPEN,,AVAIL,N,2
250212,FLD2,2,4,11,8,B,0,0,MARKETING,,AVAIL,N,2
250212,GA1,GA0,1,13,13,D,0,0,KILL,,AVAIL,Y,7
250212,GA1,GA0,19,31,13,D,0,0,KILL,,AVAIL,Y,7
250212,GA1,GA2,31,50,20,D,0,0,DIST-OPEN,,AVAIL,N,7
250212,GA2,GA6,26,50,25,D,0,0,DIST-OPEN,,AVAIL,N,8
250212,GA2,GA4,34,50,17,D,0,0,DIST-OPEN,,AVAIL,N,8
250212,GA2,GA7,17,50,34,D,0,0,DIST-OPEN,,AVAIL,N,8
250212,GA2,GA8,17,50,34,D,0,0,DIST-OPEN,,AVAIL,N,8
250212,GA2,GA5,26,50,25,D,0,0,DIST-OPEN,,AVAIL,N,8
250212,GA2,GA9,1,48,48,D,0,0,DIST-OPEN,,AVAIL,N,8
250212,GA3,GA1,1,50,50,D,0,0,DIST-OPEN,,AVAIL,N,9
250212,GA3,GA3,1,4,4,D,0,0,DIST-OPEN,,AVAIL,N,9
250212,GA3,GA7,49,50,2,D,0,0,DIST-OPEN,,AVAIL,N,9
250212,GA3,GA6,33,33,1,D,0,0,DIST-OPEN,,AVAIL,N,9
250212,GA3,GA0,21,50,30,D,0,0,DIST-OPEN,,AVAIL,N,9
250212,GA3,GA4,9,30,22,D,0,0,DIST-OPEN,,AVAIL,N,9
250212,GA3,GA9,1,50,50,D,0,0,DIST-OPEN,,AVAIL,N,9
250212,GA3,GA5,33,50,18,D,0,0,DOQ-VETTX1HOLD,VETTX1HOLD,AVAIL,N,9
250212,GA3,GA8,45,50,6,D,0,0,DIST-OPEN,,AVAIL,N,9
250212,GA3,GA2,1,50,50,D,0,0,DIST-OPEN,,AVAIL,N,9
250212,GA3,GA4,32,50,19,D,0,0,DIST-OPEN,,AVAIL,N,9
250212,GA3,GA3,7,50,44,D,0,0,DIST-OPEN,,AVAIL,N,9
250212,GA12,GA0,19,36,18,D,0,0,DOQ-COMPANION,COMPAN,AVAIL,N,18
250212,GA12,GA0,1,18,18,D,0,0,DOQ-WHEELCHAIR,WCACC,AVAIL,N,18
250212,N1,E,1,6,6,C,0,0,DIST-OPEN,,AVAIL,N,3
250212,N1,D,7,12,6,C,0,0,DIST-OPEN,,AVAIL,N,3
250212,N1,C,7,9,3,C,0,0,DIST-OPEN,,AVAIL,N,3
250212,N1,B,11,12,2,C,0,0,DIST-OPEN,,AVAIL,N,3
250212,N1,D,1,6,6,C,0,0,DRESS,,AVAIL,N,3
250212,N1,A,11,12,2,C,0,0,DIST-OPEN,,AVAIL,N,3
250212,N1,C,10,12,3,C,0,0,DRESS,,AVAIL,N,3
250212,N1,E,7,12,6,C,0,0,DRESS,,AVAIL,N,3
250212,N2,F,8,10,3,C,0,0,DIST-OPEN,,AVAIL,N,4
250212,N2,G,1,10,10,C,0,0,DRESS,,AVAIL,N,4
250212,N2,A,16,16,1,C,0,0,DIST-OPEN,,AVAIL,N,4
250212,N2,G,11,22,12,C,0,0,DIST-OPEN,,AVAIL,N,4
250212,N2,F,1,4,4,C,0,0,DIST-OPEN,,AVAIL,N,4
250212,N2,C,10,17,8,C,0,0,DRESS,,AVAIL,N,4
250212,N2,D,12,20,9,C,0,0,DRESS,,AVAIL,N,4
250212,N2,D,10,11,2,C,0,0,DIST-OPEN,,AVAIL,N,4
250212,N2,E,1,10,10,C,0,0,DRESS,,AVAIL,N,4
250212,N2,F,11,20,10,C,0,0,DRESS,,AVAIL,N,4
250212,N2,B,8,16,9,C,0,0,DIST-OPEN,,AVAIL,N,4
250212,N2,A,18,20,3,C,0,0,DIST-OPEN,,AVAIL,N,4
250212,N2,C,5,9,5,C,0,0,DIST-OPEN,,AVAIL,N,4
250212,N2,E,11,16,6,C,0,0,DIST-OPEN,,AVAIL,N,4
250212,N3,A,10,11,2,C,0,0,DIST-OPEN,,AVAIL,N,5
250212,N3,B,6,12,7,C,0,0,DRESS,,AVAIL,N,5
250212,N3,E,6,12,7,C,0,0,DIST-OPEN,,AVAIL,N,5
250212,N3,F,1,9,9,C,0,0,DRESS,,AVAIL,N,5
250212,N3,B,13,18,6,C,0,0,DIST-OPEN,,AVAIL,N,5
250212,N3,E,13,20,8,C,0,0,DRESS,,AVAIL,N,5
250212,N3,D,13,20,8,C,0,0,DIST-OPEN,,AVAIL,N,5
250212,N3,A,14,16,3,C,0,0,DIST-OPEN,,AVAIL,N,5
250212,N3,G,16,24,9,C,0,0,DIST-OPEN,,AVAIL,N,5
250212,N3,C,13,20,8,C,0,0,DRESS,,AVAIL,N,5
250212,N3,D,3,12,10,C,0,0,DRESS,,AVAIL,N,5
250212,N3,G,1,13,13,C,0,0,DIST-OPEN,,AVAIL,N,5
250212,N3,C,10,12,3,C,0,0,DIST-OPEN,,AVAIL,N,5
250212,N3,F,10,20,11,C,0,0,DIST-OPEN,,AVAIL,N,5
250212,N4,A,7,12,6,C,0,0,DRESS,,AVAIL,N,6
250212,N4,D,7,12,6,C,0,0,DIST-OPEN,,AVAIL,N,6
250212,N4,E,7,12,6,C,0,0,DRESS,,AVAIL,N,6
250212,N4,G,1,6,6,C,0,0,DIST-OPEN,,AVAIL,N,6
250212,N4,B,1,6,6,C,0,0,DRESS,,AVAIL,N,6
250212,N4,C,1,6,6,C,0,0,DIST-OPEN,,AVAIL,N,6
250212,N4,B,7,12,6,C,0,0,DIST-OPEN,,AVAIL,N,6
250212,N4,F,1,6,6,C,0,0,DRESS,,AVAIL,N,6
250212,N4,F,7,12,6,C,0,0,DIST-OPEN,,AVAIL,N,6
250212,N4,D,1,6,6,C,0,0,DRESS,,AVAIL,N,6
250212,N4,C,7,12,6,C,0,0,DRESS,,AVAIL,N,6
250212,N4,A,5,6,2,C,0,0,DIST-OPEN,,AVAIL,N,6
250212,N4,G,7,12,6,C,0,0,DRESS,,AVAIL,N,6
250212,N4,E,4,6,3,C,0,0,DIST-OPEN,,AVAIL,N,6
250212,S1,GA0,1,20,20,F,0,0,OPEN,,AVAIL,N,21
250212,S2,GA0,1,20,20,F,0,0,OPEN,,AVAIL,N,22
250212,S4,GA0,21,24,4,A,0,0,KILL,,AVAIL,Y,100
250212HC,GA1,GA0,1,4,4,A,0,0,GROUP,,AVAIL,N,10
250212HC,GA1,GA0,5,50,46,A,0,0,KILL,,AVAIL,Y,10
250212MG,GA1,GA1,1,50,50,A,0,0,KILL,,AVAIL,Y,10
250212MG,GA1,GA4,1,50,50,A,0,0,KILL,,AVAIL,Y,10
250212MG,GA1,GA0,16,50,35,A,0,0,KILL,,AVAIL,Y,10
250212MG,GA1,GA3,1,50,50,A,0,0,KILL,,AVAIL,Y,10
250212MG,GA1,GA5,1,50,50,A,0,0,KILL,,AVAIL,Y,10
250212MG,GA1,GA7,1,50,50,A,0,0,KILL,,AVAIL,Y,10
250212MG,GA1,GA0,3,15,13,A,0,0,GROUP,,AVAIL,N,10
250212MG,GA1,GA8,1,50,50,A,0,0,KILL,,AVAIL,Y,10
250212MG,GA1,GA9,1,50,50,A,0,0,KILL,,AVAIL,Y,10
250212MG,GA1,GA6,1,50,50,A,0,0,KILL,,AVAIL,Y,10
250212MG,GA1,GA2,1,50,50,A,0,0,KILL,,AVAIL,Y,10
250213,BARDN1,GA2,1,50,50,E,0,0,TOP SHELF LOUNGE,,AVAIL,N,19
250213,BARDN1,GA1,1,50,50,E,0,0,TOP SHELF LOUNGE,,AVAIL,N,19
250213,BARDN1,GA3,1,50,50,E,0,0,TOP SHELF LOUNGE,,AVAIL,N,19
250213,BARDN1,GA4,1,50,50,E,0,0,TOP SHELF LOUNGE,,AVAIL,N,19
250213,BARDN1,GA0,1,50,50,E,0,0,TOP SHELF LOUNGE,,AVAIL,N,19
250213,FLD1,2,16,17,2,B,88.00,176.00,DIST-OPEN,,AVAIL,N,1
250213,FLD1,2,9,12,4,B,88.00,352.00,MARKETING,,AVAIL,N,1
250213,FLD2,1,11,20,10,A,88.00,880.00,BIZDEV,,AVAIL,N,2
250213,FLD2,2,1,6,6,B,88.00,528.00,BIZDEV,,AVAIL,N,2
250213,FLD2,2,7,20,14,B,88.00,1232.00,DIST-OPEN,,AVAIL,N,2
250213,GA1,GA0,1,13,13,D,24.00,312.00,KILL,,AVAIL,Y,7
250213,GA1,GA0,19,31,13,D,24.00,312.00,KILL,,AVAIL,Y,7
250213,GA2,GA9,13,50,38,D,24.00,912.00,DIST-OPEN,,AVAIL,N,8
250213,GA2,GA8,17,50,34,D,24.00,816.00,DIST-OPEN,,AVAIL,N,8
250213,GA2,GA4,28,50,23,D,24.00,552.00,DIST-OPEN,,AVAIL,N,8
250213,GA2,GA7,38,50,13,D,24.00,312.00,DIST-OPEN,,AVAIL,N,8
250213,GA3,GA9,5,50,46,D,24.00,1104.00,DIST-OPEN,,AVAIL,N,9
250213,GA3,GA5,41,50,10,D,24.00,240.00,DOQ-VETTX1HOLD,VETTX1HOLD,AVAIL,N,9
250213,GA3,GA3,1,25,25,D,24.00,600.00,DOQ-VETTX1HOLD,VETTX1HOLD,AVAIL,N,9
250213,GA3,GA0,41,50,10,D,24.00,240.00,DIST-OPEN,,AVAIL,N,9
250213,GA3,GA8,46,50,5,D,24.00,120.00,DIST-OPEN,,AVAIL,N,9
250213,GA3,GA3,26,50,25,D,24.00,600.00,DIST-OPEN,,AVAIL,N,9
250213,GA3,GA0,26,26,1,D,24.00,24.00,DIST-OPEN,,AVAIL,N,9
250213,GA3,GA4,4,12,9,D,24.00,216.00,DIST-OPEN,,AVAIL,N,9
250213,GA3,GA2,1,50,50,D,24.00,1200.00,DIST-OPEN,,AVAIL,N,9
250213,GA3,GA4,16,49,34,D,24.00,816.00,DIST-OPEN,,AVAIL,N,9
250213,GA12,GA0,19,36,18,D,24.00,432.00,DOQ-COMPANION,COMPAN,AVAIL,N,18
250213,GA12,GA0,1,18,18,D,24.00,432.00,DOQ-WHEELCHAIR,WCACC,AVAIL,N,18
250213,N1,D,1,6,6,C,41.00,246.00,DRESS,,AVAIL,N,3
250213,N1,D,7,12,6,C,41.00,246.00,DIST-OPEN,,AVAIL,N,3
250213,N1,F,7,12,6,C,41.00,246.00,DIST-OPEN,,AVAIL,N,3
250213,N1,E,7,12,6,C,41.00,246.00,DRESS,,AVAIL,N,3
250213,N1,C,7,12,6,C,41.00,246.00,DIST-OPEN,,AVAIL,N,3
250213,N1,B,5,8,4,C,41.00,164.00,DIST-OPEN,,AVAIL,N,3
250213,N1,F,1,6,6,C,41.00,246.00,DRESS,,AVAIL,N,3
250213,N1,E,1,6,6,C,41.00,246.00,DIST-OPEN,,AVAIL,N,3
250213,N1,G,7,16,10,C,41.00,410.00,DRESS,,AVAIL,N,3
250213,N2,A,18,18,1,C,41.00,41.00,DIST-OPEN,,AVAIL,N,4
250213,N2,G,9,22,14,C,41.00,574.00,DIST-OPEN,,AVAIL,N,4
250213,N2,D,6,8,3,C,41.00,123.00,DIST-OPEN,,AVAIL,N,4
250213,N2,F,11,20,10,C,41.00,410.00,DRESS,,AVAIL,N,4
250213,N2,C,9,10,2,C,41.00,82.00,DIST-OPEN,,AVAIL,N,4
250213,N2,F,2,10,9,C,41.00,369.00,DIST-OPEN,,AVAIL,N,4
250213,N2,B,9,16,8,C,41.00,328.00,DIST-OPEN,,AVAIL,N,4
250213,N2,C,3,8,6,C,41.00,246.00,DRESS,,AVAIL,N,4
250213,N2,D,9,17,9,C,41.00,369.00,DRESS,,AVAIL,N,4
250213,N2,A,16,16,1,C,41.00,41.00,DIST-OPEN,,AVAIL,N,4
250213,N3,A,14,16,3,C,41.00,123.00,DIST-OPEN,,AVAIL,N,5
250213,N3,F,1,9,9,C,41.00,369.00,DIST-OPEN,,AVAIL,N,5
250213,N3,B,18,18,1,C,41.00,41.00,DIST-OPEN,,AVAIL,N,5
250213,N3,E,14,18,5,C,41.00,205.00,DIST-OPEN,,AVAIL,N,5
250213,N3,C,18,20,3,C,41.00,123.00,DIST-OPEN,,AVAIL,N,5
250213,N3,G,16,21,6,C,41.00,246.00,DIST-OPEN,,AVAIL,N,5
250213,N3,D,10,20,11,C,41.00,451.00,DRESS,,AVAIL,N,5
250213,N3,F,10,20,11,C,41.00,451.00,DRESS,,AVAIL,N,5
250213,N3,G,1,9,9,C,41.00,369.00,DIST-OPEN,,AVAIL,N,5
250213,N4,D,1,6,6,C,41.00,246.00,DRESS,,AVAIL,N,6
250213,N4,C,1,12,12,C,41.00,492.00,DIST-OPEN,,AVAIL,N,6
250213,N4,G,5,12,8,C,41.00,328.00,DRESS,,AVAIL,N,6
250213,N4,E,6,6,1,C,41.00,41.00,DIST-OPEN,,AVAIL,N,6
250213,N4,F,7,12,6,C,41.00,246.00,DIST-OPEN,,AVAIL,N,6
250213,N4,D,7,12,6,C,41.00,246.00,DIST-OPEN,,AVAIL,N,6
250213,N4,G,1,4,4,C,41.00,164.00,DIST-OPEN,,AVAIL,N,6
250213,N4,F,1,6,6,C,41.00,246.00,DRESS,,AVAIL,N,6
250213,N4,E,7,12,6,C,41.00,246.00,DRESS,,AVAIL,N,6
250213,N4,B,12,12,1,C,41.00,41.00,DIST-OPEN,,AVAIL,N,6
250213,S1,GA0,14,20,7,F,0,0,SUITES,,AVAIL,N,21
250213,S2,GA0,10,20,11,F,0,0,SUITES,,AVAIL,N,22
250213,S4,GA0,22,24,3,G,0,0,KILL,,AVAIL,Y,100
250213HC,GA1,GA0,1,4,4,A,0,0,GROUP,,AVAIL,N,10
250213HC,GA1,GA0,5,50,46,A,0,0,KILL,,AVAIL,Y,10
250213MG,GA1,GA7,1,50,50,A,0,0,KILL,,AVAIL,Y,10
250213MG,GA1,GA0,22,25,4,A,0,0,GROUP,,AVAIL,N,10
250213MG,GA1,GA3,1,50,50,A,0,0,KILL,,AVAIL,Y,10
250213MG,GA1,GA8,1,50,50,A,0,0,KILL,,AVAIL,Y,10
250213MG,GA1,GA5,1,50,50,A,0,0,KILL,,AVAIL,Y,10
250213MG,GA1,GA1,1,50,50,A,0,0,KILL,,AVAIL,Y,10
250213MG,GA1,GA2,1,50,50,A,0,0,KILL,,AVAIL,Y,10
250213MG,GA1,GA0,26,50,25,A,0,0,KILL,,AVAIL,Y,10
250213MG,GA1,GA4,1,50,50,A,0,0,KILL,,AVAIL,Y,10
250213MG,GA1,GA6,1,50,50,A,0,0,KILL,,AVAIL,Y,10
250213MG,GA1,GA9,1,50,50,A,0,0,KILL,,AVAIL,Y,10
250213MG,GA1,GA0,1,10,10,A,0,0,GROUP,,AVAIL,N,10
250214,BARDN1,GA1,1,50,50,E,0,0,TOP SHELF LOUNGE,,AVAIL,N,19
250214,BARDN1,GA4,1,50,50,E,0,0,TOP SHELF LOUNGE,,AVAIL,N,19
250214,BARDN1,GA0,1,50,50,E,0,0,TOP SHELF LOUNGE,,AVAIL,N,19
250214,BARDN1,GA3,1,50,50,E,0,0,TOP SHELF LOUNGE,,AVAIL,N,19
250214,BARDN1,GA2,1,50,50,E,0,0,TOP SHELF LOUNGE,,AVAIL,N,19
250214,FLD1,2,17,20,4,B,138.00,552.00,MARKETING,,AVAIL,N,1
250214,FLD1,2,1,16,16,B,138.00,2208.00,DIST-OPEN,,AVAIL,N,1
250214,FLD2,2,1,4,4,B,138.00,552.00,MARKETING,,AVAIL,N,2
250214,FLD2,1,15,20,6,A,138.00,828.00,BIZDEV,,AVAIL,N,2
250214,FLD2,1,13,14,2,A,138.00,276.00,DIST-OPEN,,AVAIL,N,2
250214,FLD2,2,5,20,16,B,138.00,2208.00,DIST-OPEN,,AVAIL,N,2
250214,FLD2,1,10,10,1,A,138.00,138.00,DIST-OPEN,,AVAIL,N,2
250214,FLD2,1,1,2,2,A,138.00,276.00,DIST-OPEN,,AVAIL,N,2
250214,FLD2,1,5,6,2,A,138.00,276.00,DIST-OPEN,,AVAIL,N,2
250214,GA1,GA3,32,50,19,D,35.00,665.00,DIST-OPEN,,AVAIL,N,7
250214,GA1,GA0,1,13,13,D,35.00,455.00,KILL,,AVAIL,Y,7
250214,GA1,GA0,19,31,13,D,35.00,455.00,KILL,,AVAIL,Y,7
250214,GA2,GA7,1,50,50,D,35.00,1750.00,DIST-OPEN,,AVAIL,N,8
250214,GA2,GA6,8,50,43,D,35.00,1505.00,DIST-OPEN,,AVAIL,N,8
250214,GA2,GA8,1,50,50,D,35.00,1750.00,DIST-OPEN,,AVAIL,N,8
250214,GA2,GA9,1,50,50,D,35.00,1750.00,DIST-OPEN,,AVAIL,N,8
250214,GA3,GA5,42,50,9,D,35.00,315.00,DIST-OPEN,,AVAIL,N,9
250214,GA3,GA4,10,50,41,D,35.00,1435.00,DIST-OPEN,,AVAIL,N,9
250214,GA3,GA1,1,50,50,D,35.00,1750.00,DIST-OPEN,,AVAIL,N,9
250214,GA3,GA2,4,50,47,D,35.00,1645.00,DIST-OPEN,,AVAIL,N,9
250214,GA3,GA3,1,50,50,D,35.00,1750.00,DIST-OPEN,,AVAIL,N,9
250214,GA12,GA0,1,18,18,D,35.00,630.00,DOQ-WHEELCHAIR,WCACC,AVAIL,N,18
250214,GA12,GA0,19,36,18,D,35.00,630.00,DOQ-COMPANION,COMPAN,AVAIL,N,18
250214,N1,G,1,6,6,C,58.00,348.00,DRESS,,AVAIL,N,3
250214,N1,B,7,10,4,C,58.00,232.00,DRESS,,AVAIL,N,3
250214,N1,F,1,6,6,C,58.00,348.00,DIST-OPEN,,AVAIL,N,3
250214,N1,E,1,6,6,C,58.00,348.00,DRESS,,AVAIL,N,3
250214,N1,D,7,12,6,C,58.00,348.00,DRESS,,AVAIL,N,3
250214,N1,G,13,16,4,C,58.00,232.00,DRESS,,AVAIL,N,3
250214,N1,E,7,12,6,C,58.00,348.00,DIST-OPEN,,AVAIL,N,3
250214,N1,C,7,12,6,C,58.00,348.00,DIST-OPEN,,AVAIL,N,3
250214,N1,C,1,6,6,C,58.00,348.00,DRESS,,AVAIL,N,3
250214,N1,B,1,6,6,C,58.00,348.00,DIST-OPEN,,AVAIL,N,3
250214,N1,D,1,6,6,C,58.00,348.00,DIST-OPEN,,AVAIL,N,3
250214,N1,G,11,12,2,C,58.00,116.00,DIST-OPEN,,AVAIL,N,3
250214,N1,F,7,12,6,C,58.00,348.00,DRESS,,AVAIL,N,3
250214,N2,A,16,16,1,C,58.00,58.00,DIST-OPEN,,AVAIL,N,4
250214,N2,G,1,10,10,C,58.00,580.00,DRESS,,AVAIL,N,4
250214,N2,F,14,20,7,C,58.00,406.00,DRESS,,AVAIL,N,4
250214,N2,E,14,16,3,C,58.00,174.00,DIST-OPEN,,AVAIL,N,4
250214,N2,G,11,24,14,C,58.00,812.00,DIST-OPEN,,AVAIL,N,4
250214,N2,A,18,18,1,C,58.00,58.00,DIST-OPEN,,AVAIL,N,4
250214,N2,D,12,12,1,C,58.00,58.00,DIST-OPEN,,AVAIL,N,4
250214,N2,C,3,8,6,C,58.00,348.00,DRESS,,AVAIL,N,4
250214,N2,F,5,13,9,C,58.00,522.00,DIST-OPEN,,AVAIL,N,4
250214,N2,B,12,13,2,C,58.00,116.00,DIST-OPEN,,AVAIL,N,4
250214,N3,E,3,4,2,C,58.00,116.00,DIST-OPEN,,AVAIL,N,5
250214,N3,G,1,6,6,C,58.00,348.00,DIST-OPEN,,AVAIL,N,5
250214,N3,D,7,12,6,C,58.00,348.00,DIST-OPEN,,AVAIL,N,5
250214,N3,E,10,20,11,C,58.00,638.00,DRESS,,AVAIL,N,5
250214,N3,D,17,20,4,C,58.00,232.00,DIST-OPEN,,AVAIL,N,5
250214,N3,F,1,8,8,C,58.00,464.00,DRESS,,AVAIL,N,5
250214,N3,F,9,20,12,C,58.00,696.00,DIST-OPEN,,AVAIL,N,5
250214,N3,G,16,24,9,C,58.00,522.00,DRESS,,AVAIL,N,5
250214,N3,B,14,15,2,C,58.00,116.00,DIST-OPEN,,AVAIL,N,5
250214,N3,D,3,6,4,C,58.00,232.00,DRESS,,AVAIL,N,5
250214,N3,B,6,11,6,C,58.00,348.00,DRESS,,AVAIL,N,5
250214,N4,C,1,6,6,C,58.00,348.00,DIST-OPEN,,AVAIL,N,6
250214,N4,D,7,12,6,C,58.00,348.00,DIST-OPEN,,AVAIL,N,6
250214,N4,A,7,12,6,C,58.00,348.00,DRESS,,AVAIL,N,6
250214,N4,G,7,12,6,C,58.00,348.00,DRESS,,AVAIL,N,6
250214,N4,E,7,12,6,C,58.00,348.00,DRESS,,AVAIL,N,6
250214,N4,F,1,6,6,C,58.00,348.00,DRESS,,AVAIL,N,6
250214,N4,E,3,6,4,C,58.00,232.00,DIST-OPEN,,AVAIL,N,6
250214,N4,D,1,6,6,C,58.00,348.00,DRESS,,AVAIL,N,6
250214,N4,B,1,6,6,C,58.00,348.00,DRESS,,AVAIL,N,6
250214,N4,F,7,12,6,C,58.00,348.00,DIST-OPEN,,AVAIL,N,6
250214,N4,G,1,6,6,C,58.00,348.00,DIST-OPEN,,AVAIL,N,6
250214,N4,C,7,12,6,C,58.00,348.00,DRESS,,AVAIL,N,6
250214,N4,B,7,12,6,C,58.00,348.00,DIST-OPEN,,AVAIL,N,6
250214,S1,GA0,1,20,20,F,0,0,SUITES,,AVAIL,N,21
250214,S2,GA0,1,20,20,F,0,0,SUITES,,AVAIL,N,22
250214,S4,GA0,7,20,14,G,0,0,SUITES,,AVAIL,N,24
250214,S4,GA0,21,24,4,A,138.00,552.00,KILL,,AVAIL,Y,100
250214HC,GA1,GA0,1,4,4,A,0,0,GROUP,,AVAIL,N,10
250214HC,GA1,GA0,5,50,46,A,0,0,KILL,,AVAIL,Y,10
250214MG,GA1,GA7,1,50,50,A,0,0,KILL,,AVAIL,Y,10
250214MG,GA1,GA0,16,50,35,A,0,0,KILL,,AVAIL,Y,10
250214MG,GA1,GA2,1,50,50,A,0,0,KILL,,AVAIL,Y,10
250214MG,GA1,GA9,1,50,50,A,0,0,KILL,,AVAIL,Y,10
250214MG,GA1,GA1,1,50,50,A,0,0,KILL,,AVAIL,Y,10
250214MG,GA1,GA3,1,50,50,A,0,0,KILL,,AVAIL,Y,10
250214MG,GA1,GA6,1,50,50,A,0,0,KILL,,AVAIL,Y,10
250214MG,GA1,GA5,1,50,50,A,0,0,KILL,,AVAIL,Y,10
250214MG,GA1,GA4,1,50,50,A,0,0,KILL,,AVAIL,Y,10
250214MG,GA1,GA8,1,50,50,A,0,0,KILL,,AVAIL,Y,10
250214MG,GA1,GA0,5,15,11,A,0,0,GROUP,,AVAIL,N,10
250215A,BARDN1,GA1,1,50,50,E,0,0,TOP SHELF LOUNGE,,AVAIL,N,19
250215A,BARDN1,GA4,1,50,50,E,0,0,TOP SHELF LOUNGE,,AVAIL,N,19
250215A,BARDN1,GA2,1,50,50,E,0,0,TOP SHELF LOUNGE,,AVAIL,N,19
250215A,BARDN1,GA3,1,50,50,E,0,0,TOP SHELF LOUNGE,,AVAIL,N,19
250215A,BARDN2,GA9,1,50,50,E,0,0,KILL,,AVAIL,Y,20
250215A,BARDN2,GA0,2,50,49,E,0,0,KILL,,AVAIL,Y,20
250215A,BARDN2,GA3,1,50,50,E,0,0,KILL,,AVAIL,Y,20
250215A,BARDN2,GA7,1,50,50,E,0,0,KILL,,AVAIL,Y,20
250215A,BARDN2,GA5,1,50,50,E,0,0,KILL,,AVAIL,Y,20
250215A,BARDN2,GA2,1,50,50,E,0,0,KILL,,AVAIL,Y,20
250215A,BARDN2,GA1,1,50,50,E,0,0,KILL,,AVAIL,Y,20
250215A,BARDN2,GA4,1,50,50,E,0,0,KILL,,AVAIL,Y,20
250215A,BARDN2,GA6,1,50,50,E,0,0,KILL,,AVAIL,Y,20
250215A,BARDN2,GA8,1,50,50,E,0,0,KILL,,AVAIL,Y,20
250215A,GA1,GA0,1,13,13,D,37.00,481.00,KILL,,AVAIL,Y,7
250215A,GA1,GA0,19,31,13,D,37.00,481.00,KILL,,AVAIL,Y,7
250215A,GA10,GA8,1,50,50,D,37.00,1850.00,KILL,,AVAIL,Y,16
250215A,GA10,GA9,1,50,50,D,37.00,1850.00,KILL,,AVAIL,Y,16
250215A,GA10,GA6,1,50,50,D,37.00,1850.00,KILL,,AVAIL,Y,16
250215A,GA10,GA7,1,50,50,D,37.00,1850.00,KILL,,AVAIL,Y,16
250215A,GA10,GA1,26,27,2,D,37.00,74.00,DOQ-COMPANION,COMPAN,AVAIL,N,16
250215A,GA10,GA4,1,50,50,D,37.00,1850.00,KILL,,AVAIL,Y,16
250215A,GA10,GA5,1,50,50,D,37.00,1850.00,KILL,,AVAIL,Y,16
250215A,GA10,GA2,1,50,50,D,37.00,1850.00,KILL,,AVAIL,Y,16
250215A,GA10,GA3,1,50,50,D,37.00,1850.00,KILL,,AVAIL,Y,16
250215A,GA12,GA0,23,36,14,D,37.00,518.00,DOQ-COMPANION,COMPAN,AVAIL,N,18
250215A,GA12,GA0,1,18,18,D,37.00,666.00,DOQ-WHEELCHAIR,WCACC,AVAIL,N,18
250215A,N2,D,10,13,4,C,57.00,228.00,OPEN,,AVAIL,N,4
250215A,N4,F,9,11,3,C,57.00,171.00,DIST-OPEN,,AVAIL,N,6
250215A,S1,GA0,18,20,3,F,0,0,SUITES,,AVAIL,N,21
250215A,S2,GA0,5,20,16,F,0,0,SUITES,,AVAIL,N,22
250215A,S4,GA0,21,24,4,A,0,0,KILL,,AVAIL,Y,100
250215A,S4,GA0,1,20,20,G,0,0,SUITES,,AVAIL,N,24
250215E,BARDN1,GA4,1,50,50,E,0,0,KILL,,AVAIL,Y,19
250215E,BARDN1,GA2,1,50,50,E,0,0,KILL,,AVAIL,Y,19
250215E,BARDN1,GA3,1,50,50,E,0,0,KILL,,AVAIL,Y,19
250215E,BARDN1,GA1,11,50,40,E,0,0,KILL,,AVAIL,Y,19
250215E,FLD1,2,7,11,5,B,275.00,1375.00,BIZDEV,,AVAIL,N,1
250215E,GA1,GA0,1,13,13,D,56.00,728.00,KILL,,AVAIL,Y,7
250215E,GA1,GA0,19,31,13,D,56.00,728.00,KILL,,AVAIL,Y,7
250215E,GA10,GA1,2,40,39,D,56.00,2184.00,KILL,,AVAIL,Y,16
250215E,GA10,GA1,50,50,1,D,56.00,56.00,BOX OFFICE HOLD,,AVAIL,N,16
250215E,GA10,GA6,1,50,50,D,56.00,2800.00,KILL,,AVAIL,Y,16
250215E,GA10,GA4,1,50,50,D,56.00,2800.00,KILL,,AVAIL,Y,16
250215E,GA10,GA3,1,50,50,D,56.00,2800.00,KILL,,AVAIL,Y,16
250215E,GA10,GA7,1,50,50,D,56.00,2800.00,KILL,,AVAIL,Y,16
250215E,GA10,GA8,1,50,50,D,56.00,2800.00,KILL,,AVAIL,Y,16
250215E,GA10,GA2,1,50,50,D,56.00,2800.00,KILL,,AVAIL,Y,16
250215E,GA10,GA5,1,50,50,D,56.00,2800.00,KILL,,AVAIL,Y,16
250215E,GA10,GA9,1,50,50,D,56.00,2800.00,KILL,,AVAIL,Y,16
250215E,GA12,GA0,24,33,10,D,56.00,560.00,DOQ-COMPANION,COMPAN,AVAIL,N,18
250215E,GA12,GA0,1,18,18,D,56.00,1008.00,DOQ-WHEELCHAIR,WCACC,AVAIL,N,18
250215E,S1,GA0,24,25,2,F,0,0,KILL,,AVAIL,Y,100
250216A,BARDN1,GA2,1,50,50,E,0,0,TOP SHELF LOUNGE,,AVAIL,N,19
250216A,BARDN1,GA0,1,50,50,E,0,0,TOP SHELF LOUNGE,,AVAIL,N,19
250216A,BARDN1,GA4,1,50,50,E,0,0,TOP SHELF LOUNGE,,AVAIL,N,19
250216A,BARDN1,GA1,1,50,50,E,0,0,TOP SHELF LOUNGE,,AVAIL,N,19
250216A,BARDN1,GA3,1,50,50,E,0,0,TOP SHELF LOUNGE,,AVAIL,N,19
250216A,FLD1,2,9,17,9,B,83.00,747.00,DIST-OPEN,,AVAIL,N,1
250216A,FLD2,2,1,4,4,B,83.00,332.00,MARKETING,,AVAIL,N,2
250216A,FLD2,1,15,20,6,A,83.00,498.00,BIZDEV,,AVAIL,N,2
250216A,FLD2,2,5,20,16,B,83.00,1328.00,DIST-OPEN,,AVAIL,N,2
250216A,GA1,GA6,24,24,1,D,28.00,28.00,DIST-EXCP,,AVAIL,N,7
250216A,GA1,GA0,19,31,13,D,28.00,364.00,KILL,,AVAIL,Y,7
250216A,GA1,GA0,1,13,13,D,28.00,364.00,KILL,,AVAIL,Y,7
250216A,GA2,GA8,12,13,2,D,28.00,56.00,DIST-OPEN,,AVAIL,N,8
250216A,GA2,GA8,19,50,32,D,28.00,896.00,DIST-OPEN,,AVAIL,N,8
250216A,GA2,GA7,43,46,4,D,28.00,112.00,DIST-OPEN,,AVAIL,N,8
250216A,GA2,GA7,48,50,3,D,28.00,84.00,DIST-OPEN,,AVAIL,N,8
250216A,GA2,GA6,45,46,2,D,28.00,56.00,DIST-OPEN,,AVAIL,N,8
250216A,GA2,GA5,48,49,2,D,28.00,56.00,DIST-OPEN,,AVAIL,N,8
250216A,GA2,GA9,10,50,41,D,28.00,1148.00,DIST-OPEN,,AVAIL,N,8
250216A,GA3,GA3,7,50,44,D,28.00,1232.00,DIST-OPEN,,AVAIL,N,9
250216A,GA3,GA7,46,49,4,D,28.00,112.00,PLAYERS,,AVAIL,N,9
250216A,GA3,GA9,1,8,8,D,28.00,224.00,DIST-OPEN,,AVAIL,N,9
250216A,GA3,GA4,11,50,40,D,28.00,1120.00,DIST-OPEN,,AVAIL,N,9
250216A,GA3,GA0,43,50,8,D,28.00,224.00,DIST-OPEN,,AVAIL,N,9
250216A,GA3,GA1,10,50,41,D,28.00,1148.00,DIST-OPEN,,AVAIL,N,9
250216A,GA3,GA2,6,50,45,D,28.00,1260.00,DIST-OPEN,,AVAIL,N,9
250216A,GA3,GA7,50,50,1,D,28.00,28.00,DIST-OPEN,,AVAIL,N,9
250216A,GA3,GA9,13,50,38,D,28.00,1064.00,DIST-OPEN,,AVAIL,N,9
250216A,GA3,GA8,39,50,12,D,28.00,336.00,DOQ-VETTX1HOLD,VETTX1HOLD,AVAIL,N,9
250216A,GA12,GA0,1,18,18,D,28.00,504.00,DOQ-WHEELCHAIR,WCACC,AVAIL,N,18
250216A,GA12,GA0,19,36,18,D,28.00,504.00,DOQ-COMPANION,COMPAN,AVAIL,N,18
250216A,N1,B,10,10,1,C,46.00,46.00,DIST-OPEN,,AVAIL,N,3
250216A,N1,E,7,12,6,C,46.00,276.00,DIST-OPEN,,AVAIL,N,3
250216A,N1,F,1,6,6,C,46.00,276.00,DIST-OPEN,,AVAIL,N,3
250216A,N1,D,1,6,6,C,46.00,276.00,DIST-OPEN,,AVAIL,N,3
250216A,N1,D,7,12,6,C,46.00,276.00,DRESS,,AVAIL,N,3
250216A,N1,F,7,12,6,C,46.00,276.00,DRESS,,AVAIL,N,3
250216A,N1,C,1,6,6,C,46.00,276.00,DRESS,,AVAIL,N,3
250216A,N1,C,7,12,6,C,46.00,276.00,DIST-OPEN,,AVAIL,N,3
250216A,N1,G,9,16,8,C,46.00,368.00,DRESS,,AVAIL,N,3
250216A,N1,E,1,6,6,C,46.00,276.00,DRESS,,AVAIL,N,3
250216A,N2,G,9,19,11,C,46.00,506.00,DIST-OPEN,,AVAIL,N,4
250216A,N2,A,16,16,1,C,46.00,46.00,DIST-OPEN,,AVAIL,N,4
250216A,N2,D,9,13,5,C,46.00,230.00,DIST-OPEN,,AVAIL,N,4
250216A,N2,C,5,10,6,C,46.00,276.00,DIST-OPEN,,AVAIL,N,4
250216A,N2,E,1,10,10,C,46.00,460.00,DRESS,,AVAIL,N,4
250216A,N2,C,16,17,2,C,46.00,92.00,DIST-OPEN,,AVAIL,N,4
250216A,N2,F,11,20,10,C,46.00,460.00,DRESS,,AVAIL,N,4
250216A,N2,G,23,24,2,C,46.00,92.00,DIST-OPEN,,AVAIL,N,4
250216A,N2,F,1,10,10,C,46.00,460.00,DIST-OPEN,,AVAIL,N,4
250216A,N2,E,11,18,8,C,46.00,368.00,DIST-OPEN,,AVAIL,N,4
250216A,N2,B,15,16,2,C,46.00,92.00,DIST-OPEN,,AVAIL,N,4
250216A,N2,G,5,8,4,C,46.00,184.00,DRESS,,AVAIL,N,4
250216A,N2,A,18,18,1,C,46.00,46.00,DIST-OPEN,,AVAIL,N,4
250216A,N3,D,4,12,9,C,46.00,414.00,DRESS,,AVAIL,N,5
250216A,N3,B,13,16,4,C,46.00,184.00,DIST-OPEN,,AVAIL,N,5
250216A,N3,A,14,16,3,C,46.00,138.00,DIST-OPEN,,AVAIL,N,5
250216A,N3,C,10,12,3,C,46.00,138.00,DIST-OPEN,,AVAIL,N,5
250216A,N3,B,6,12,7,C,46.00,322.00,DRESS,,AVAIL,N,5
250216A,N3,A,11,11,1,C,46.00,46.00,DIST-OPEN,,AVAIL,N,5
250216A,N3,C,13,20,8,C,46.00,368.00,DRESS,,AVAIL,N,5
250216A,N3,F,13,20,8,C,46.00,368.00,DIST-OPEN,,AVAIL,N,5
250216A,N3,D,13,20,8,C,46.00,368.00,DIST-OPEN,,AVAIL,N,5
250216A,N3,G,1,20,20,C,46.00,920.00,DIST-OPEN,,AVAIL,N,5
250216A,N3,F,1,12,12,C,46.00,552.00,DRESS,,AVAIL,N,5
250216A,N3,G,21,24,4,C,46.00,184.00,DRESS,,AVAIL,N,5
250216A,N3,E,13,14,2,C,46.00,92.00,DRESS,,AVAIL,N,5
250216A,N3,E,4,12,9,C,46.00,414.00,DIST-OPEN,,AVAIL,N,5
250216A,N4,E,7,12,6,C,46.00,276.00,DIST-OPEN,,AVAIL,N,6
250216A,N4,D,7,12,6,C,46.00,276.00,DRESS,,AVAIL,N,6
250216A,N4,F,1,6,6,C,46.00,276.00,DIST-OPEN,,AVAIL,N,6
250216A,N4,F,7,12,6,C,46.00,276.00,DRESS,,AVAIL,N,6
250216A,N4,A,8,10,3,C,46.00,138.00,DIST-OPEN,,AVAIL,N,6
250216A,N4,B,9,12,4,C,46.00,184.00,DRESS,,AVAIL,N,6
250216A,N4,C,7,12,6,C,46.00,276.00,DIST-OPEN,,AVAIL,N,6
250216A,N4,G,1,6,6,C,46.00,276.00,DRESS,,AVAIL,N,6
250216A,N4,G,7,12,6,C,46.00,276.00,DIST-OPEN,,AVAIL,N,6
250216A,N4,E,1,6,6,C,46.00,276.00,DRESS,,AVAIL,N,6
250216A,N4,D,1,6,6,C,46.00,276.00,DIST-OPEN,,AVAIL,N,6
250216A,N4,C,1,6,6,C,46.00,276.00,DRESS,,AVAIL,N,6
250216A,S1,GA0,5,20,16,F,0,0,SUITES,,AVAIL,N,21
250216A,S2,GA0,1,20,20,F,0,0,SUITES,,AVAIL,N,22
250216A,S4,GA0,21,24,4,A,83.00,332.00,KILL,,AVAIL,Y,100
250216E,BARDN1,GA0,1,50,50,E,0,0,TOP SHELF LOUNGE,,AVAIL,N,19
250216E,BARDN1,GA4,1,50,50,E,0,0,TOP SHELF LOUNGE,,AVAIL,N,19
250216E,BARDN1,GA3,1,50,50,E,0,0,TOP SHELF LOUNGE,,AVAIL,N,19
250216E,BARDN1,GA2,1,50,50,E,0,0,TOP SHELF LOUNGE,,AVAIL,N,19
250216E,BARDN1,GA1,1,50,50,E,0,0,TOP SHELF LOUNGE,,AVAIL,N,19
250216E,FLD1,2,1,12,12,B,165.00,1980.00,DIST-OPEN,,AVAIL,N,1
250216E,FLD1,2,17,20,4,B,165.00,660.00,MARKETING,,AVAIL,N,1
250216E,FLD2,2,7,14,8,B,165.00,1320.00,DIST-OPEN,,AVAIL,N,2
250216E,FLD2,2,15,20,6,B,165.00,990.00,BIZDEV,,AVAIL,N,2
250216E,FLD2,1,13,13,1,A,165.00,165.00,DIST-OPEN,,AVAIL,N,2
250216E,FLD2,1,10,10,1,A,165.00,165.00,DIST-OPEN,,AVAIL,N,2
250216E,GA1,GA0,19,31,13,D,40.00,520.00,KILL,,AVAIL,Y,7
250216E,GA1,GA0,1,13,13,D,40.00,520.00,KILL,,AVAIL,Y,7
250216E,GA2,GA3,13,29,17,D,40.00,680.00,DOQ-VETTX1HOLD,VETTX1HOLD,AVAIL,N,8
250216E,GA3,GA5,48,50,3,D,40.00,120.00,DOQ-VETTX1HOLD,VETTX1HOLD,AVAIL,N,9
250216E,GA3,GA0,43,44,2,D,40.00,80.00,DIST-OPEN,,AVAIL,N,9
250216E,GA3,GA3,2,50,49,D,40.00,1960.00,DIST-OPEN,,AVAIL,N,9
250216E,GA3,GA2,28,50,23,D,40.00,920.00,DIST-OPEN,,AVAIL,N,9
250216E,GA3,GA0,46,49,4,D,40.00,160.00,DIST-OPEN,,AVAIL,N,9
250216E,GA3,GA9,11,50,40,D,40.00,1600.00,DIST-OPEN,,AVAIL,N,9
250216E,GA3,GA1,37,50,14,D,40.00,560.00,DIST-OPEN,,AVAIL,N,9
250216E,GA3,GA4,10,50,41,D,40.00,1640.00,DIST-OPEN,,AVAIL,N,9
250216E,GA12,GA0,19,36,18,D,40.00,720.00,DOQ-COMPANION,COMPAN,AVAIL,N,18
250216E,GA12,GA0,1,18,18,D,40.00,720.00,DOQ-WHEELCHAIR,WCACC,AVAIL,N,18
250216E,N1,F,7,12,6,C,64.00,384.00,DRESS,,AVAIL,N,3
250216E,N1,C,7,12,6,C,64.00,384.00,DIST-OPEN,,AVAIL,N,3
250216E,N1,E,1,6,6,C,64.00,384.00,DRESS,,AVAIL,N,3
250216E,N1,D,6,6,1,C,64.00,64.00,DIST-OPEN,,AVAIL,N,3
250216E,N1,F,1,6,6,C,64.00,384.00,DIST-OPEN,,AVAIL,N,3
250216E,N1,G,11,16,6,C,64.00,384.00,DRESS,,AVAIL,N,3
250216E,N1,D,7,12,6,C,64.00,384.00,DRESS,,AVAIL,N,3
250216E,N1,E,7,12,6,C,64.00,384.00,DIST-OPEN,,AVAIL,N,3
250216E,N1,C,1,6,6,C,64.00,384.00,DRESS,,AVAIL,N,3
250216E,N2,F,5,5,1,C,64.00,64.00,DIST-OPEN,,AVAIL,N,4
250216E,N2,D,4,4,1,C,64.00,64.00,DIST-OPEN,,AVAIL,N,4
250216E,N2,A,16,16,1,C,64.00,64.00,DIST-OPEN,,AVAIL,N,4
250216E,N2,C,8,12,5,C,64.00,320.00,DIST-OPEN,,AVAIL,N,4
250216E,N2,G,14,20,7,C,64.00,448.00,DIST-OPEN,,AVAIL,N,4
250216E,N2,B,13,13,1,C,64.00,64.00,DIST-OPEN,,AVAIL,N,4
250216E,N2,A,3,6,4,C,64.00,256.00,OPEN,,AVAIL,N,4
250216E,N2,A,18,18,1,C,64.00,64.00,DIST-OPEN,,AVAIL,N,4
250216E,N3,F,20,20,1,C,64.00,64.00,DIST-OPEN,,AVAIL,N,5
250216E,N3,E,18,20,3,C,64.00,192.00,DIST-OPEN,,AVAIL,N,5
250216E,N3,D,10,14,5,C,64.00,320.00,DIST-OPEN,,AVAIL,N,5
250216E,N3,B,12,14,3,C,64.00,192.00,DIST-OPEN,,AVAIL,N,5
250216E,N3,G,16,21,6,C,64.00,384.00,DIST-OPEN,,AVAIL,N,5
250216E,N3,D,18,18,1,C,64.00,64.00,DIST-OPEN,,AVAIL,N,5
250216E,N3,F,1,7,7,C,64.00,448.00,DIST-OPEN,,AVAIL,N,5
250216E,N3,C,16,18,3,C,64.00,192.00,DIST-OPEN,,AVAIL,N,5
250216E,N4,B,5,12,8,C,64.00,512.00,DIST-OPEN,,AVAIL,N,6
250216E,N4,F,1,6,6,C,64.00,384.00,DIST-OPEN,,AVAIL,N,6
250216E,N4,C,7,12,6,C,64.00,384.00,DIST-OPEN,,AVAIL,N,6
250216E,N4,G,7,12,6,C,64.00,384.00,DIST-OPEN,,AVAIL,N,6
250216E,N4,D,7,12,6,C,64.00,384.00,DRESS,,AVAIL,N,6
250216E,N4,F,7,12,6,C,64.00,384.00,DRESS,,AVAIL,N,6
250216E,N4,G,1,6,6,C,64.00,384.00,DRESS,,AVAIL,N,6
250216E,N4,E,1,6,6,C,64.00,384.00,DRESS,,AVAIL,N,6
250216E,N4,D,1,6,6,C,64.00,384.00,DIST-OPEN,,AVAIL,N,6
250216E,N4,E,7,12,6,C,64.00,384.00,DIST-OPEN,,AVAIL,N,6
250216E,N4,C,1,6,6,C,64.00,384.00,DRESS,,AVAIL,N,6
250216E,N4,A,10,12,3,C,64.00,192.00,DIST-OPEN,,AVAIL,N,6
250216E,S1,GA0,6,20,15,F,0,0,SUITES,,AVAIL,N,21
250216E,S2,GA0,1,20,20,F,0,0,SUITES,,AVAIL,N,22
250216E,S4,GA1,1,10,10,G,0,0,OPEN,,AVAIL,N,100
250216E,S4,GA0,21,24,4,A,165.00,660.00,KILL,,AVAIL,Y,100
250217,BARDN1,GA3,1,50,50,E,0,0,TOP SHELF LOUNGE,,AVAIL,N,19
250217,BARDN1,GA1,1,50,50,E,0,0,TOP SHELF LOUNGE,,AVAIL,N,19
250217,BARDN1,GA2,1,50,50,E,0,0,TOP SHELF LOUNGE,,AVAIL,N,19
250217,BARDN1,GA4,1,50,50,E,0,0,TOP SHELF LOUNGE,,AVAIL,N,19
250217,FLD1,2,14,15,2,B,0,0,BIZDEV,,AVAIL,N,1
250217,FLD2,1,19,20,2,A,0,0,BIZDEV,,AVAIL,N,2
250217,GA1,GA0,1,13,13,D,0,0,KILL,,AVAIL,Y,7
250217,GA1,GA0,19,31,13,D,0,0,KILL,,AVAIL,Y,7
250217,GA2,GA4,2,3,2,D,0,0,DIST-OPEN,,AVAIL,N,8
250217,GA3,GA7,6,21,16,D,0,0,KILL,,AVAIL,Y,9
250217,GA3,GA6,35,37,3,D,0,0,KILL,,AVAIL,Y,9
250217,GA3,GA8,25,28,4,D,0,0,KILL,,AVAIL,Y,9
250217,GA3,GA7,37,40,4,D,0,0,KILL,,AVAIL,Y,9
250217,GA3,GA7,45,48,4,D,0,0,KILL,,AVAIL,Y,9
250217,GA3,GA8,13,16,4,D,0,0,KILL,,AVAIL,Y,9
250217,GA3,GA6,39,42,4,D,0,0,KILL,,AVAIL,Y,9
250217,GA3,GA6,5,8,4,D,0,0,KILL,,AVAIL,Y,9
250217,GA3,GA9,21,36,16,D,0,0,KILL,,AVAIL,Y,9
250217,GA4,GA8,1,50,50,D,0,0,KILL,,AVAIL,Y,10
250217,GA4,GA5,29,50,22,D,0,0,DIST-OPEN,,AVAIL,N,10
250217,GA4,GA6,1,50,50,D,0,0,DIST-OPEN,,AVAIL,N,10
250217,GA4,GA9,1,50,50,D,0,0,KILL,,AVAIL,Y,10
250217,GA4,GA7,1,50,50,D,0,0,KILL,,AVAIL,Y,10
250217,GA12,GA0,21,36,16,D,0,0,DOQ-COMPANION,COMPAN,AVAIL,N,18
250217,GA12,GA0,1,18,18,D,0,0,DOQ-WHEELCHAIR,WCACC,AVAIL,N,18
250217,S1,GA0,14,20,7,F,0,0,SUITES,,AVAIL,N,21
250217,S1,GA0,1,2,2,F,0,0,SUITES,,AVAIL,N,21
250217,S4,GA0,21,24,4,A,0,0,KILL,,AVAIL,Y,100
250217,S4,GA0,1,20,20,G,0,0,SUITES,,AVAIL,N,24
250217HC,GA1,GA0,5,50,46,A,0,0,KILL,,AVAIL,Y,10
250217HC,GA1,GA0,1,4,4,A,0,0,GROUP,,AVAIL,N,10
250530,101,H,9,14,6,G,43.00,258.00,DIST-OPEN,,AVAIL,N,340
250530,101,M,1,17,17,G,43.00,731.00,WHEELCHAIR,,AVAIL,N,340
250530,101,B,8,12,5,G,43.00,215.00,SEAN HOLD,,AVAIL,N,340
250530,101,G,17,19,3,G,43.00,129.00,DOQ-VETTX1HOLD,VETTX1HOLD,AVAIL,N,340
250530,101,J,18,18,1,G,43.00,43.00,DIST-OPEN,,AVAIL,N,340
250530,102,M,8,9,2,G,43.00,86.00,DOQ-WHEELCHAIR,WCACC,AVAIL,N,320
250530,102,M,6,7,2,G,43.00,86.00,DOQ-COMPANION,COMPAN,AVAIL,N,320
250530,102,M,12,12,1,G,43.00,43.00,DOQ-WHEELCHAIR,WCACC,AVAIL,N,320
250530,102,M,2,3,2,G,43.00,86.00,DOQ-COMPANION,COMPAN,AVAIL,N,320
250530,102,M,1,1,1,G,43.00,43.00,DOQ-WHEELCHAIR,WCACC,AVAIL,N,320
250530,102,M,4,5,2,G,43.00,86.00,DOQ-WHEELCHAIR,WCACC,AVAIL,N,320
250530,102,F,19,21,3,G,43.00,129.00,SEAN HOLD,,AVAIL,N,320
250530,102,M,10,11,2,G,43.00,86.00,DOQ-COMPANION,COMPAN,AVAIL,N,320
250530,103,D,21,21,1,F,55.00,55.00,DIST-OPEN,,AVAIL,N,200
250530,103,B,11,12,2,F,55.00,110.00,SEAN HOLD,,AVAIL,N,200
250530,103,F,1,9,9,F,55.00,495.00,DIST-OPEN,,AVAIL,N,200
250530,103,A,3,4,2,C,89.00,178.00,DIST-OPEN,,AVAIL,N,80
250530,103,M,15,17,3,G,43.00,129.00,CAMERA KILL,,AVAIL,N,300
250530,103,A,17,17,1,C,89.00,89.00,DIST-OPEN,,AVAIL,N,80
250530,103,M,13,14,2,G,43.00,86.00,WHEELCHAIR,,AVAIL,N,300
250530,104,B,8,9,2,D,78.00,156.00,DIST-OPEN,,AVAIL,N,110
250530,104,G,7,14,8,E,66.00,528.00,DIST-OPEN,,AVAIL,N,140
250530,104,K,10,11,2,E,66.00,132.00,DIST-OPEN,,AVAIL,N,140
250530,104,D,13,18,6,D,78.00,468.00,DIST-OPEN,,AVAIL,N,110
250530,104,L,5,8,4,E,66.00,264.00,SEAN HOLD,,AVAIL,N,140
250530,104,C,8,16,9,D,78.00,702.00,DIST-OPEN,,AVAIL,N,110
250530,104,J,4,12,9,E,66.00,594.00,DIST-OPEN,,AVAIL,N,140
250530,104,M,9,9,1,E,66.00,66.00,DIST-OPEN,,AVAIL,N,140
250530,104,B,12,14,3,D,78.00,234.00,DIST-OPEN,,AVAIL,N,110
250530,104,B,4,5,2,D,78.00,156.00,DIST-OPEN,,AVAIL,N,110
250530,104,F,1,12,12,D,78.00,936.00,GROUP,,AVAIL,N,110
250530,104,E,4,18,15,D,78.00,1170.00,DIST-OPEN,,AVAIL,N,110
250530,104,A,12,12,1,C,89.00,89.00,DIST-OPEN,,AVAIL,N,60
250530,104,A,7,7,1,C,89.00,89.00,DIST-OPEN,,AVAIL,N,60
250530,104,J,18,18,1,E,66.00,66.00,DIST-OPEN,,AVAIL,N,140
250530,105,G,6,6,1,E,66.00,66.00,DIST-OPEN,,AVAIL,N,130
250530,105,F,15,15,1,D,78.00,78.00,DIST-OPEN,,AVAIL,N,100
250530,105,K,12,12,1,E,66.00,66.00,DIST-OPEN,,AVAIL,N,130
250530,105,H,10,10,1,E,66.00,66.00,DIST-OPEN,,AVAIL,N,130
250530,105,H,5,6,2,E,66.00,132.00,DIST-OPEN,,AVAIL,N,130
250530,105,K,13,16,4,E,66.00,264.00,SEAN HOLD,,AVAIL,N,130
250530,105,E,13,14,2,D,78.00,156.00,DIST-OPEN,,AVAIL,N,100
250530,105,M,13,14,2,E,66.00,132.00,CAMERA KILL,,AVAIL,N,130
250530,105,M,3,12,10,E,66.00,660.00,GROUP,,AVAIL,N,130
250530,106,B,5,16,12,D,78.00,936.00,DIST-OPEN,,AVAIL,N,120
250530,106,G,4,4,1,E,66.00,66.00,DIST-OPEN,,AVAIL,N,150
250530,106,G,13,15,3,E,66.00,198.00,DIST-OPEN,,AVAIL,N,150
250530,106,E,5,14,10,D,78.00,780.00,DIST-OPEN,,AVAIL,N,120
250530,106,J,14,16,3,E,66.00,198.00,DIST-OPEN,,AVAIL,N,150
250530,106,F,9,15,7,D,78.00,546.00,DIST-OPEN,,AVAIL,N,120
250530,106,D,4,15,12,D,78.00,936.00,DIST-OPEN,,AVAIL,N,120
250530,106,K,15,16,2,E,66.00,132.00,DIST-OPEN,,AVAIL,N,150
250530,106,A,16,16,1,C,89.00,89.00,DIST-OPEN,,AVAIL,N,70
250530,106,M,11,12,2,E,66.00,132.00,DIST-OPEN,,AVAIL,N,150
250530,106,L,8,10,3,E,66.00,198.00,DIST-OPEN,,AVAIL,N,150
250530,106,M,3,4,2,E,66.00,132.00,DOQ-WHEELCHAIR,WCACC,AVAIL,N,150
250530,106,C,7,12,6,D,78.00,468.00,DIST-OPEN,,AVAIL,N,120
250530,106,L,5,6,2,E,66.00,132.00,DIST-OPEN,,AVAIL,N,150
250530,107,F,16,16,1,F,55.00,55.00,DIST-OPEN,,AVAIL,N,210
250530,107,A,11,15,5,C,89.00,445.00,SEAN HOLD,,AVAIL,N,90
250530,107,B,21,21,1,F,55.00,55.00,DIST-OPEN,,AVAIL,N,210
250530,107,C,8,10,3,F,55.00,165.00,DIST-OPEN,,AVAIL,N,210
250530,107,B,16,16,1,F,55.00,55.00,DIST-OPEN,,AVAIL,N,210
250530,107,A,10,10,1,C,89.00,89.00,DIST-OPEN,,AVAIL,N,90
250530,107,D,14,14,1,F,55.00,55.00,DIST-OPEN,,AVAIL,N,210
250530,107,M,7,17,11,G,43.00,473.00,WHEELCHAIR,,AVAIL,N,310
250530,107,E,9,14,6,F,55.00,330.00,DIST-OPEN,,AVAIL,N,210
250530,107,F,7,8,2,F,55.00,110.00,DIST-OPEN,,AVAIL,N,210
250530,107,C,19,21,3,F,55.00,165.00,DIST-OPEN,,AVAIL,N,210
250530,108,M,5,6,2,G,43.00,86.00,DOQ-WHEELCHAIR,WCACC,AVAIL,N,330
250530,108,M,7,8,2,G,43.00,86.00,DOQ-COMPANION,COMPAN,AVAIL,N,330
250530,108,H,5,6,2,G,43.00,86.00,DIST-OPEN,,AVAIL,N,330
250530,108,H,14,16,3,G,43.00,129.00,SEAN HOLD,,AVAIL,N,330
250530,108,M,1,2,2,G,43.00,86.00,DOQ-WHEELCHAIR,WCACC,AVAIL,N,330
250530,108,E,15,20,6,G,43.00,258.00,DOQ-VETTX1HOLD,VETTX1HOLD,AVAIL,N,330
250530,108,M,3,4,2,G,43.00,86.00,DOQ-COMPANION,COMPAN,AVAIL,N,330
250530,108,H,21,21,1,G,43.00,43.00,DIST-OPEN,,AVAIL,N,330
250530,108,M,11,12,2,G,43.00,86.00,DOQ-COMPANION,COMPAN,AVAIL,N,330
250530,108,D,13,13,1,G,43.00,43.00,DIST-OPEN,,AVAIL,N,330
250530,108,M,9,10,2,G,43.00,86.00,DOQ-WHEELCHAIR,WCACC,AVAIL,N,330
250530,108,H,19,20,2,G,43.00,86.00,SEAN HOLD,,AVAIL,N,330
250530,109,M,5,17,13,G,43.00,559.00,WHEELCHAIR,,AVAIL,N,350
250530,112,G,7,8,2,G,43.00,86.00,DOQ-VETTX1HOLD,VETTX1HOLD,AVAIL,N,280
250530,113,L,21,21,1,G,43.00,43.00,DOQ-VETTX1HOLD,VETTX1HOLD,AVAIL,N,260
250530,113,G,11,13,3,G,43.00,129.00,SEAN HOLD,,AVAIL,N,260
250530,113,J,16,17,2,G,43.00,86.00,SEAN HOLD,,AVAIL,N,260
250530,114,F,14,21,8,K,43.00,344.00,DOQ-TFG1COMPHOLD,TFG1COMPHOLD,AVAIL,N,180
250530,114,F,1,8,8,K,43.00,344.00,DOQ-TFG1COMPHOLD,TFG1COMPHOLD,AVAIL,N,180
250530,114,C,18,21,4,K,43.00,172.00,SEAN HOLD,,AVAIL,N,180
250530,114,E,7,8,2,K,43.00,86.00,DOQ-TFG1COMPHOLD,TFG1COMPHOLD,AVAIL,N,180
250530,114,E,14,21,8,K,43.00,344.00,DOQ-TFG1COMPHOLD,TFG1COMPHOLD,AVAIL,N,180
250530,114,G,1,21,21,K,43.00,903.00,DOQ-TFG1COMPHOLD,TFG1COMPHOLD,AVAIL,N,180
250530,116,F,7,14,8,K,43.00,344.00,DIST-OPEN,,AVAIL,N,170
250530,116,E,11,14,4,K,43.00,172.00,SEAN HOLD,,AVAIL,N,170
250530,116,D,9,9,1,K,43.00,43.00,DIST-OPEN,,AVAIL,N,170
250530,116,F,19,19,1,K,43.00,43.00,DIST-OPEN,,AVAIL,N,170
250530,116,G,8,17,10,K,43.00,430.00,DIST-OPEN,,AVAIL,N,170
250530,116,E,8,8,1,K,43.00,43.00,DIST-OPEN,,AVAIL,N,170
250530,116,C,17,17,1,K,43.00,43.00,DIST-OPEN,,AVAIL,N,170
250530,116,E,19,19,1,K,43.00,43.00,DIST-OPEN,,AVAIL,N,170
250530,117,O,3,21,19,M,32.00,608.00,PLAYERS,,AVAIL,N,250
250530,117,E,21,21,1,L,32.00,32.00,DIST-OPEN,,AVAIL,N,190
250530,117,M,1,21,21,M,32.00,672.00,PLAYERS,,AVAIL,N,250
250530,117,K,5,21,17,M,32.00,544.00,PLAYERS,,AVAIL,N,250
250530,117,B,20,20,1,L,32.00,32.00,DIST-OPEN,,AVAIL,N,190
250530,117,H,16,17,2,M,32.00,64.00,PLAYERS,,AVAIL,N,250
250530,118,C,10,19,10,G,43.00,430.00,SEAN HOLD,,AVAIL,N,270
250530,119,L,1,8,8,G,43.00,344.00,DIST-OPEN,,AVAIL,N,290
250530,119,O,1,7,7,G,43.00,301.00,DIST-OPEN,,AVAIL,N,290
250530,119,K,1,1,1,G,43.00,43.00,DIST-OPEN,,AVAIL,N,290
250530,119,K,4,8,5,G,43.00,215.00,DIST-OPEN,,AVAIL,N,290
250530,201,N,1,8,8,H,26.00,208.00,FUTURE,,AVAIL,N,420
250530,201,L,1,8,8,H,26.00,208.00,FUTURE,,AVAIL,N,420
250530,201,Q,1,7,7,H,26.00,182.00,FUTURE,,AVAIL,N,420
250530,201,R,1,6,6,H,26.00,156.00,FUTURE,,AVAIL,N,420
250530,201,M,1,8,8,H,26.00,208.00,FUTURE,,AVAIL,N,420
250530,201,P,1,7,7,H,26.00,182.00,FUTURE,,AVAIL,N,420
250530,201,O,1,7,7,H,26.00,182.00,FUTURE,,AVAIL,N,420
250530,201,C,1,9,9,H,26.00,234.00,DRESS,,AVAIL,N,420
250530,201,H,1,9,9,H,26.00,234.00,DRESS,,AVAIL,N,420
250530,202,N,1,21,21,H,26.00,546.00,FUTURE,,AVAIL,N,400
250530,202,P,1,21,21,H,26.00,546.00,FUTURE,,AVAIL,N,400
250530,202,K,1,21,21,H,26.00,546.00,DRESS,,AVAIL,N,400
250530,202,M,1,21,21,H,26.00,546.00,FUTURE,,AVAIL,N,400
250530,202,O,1,21,21,H,26.00,546.00,FUTURE,,AVAIL,N,400
250530,202,J,1,21,21,H,26.00,546.00,DRESS,,AVAIL,N,400
250530,202,Q,1,21,21,H,26.00,546.00,FUTURE,,AVAIL,N,400
250530,202,L,1,21,21,H,26.00,546.00,FUTURE,,AVAIL,N,400
250530,202,R,1,20,20,H,26.00,520.00,FUTURE,,AVAIL,N,400
250530,203,P,1,21,21,H,26.00,546.00,FUTURE,,AVAIL,N,380
250530,203,J,7,10,4,H,26.00,104.00,SEAN HOLD,,AVAIL,N,380
250530,203,Q,14,21,8,H,26.00,208.00,FUTURE,,AVAIL,N,380
250530,203,M,1,21,21,H,26.00,546.00,DRESS,,AVAIL,N,380
250530,203,H,3,13,11,H,26.00,286.00,DRESS,,AVAIL,N,380
250530,203,O,1,21,21,H,26.00,546.00,FUTURE,,AVAIL,N,380
250530,203,N,1,21,21,H,26.00,546.00,DRESS,,AVAIL,N,380
250530,203,R,15,21,7,H,26.00,182.00,FUTURE,,AVAIL,N,380
250530,204,M,3,21,19,H,26.00,494.00,DRESS,,AVAIL,N,360
250530,204,L,7,21,15,H,26.00,390.00,DRESS,,AVAIL,N,360
250530,204,Q,3,16,14,H,26.00,364.00,FUTURE,,AVAIL,N,360
250530,204,O,1,21,21,H,26.00,546.00,FUTURE,,AVAIL,N,360
250530,204,N,1,19,19,H,26.00,494.00,DRESS,,AVAIL,N,360
250530,204,P,1,21,21,H,26.00,546.00,FUTURE,,AVAIL,N,360
250530,204,R,1,8,8,H,26.00,208.00,FUTURE,,AVAIL,N,360
250530,205,N,4,21,18,H,26.00,468.00,DRESS,,AVAIL,N,370
250530,205,M,13,13,1,H,26.00,26.00,DIST-OPEN,,AVAIL,N,370
250530,205,O,1,21,21,H,26.00,546.00,FUTURE,,AVAIL,N,370
250530,205,L,4,17,14,H,26.00,364.00,DRESS,,AVAIL,N,370
250530,205,R,15,21,7,H,26.00,182.00,FUTURE,,AVAIL,N,370
250530,205,P,1,21,21,H,26.00,546.00,FUTURE,,AVAIL,N,370
250530,205,Q,6,21,16,H,26.00,416.00,FUTURE,,AVAIL,N,370
250530,205,M,15,21,7,H,26.00,182.00,DIST-OPEN,,AVAIL,N,370
250530,206,R,1,7,7,H,26.00,182.00,FUTURE,,AVAIL,N,390
250530,206,O,1,21,21,H,26.00,546.00,FUTURE,,AVAIL,N,390
250530,206,Q,1,8,8,H,26.00,208.00,FUTURE,,AVAIL,N,390
250530,206,J,12,21,10,H,26.00,260.00,DRESS,,AVAIL,N,390
250530,206,N,1,21,21,H,26.00,546.00,DRESS,,AVAIL,N,390
250530,206,P,1,21,21,H,26.00,546.00,FUTURE,,AVAIL,N,390
250530,207,N,1,21,21,H,26.00,546.00,FUTURE,,AVAIL,N,410
250530,207,R,1,20,20,H,26.00,520.00,FUTURE,,AVAIL,N,410
250530,207,H,1,21,21,H,26.00,546.00,DRESS,,AVAIL,N,410
250530,207,G,1,21,21,H,26.00,546.00,DRESS,,AVAIL,N,410
250530,207,Q,10,21,12,H,26.00,312.00,FUTURE,,AVAIL,N,410
250530,207,M,1,21,21,H,26.00,546.00,FUTURE,,AVAIL,N,410
250530,207,P,1,21,21,H,26.00,546.00,FUTURE,,AVAIL,N,410
250530,207,L,1,21,21,H,26.00,546.00,FUTURE,,AVAIL,N,410
250530,207,O,1,21,21,H,26.00,546.00,FUTURE,,AVAIL,N,410
250530,207,K,1,21,21,H,26.00,546.00,DRESS,,AVAIL,N,410
250530,207,J,1,21,21,H,26.00,546.00,DRESS,,AVAIL,N,410
250530,208,M,1,8,8,H,26.00,208.00,FUTURE,,AVAIL,N,430
250530,208,L,1,8,8,H,26.00,208.00,FUTURE,,AVAIL,N,430
250530,208,R,1,6,6,H,26.00,156.00,FUTURE,,AVAIL,N,430
250530,208,N,1,8,8,H,26.00,208.00,FUTURE,,AVAIL,N,430
250530,208,P,1,7,7,H,26.00,182.00,FUTURE,,AVAIL,N,430
250530,208,K,1,9,9,H,26.00,234.00,DRESS,,AVAIL,N,430
250530,208,C,5,9,5,H,26.00,130.00,DRESS,,AVAIL,N,430
250530,208,J,1,9,9,H,26.00,234.00,DRESS,,AVAIL,N,430
250530,208,Q,1,7,7,H,26.00,182.00,FUTURE,,AVAIL,N,430
250530,208,O,1,7,7,H,26.00,182.00,FUTURE,,AVAIL,N,430
250530,FLD1,A,15,17,3,A,232.00,696.00,DIST-OPEN,,AVAIL,N,10
250530,FLD1,A,1,4,4,A,232.00,928.00,DIST-OPEN,,AVAIL,N,10
250530,FSTE1,GA0,1,20,20,Q,225.00,4500.00,SUITES,,AVAIL,N,100
250530,FSTE2,GA0,1,20,20,Q,225.00,4500.00,SUITES,,AVAIL,N,100
250530,PRES,1,1,15,15,A,232.00,3480.00,PRESIDENT,,AVAIL,N,100
250530,STE312,GA0,1,14,14,O,286.00,4004.00,SUITES,,AVAIL,N,100
250530,STE317,GA0,1,8,8,P,250.00,2000.00,SUITES,,AVAIL,N,100
250530,TSL,GA1,5,10,6,J,175.00,1050.00,DIST-OPEN,,AVAIL,N,480
250530,TSL,GA0,42,50,9,J,175.00,1575.00,DIST-OPEN,,AVAIL,N,480
250530F,GA1,GA0,6,25,20,A,60.00,1200.00,DIST-OPEN,,AVAIL,N,10
250530G,GA1,GA0,1,50,50,A,0,0,OPEN,,AVAIL,N,10
250530H,GA1,GA0,1,2,2,A,125.00,250.00,KILL,,AVAIL,Y,10
250530H,GA1,GA0,3,4,2,A,125.00,250.00,OPEN,,AVAIL,N,10
250530M,GA1,GA0,10,25,16,A,50.00,800.00,DIST-OPEN,,AVAIL,N,10
250531A,101,C,3,17,15,G,31.00,465.00,DIST-OPEN,,AVAIL,N,340
250531A,101,D,1,2,2,G,31.00,62.00,DIST-OPEN,,AVAIL,N,340
250531A,101,G,9,19,11,G,31.00,341.00,DOQ-VETTX1HOLD,VETTX1HOLD,AVAIL,N,340
250531A,101,M,1,17,17,G,31.00,527.00,WHEELCHAIR,,AVAIL,N,340
250531A,101,E,7,18,12,G,31.00,372.00,DIST-OPEN,,AVAIL,N,340
250531A,101,L,1,20,20,G,31.00,620.00,DIST-OPEN,,AVAIL,N,340
250531A,101,F,16,18,3,G,31.00,93.00,DOQ-VETTX1HOLD,VETTX1HOLD,AVAIL,N,340
250531A,101,D,4,18,15,G,31.00,465.00,DIST-OPEN,,AVAIL,N,340
250531A,101,B,1,5,5,G,31.00,155.00,SEAN HOLD,,AVAIL,N,340
250531A,101,A,7,7,1,G,31.00,31.00,DIST-OPEN,,AVAIL,N,340
250531A,101,J,9,19,11,G,31.00,341.00,DIST-OPEN,,AVAIL,N,340
250531A,102,M,2,3,2,G,31.00,62.00,DOQ-COMPANION,COMPAN,AVAIL,N,320
250531A,102,M,1,1,1,G,31.00,31.00,DOQ-WHEELCHAIR,WCACC,AVAIL,N,320
250531A,102,G,21,21,1,G,31.00,31.00,DOQ-VETTX1HOLD,VETTX1HOLD,AVAIL,N,320
250531A,102,K,19,21,3,G,31.00,93.00,PLAYERS,,AVAIL,N,320
250531A,102,J,21,21,1,G,31.00,31.00,PLAYERS,,AVAIL,N,320
250531A,102,H,17,21,5,G,31.00,155.00,DOQ-VETTX1HOLD,VETTX1HOLD,AVAIL,N,320
250531A,102,E,11,12,2,G,31.00,62.00,DIST-OPEN,,AVAIL,N,320
250531A,102,C,13,17,5,G,31.00,155.00,SEAN HOLD,,AVAIL,N,320
250531A,102,J,13,16,4,G,31.00,124.00,PLAYERS,,AVAIL,N,320
250531A,102,M,6,7,2,G,31.00,62.00,DOQ-COMPANION,COMPAN,AVAIL,N,320
250531A,102,L,2,2,1,G,31.00,31.00,DIST-OPEN,,AVAIL,N,320
250531A,102,E,15,20,6,G,31.00,186.00,DIST-OPEN,,AVAIL,N,320
250531A,102,M,12,12,1,G,31.00,31.00,DOQ-WHEELCHAIR,WCACC,AVAIL,N,320
250531A,102,M,10,11,2,G,31.00,62.00,DOQ-COMPANION,COMPAN,AVAIL,N,320
250531A,102,M,8,9,2,G,31.00,62.00,DOQ-WHEELCHAIR,WCACC,AVAIL,N,320
250531A,102,F,8,19,12,G,31.00,372.00,DIST-OPEN,,AVAIL,N,320
250531A,102,L,7,17,11,G,31.00,341.00,DIST-OPEN,,AVAIL,N,320
250531A,102,M,4,5,2,G,31.00,62.00,DOQ-WHEELCHAIR,WCACC,AVAIL,N,320
250531A,103,M,10,14,5,G,31.00,155.00,WHEELCHAIR,,AVAIL,N,300
250531A,103,E,10,10,1,F,40.00,40.00,DIST-OPEN,,AVAIL,N,200
250531A,103,D,10,10,1,F,40.00,40.00,DIST-OPEN,,AVAIL,N,200
250531A,103,D,15,16,2,F,40.00,80.00,DIST-OPEN,,AVAIL,N,200
250531A,103,K,12,12,1,G,31.00,31.00,PLAYERS,,AVAIL,N,300
250531A,103,B,14,17,4,F,40.00,160.00,SEAN HOLD,,AVAIL,N,200
250531A,103,B,13,13,1,F,40.00,40.00,DIST-OPEN,,AVAIL,N,200
250531A,103,M,15,17,3,G,31.00,93.00,CAMERA KILL,,AVAIL,N,300
250531A,103,A,8,10,3,C,83.00,249.00,DIST-OPEN,,AVAIL,N,80
250531A,103,D,18,18,1,F,40.00,40.00,DIST-OPEN,,AVAIL,N,200
250531A,103,E,14,17,4,F,40.00,160.00,DIST-OPEN,,AVAIL,N,200
250531A,103,L,13,13,1,G,31.00,31.00,DIST-OPEN,,AVAIL,N,300
250531A,103,K,20,20,1,G,31.00,31.00,DIST-OPEN,,AVAIL,N,300
250531A,103,C,20,21,2,F,40.00,80.00,DIST-OPEN,,AVAIL,N,200
250531A,103,A,21,21,1,C,83.00,83.00,DIST-OPEN,,AVAIL,N,80
250531A,103,J,10,10,1,G,31.00,31.00,DIST-OPEN,,AVAIL,N,300
250531A,104,E,6,18,13,D,67.00,871.00,DIST-OPEN,,AVAIL,N,110
250531A,104,K,1,10,10,E,50.00,500.00,DIST-OPEN,,AVAIL,N,140
250531A,104,L,5,9,5,E,50.00,250.00,SEAN HOLD,,AVAIL,N,140
250531A,104,J,4,6,3,E,50.00,150.00,DIST-OPEN,,AVAIL,N,140
250531A,104,J,16,18,3,E,50.00,150.00,DIST-OPEN,,AVAIL,N,140
250531A,104,A,15,18,4,C,83.00,332.00,DIST-OPEN,,AVAIL,N,60
250531A,104,B,10,14,5,D,67.00,335.00,DIST-OPEN,,AVAIL,N,110
250531A,104,F,1,14,14,D,67.00,938.00,GROUP,,AVAIL,N,110
250531A,104,C,8,16,9,D,67.00,603.00,DIST-OPEN,,AVAIL,N,110
250531A,104,A,12,12,1,C,83.00,83.00,DIST-OPEN,,AVAIL,N,60
250531A,104,G,5,14,10,E,50.00,500.00,DIST-OPEN,,AVAIL,N,140
250531A,104,L,14,16,3,E,50.00,150.00,DIST-OPEN,,AVAIL,N,140
250531A,104,A,7,7,1,C,83.00,83.00,DIST-OPEN,,AVAIL,N,60
250531A,105,C,7,8,2,D,67.00,134.00,DIST-OPEN,,AVAIL,N,100
250531A,105,K,13,16,4,E,50.00,200.00,SEAN HOLD,,AVAIL,N,130
250531A,105,D,7,8,2,D,67.00,134.00,DIST-OPEN,,AVAIL,N,100
250531A,105,H,10,10,1,E,50.00,50.00,DIST-OPEN,,AVAIL,N,130
250531A,105,F,11,15,5,D,67.00,335.00,DIST-OPEN,,AVAIL,N,100
250531A,105,B,6,6,1,D,67.00,67.00,DIST-OPEN,,AVAIL,N,100
250531A,105,E,6,7,2,D,67.00,134.00,DIST-OPEN,,AVAIL,N,100
250531A,105,M,3,12,10,E,50.00,500.00,GROUP,,AVAIL,N,130
250531A,105,E,1,4,4,D,67.00,268.00,DIST-OPEN,,AVAIL,N,100
250531A,105,D,13,14,2,D,67.00,134.00,DIST-OPEN,,AVAIL,N,100
250531A,105,J,13,14,2,E,50.00,100.00,GROUP,,AVAIL,N,130
250531A,105,F,3,8,6,D,67.00,402.00,DIST-OPEN,,AVAIL,N,100
250531A,105,M,13,14,2,E,50.00,100.00,CAMERA KILL,,AVAIL,N,130
250531A,105,E,13,14,2,D,67.00,134.00,DIST-OPEN,,AVAIL,N,100
250531A,105,G,6,6,1,E,50.00,50.00,DIST-OPEN,,AVAIL,N,130
250531A,106,B,5,16,12,D,67.00,804.00,DIST-OPEN,,AVAIL,N,120
250531A,106,C,3,12,10,D,67.00,670.00,DIST-OPEN,,AVAIL,N,120
250531A,106,E,5,14,10,D,67.00,670.00,DIST-OPEN,,AVAIL,N,120
250531A,106,J,14,16,3,E,50.00,150.00,DIST-OPEN,,AVAIL,N,150
250531A,106,F,3,15,13,D,67.00,871.00,DIST-OPEN,,AVAIL,N,120
250531A,106,J,5,12,8,E,50.00,400.00,DIST-OPEN,,AVAIL,N,150
250531A,106,M,11,12,2,E,50.00,100.00,DIST-OPEN,,AVAIL,N,150
250531A,106,K,8,13,6,E,50.00,300.00,DIST-OPEN,,AVAIL,N,150
250531A,106,G,13,13,1,E,50.00,50.00,DIST-OPEN,,AVAIL,N,150
250531A,106,G,4,10,7,E,50.00,350.00,DIST-OPEN,,AVAIL,N,150
250531A,106,L,5,10,6,E,50.00,300.00,DIST-OPEN,,AVAIL,N,150
250531A,106,D,8,18,11,D,67.00,737.00,DIST-OPEN,,AVAIL,N,120
250531A,106,A,7,8,2,C,83.00,166.00,DIST-OPEN,,AVAIL,N,70
250531A,107,B,15,16,2,F,40.00,80.00,DIST-OPEN,,AVAIL,N,210
250531A,107,M,11,11,1,G,31.00,31.00,WHEELCHAIR,,AVAIL,N,310
250531A,107,B,19,19,1,F,40.00,40.00,DIST-OPEN,,AVAIL,N,210
250531A,107,A,9,10,2,C,83.00,166.00,DIST-OPEN,,AVAIL,N,90
250531A,107,D,11,11,1,F,40.00,40.00,DIST-OPEN,,AVAIL,N,210
250531A,107,C,2,21,20,F,40.00,800.00,DIST-OPEN,,AVAIL,N,210
250531A,107,L,13,14,2,G,31.00,62.00,DOQ-VETTX1HOLD,VETTX1HOLD,AVAIL,N,310
250531A,107,M,5,6,2,G,31.00,62.00,OPEN,,AVAIL,N,310
250531A,107,G,14,14,1,G,31.00,31.00,DIST-OPEN,,AVAIL,N,310
250531A,107,A,14,18,5,C,83.00,415.00,SEAN HOLD,,AVAIL,N,90
250531A,107,J,4,11,8,G,31.00,248.00,DOQ-VETTX1HOLD,VETTX1HOLD,AVAIL,N,310
250531A,107,B,3,10,8,F,40.00,320.00,DIST-OPEN,,AVAIL,N,210
250531A,107,E,3,17,15,F,40.00,600.00,DIST-OPEN,,AVAIL,N,210
250531A,107,F,5,19,15,F,40.00,600.00,DIST-OPEN,,AVAIL,N,210
250531A,107,A,19,19,1,C,83.00,83.00,DIST-OPEN,,AVAIL,N,90
250531A,107,D,17,17,1,F,40.00,40.00,DIST-OPEN,,AVAIL,N,210
250531A,108,G,21,21,1,G,31.00,31.00,DIST-OPEN,,AVAIL,N,330
250531A,108,M,11,12,2,G,31.00,62.00,DOQ-COMPANION,COMPAN,AVAIL,N,330
250531A,108,K,12,21,10,G,31.00,310.00,DOQ-VETTX1HOLD,VETTX1HOLD,AVAIL,N,330
250531A,108,F,18,18,1,G,31.00,31.00,DIST-OPEN,,AVAIL,N,330
250531A,108,G,14,14,1,G,31.00,31.00,DIST-OPEN,,AVAIL,N,330
250531A,108,M,7,8,2,G,31.00,62.00,DOQ-COMPANION,COMPAN,AVAIL,N,330
250531A,108,H,11,20,10,G,31.00,310.00,SEAN HOLD,,AVAIL,N,330
250531A,108,C,18,18,1,G,31.00,31.00,DIST-OPEN,,AVAIL,N,330
250531A,108,B,7,7,1,G,31.00,31.00,DIST-OPEN,,AVAIL,N,330
250531A,108,H,21,21,1,G,31.00,31.00,DIST-OPEN,,AVAIL,N,330
250531A,108,M,3,4,2,G,31.00,62.00,DOQ-COMPANION,COMPAN,AVAIL,N,330
250531A,108,M,1,2,2,G,31.00,62.00,DOQ-WHEELCHAIR,WCACC,AVAIL,N,330
250531A,108,D,14,14,1,G,31.00,31.00,DIST-OPEN,,AVAIL,N,330
250531A,108,L,3,21,19,G,31.00,589.00,DOQ-VETTX1HOLD,VETTX1HOLD,AVAIL,N,330
250531A,108,J,8,16,9,G,31.00,279.00,DIST-OPEN,,AVAIL,N,330
250531A,108,M,5,6,2,G,31.00,62.00,DOQ-WHEELCHAIR,WCACC,AVAIL,N,330
250531A,108,M,9,10,2,G,31.00,62.00,DOQ-WHEELCHAIR,WCACC,AVAIL,N,330
250531A,109,B,3,17,15,G,31.00,465.00,DIST-OPEN,,AVAIL,N,350
250531A,109,D,1,18,18,G,31.00,558.00,DIST-OPEN,,AVAIL,N,350
250531A,109,H,1,19,19,G,31.00,589.00,DRESS,,AVAIL,N,350
250531A,109,A,15,16,2,G,31.00,62.00,DIST-OPEN,,AVAIL,N,350
250531A,109,L,1,20,20,G,31.00,620.00,DRESS,,AVAIL,N,350
250531A,109,F,15,15,1,G,31.00,31.00,DIST-OPEN,,AVAIL,N,350
250531A,109,M,1,17,17,G,31.00,527.00,WHEELCHAIR,,AVAIL,N,350
250531A,109,K,1,20,20,G,31.00,620.00,DRESS,,AVAIL,N,350
250531A,112,J,7,8,2,G,31.00,62.00,DOQ-VETTX1HOLD,VETTX1HOLD,AVAIL,N,280
250531A,112,D,4,4,1,G,31.00,31.00,DIST-OPEN,,AVAIL,N,280
250531A,112,O,1,8,8,G,31.00,248.00,DRESS,,AVAIL,N,280
250531A,112,F,4,4,1,G,31.00,31.00,DIST-OPEN,,AVAIL,N,280
250531A,112,F,8,8,1,G,31.00,31.00,DIST-OPEN,,AVAIL,N,280
250531A,112,M,5,8,4,G,31.00,124.00,DRESS,,AVAIL,N,280
250531A,113,F,5,21,17,G,31.00,527.00,DIST-OPEN,,AVAIL,N,260
250531A,113,B,1,1,1,G,31.00,31.00,DIST-OPEN,,AVAIL,N,260
250531A,113,G,1,5,5,G,31.00,155.00,SEAN HOLD,,AVAIL,N,260
250531A,113,M,1,21,21,G,31.00,651.00,DRESS,,AVAIL,N,260
250531A,113,D,12,21,10,G,31.00,310.00,DIST-OPEN,,AVAIL,N,260
250531A,113,K,1,8,8,G,31.00,248.00,DIST-OPEN,,AVAIL,N,260
250531A,113,J,12,21,10,G,31.00,310.00,DIST-OPEN,,AVAIL,N,260
250531A,113,H,15,21,7,G,31.00,217.00,DIST-OPEN,,AVAIL,N,260
250531A,113,O,1,21,21,G,31.00,651.00,DRESS,,AVAIL,N,260
250531A,113,K,16,21,6,G,31.00,186.00,DIST-OPEN,,AVAIL,N,260
250531A,114,C,14,21,8,K,31.00,248.00,SEAN HOLD,,AVAIL,N,180
250531A,114,J,13,19,7,G,31.00,217.00,DIST-OPEN,,AVAIL,N,240
250531A,114,F,1,8,8,K,31.00,248.00,DOQ-TFG1COMPHOLD,TFG1COMPHOLD,AVAIL,N,180
250531A,114,D,14,20,7,K,31.00,217.00,DIST-OPEN,,AVAIL,N,180
250531A,114,P,1,24,24,G,31.00,744.00,DRESS,,AVAIL,N,240
250531A,114,K,5,16,12,G,31.00,372.00,DIST-OPEN,,AVAIL,N,240
250531A,114,L,1,21,21,G,31.00,651.00,DRESS,,AVAIL,N,240
250531A,114,B,2,2,1,K,31.00,31.00,DIST-OPEN,,AVAIL,N,180
250531A,114,B,5,6,2,K,31.00,62.00,DIST-OPEN,,AVAIL,N,180
250531A,114,D,4,8,5,K,31.00,155.00,DIST-OPEN,,AVAIL,N,180
250531A,114,K,1,2,2,G,31.00,62.00,DIST-OPEN,,AVAIL,N,240
250531A,114,E,14,21,8,K,31.00,248.00,DOQ-TFG1COMPHOLD,TFG1COMPHOLD,AVAIL,N,180
250531A,114,C,1,8,8,K,31.00,248.00,DIST-OPEN,,AVAIL,N,180
250531A,114,O,1,21,21,G,31.00,651.00,DRESS,,AVAIL,N,240
250531A,114,M,1,21,21,G,31.00,651.00,DRESS,,AVAIL,N,240
250531A,114,N,1,21,21,G,31.00,651.00,DRESS,,AVAIL,N,240
250531A,114,G,1,21,21,K,31.00,651.00,DOQ-TFG1COMPHOLD,TFG1COMPHOLD,AVAIL,N,180
250531A,114,F,14,21,8,K,31.00,248.00,DOQ-TFG1COMPHOLD,TFG1COMPHOLD,AVAIL,N,180
250531A,114,E,1,8,8,K,31.00,248.00,DOQ-TFG1COMPHOLD,TFG1COMPHOLD,AVAIL,N,180
250531A,115,L,2,10,9,G,31.00,279.00,DRESS,,AVAIL,N,220
250531A,115,G,4,10,7,K,31.00,217.00,DIST-OPEN,,AVAIL,N,160
250531A,115,D,1,6,6,K,31.00,186.00,SEAN HOLD,,AVAIL,N,160
250531A,115,F,12,16,5,K,31.00,155.00,DIST-OPEN,,AVAIL,N,160
250531A,115,N,7,16,10,G,31.00,310.00,DRESS,,AVAIL,N,220
250531A,115,M,10,10,1,G,31.00,31.00,DIST-OPEN,,AVAIL,N,220
250531A,115,G,14,17,4,K,31.00,124.00,DIST-OPEN,,AVAIL,N,160
250531A,115,F,18,18,1,K,31.00,31.00,DIST-OPEN,,AVAIL,N,160
250531A,115,M,11,21,11,G,31.00,341.00,DRESS,,AVAIL,N,220
250531A,115,E,3,6,4,K,31.00,124.00,DIST-OPEN,,AVAIL,N,160
250531A,115,N,4,6,3,G,31.00,93.00,DIST-OPEN,,AVAIL,N,220
250531A,115,O,1,21,21,G,31.00,651.00,DRESS,,AVAIL,N,220
250531A,115,N,17,18,2,G,31.00,62.00,DIST-OPEN,,AVAIL,N,220
250531A,115,P,1,24,24,G,31.00,744.00,DRESS,,AVAIL,N,220
250531A,116,E,11,12,2,K,31.00,62.00,SEAN HOLD,,AVAIL,N,170
250531A,116,C,15,21,7,K,31.00,217.00,DIST-OPEN,,AVAIL,N,170
250531A,116,E,17,21,5,K,31.00,155.00,DIST-OPEN,,AVAIL,N,170
250531A,116,A,3,3,1,K,31.00,31.00,DIST-OPEN,,AVAIL,N,170
250531A,116,K,16,19,4,G,31.00,124.00,DIST-OPEN,,AVAIL,N,230
250531A,116,M,7,21,15,G,31.00,465.00,DIST-OPEN,,AVAIL,N,230
250531A,116,D,6,21,16,K,31.00,496.00,DIST-OPEN,,AVAIL,N,170
250531A,116,A,10,10,1,K,31.00,31.00,DIST-OPEN,,AVAIL,N,170
250531A,116,L,21,21,1,G,31.00,31.00,PLAYERS,,AVAIL,N,230
250531A,116,H,18,18,1,G,31.00,31.00,DIST-OPEN,,AVAIL,N,230
250531A,116,O,1,21,21,G,31.00,651.00,DRESS,,AVAIL,N,230
250531A,116,E,1,10,10,K,31.00,310.00,DIST-OPEN,,AVAIL,N,170
250531A,116,F,2,21,20,K,31.00,620.00,DIST-OPEN,,AVAIL,N,170
250531A,116,N,1,21,21,G,31.00,651.00,DRESS,,AVAIL,N,230
250531A,116,P,3,24,22,G,31.00,682.00,DRESS,,AVAIL,N,230
250531A,116,B,9,12,4,K,31.00,124.00,DIST-OPEN,,AVAIL,N,170
250531A,116,G,4,17,14,K,31.00,434.00,DIST-OPEN,,AVAIL,N,170
250531A,117,B,1,2,2,L,31.00,62.00,DIST-OPEN,,AVAIL,N,190
250531A,117,N,1,21,21,M,31.00,651.00,DRESS,,AVAIL,N,250
250531A,117,D,1,8,8,L,31.00,248.00,DIST-OPEN,,AVAIL,N,190
250531A,117,L,1,21,21,M,31.00,651.00,DRESS,,AVAIL,N,250
250531A,117,H,1,21,21,M,31.00,651.00,DIST-OPEN,,AVAIL,N,250
250531A,117,F,1,8,8,L,31.00,248.00,DIST-OPEN,,AVAIL,N,190
250531A,117,F,14,21,8,L,31.00,248.00,DIST-OPEN,,AVAIL,N,190
250531A,117,D,14,21,8,L,31.00,248.00,DIST-OPEN,,AVAIL,N,190
250531A,117,P,1,24,24,M,31.00,744.00,DRESS,,AVAIL,N,250
250531A,117,J,1,21,21,M,31.00,651.00,DIST-OPEN,,AVAIL,N,250
250531A,117,B,14,21,8,L,31.00,248.00,DIST-OPEN,,AVAIL,N,190
250531A,117,B,5,8,4,L,31.00,124.00,DIST-OPEN,,AVAIL,N,190
250531A,117,A,16,21,6,L,31.00,186.00,DIST-OPEN,,AVAIL,N,190
250531A,117,A,7,7,1,L,31.00,31.00,DIST-OPEN,,AVAIL,N,190
250531A,118,C,10,19,10,G,31.00,310.00,SEAN HOLD,,AVAIL,N,270
250531A,118,C,2,9,8,G,31.00,248.00,DIST-OPEN,,AVAIL,N,270
250531A,118,A,18,18,1,G,31.00,31.00,DIST-OPEN,,AVAIL,N,270
250531A,118,E,9,21,13,G,31.00,403.00,DIST-OPEN,,AVAIL,N,270
250531A,118,K,4,21,18,G,31.00,558.00,DIST-OPEN,,AVAIL,N,270
250531A,118,C,20,21,2,G,31.00,62.00,DIST-OPEN,,AVAIL,N,270
250531A,118,A,1,5,5,G,31.00,155.00,DIST-OPEN,,AVAIL,N,270
250531A,119,G,1,8,8,G,31.00,248.00,DOQ-VETTX1HOLD,VETTX1HOLD,AVAIL,N,290
250531A,119,A,1,8,8,G,31.00,248.00,DIST-OPEN,,AVAIL,N,290
250531A,119,L,1,8,8,G,31.00,248.00,DRESS,,AVAIL,N,290
250531A,119,C,4,8,5,G,31.00,155.00,DIST-OPEN,,AVAIL,N,290
250531A,119,E,1,8,8,G,31.00,248.00,DIST-OPEN,,AVAIL,N,290
250531A,119,N,1,8,8,G,31.00,248.00,DRESS,,AVAIL,N,290
250531A,119,H,1,8,8,G,31.00,248.00,DIST-OPEN,,AVAIL,N,290
250531A,201,L,1,8,8,H,20.00,160.00,FUTURE,,AVAIL,N,420
250531A,201,O,1,7,7,H,20.00,140.00,FUTURE,,AVAIL,N,420
250531A,201,M,1,8,8,H,20.00,160.00,FUTURE,,AVAIL,N,420
250531A,201,N,1,8,8,H,20.00,160.00,FUTURE,,AVAIL,N,420
250531A,201,Q,1,7,7,H,20.00,140.00,FUTURE,,AVAIL,N,420
250531A,201,P,1,7,7,H,20.00,140.00,FUTURE,,AVAIL,N,420
250531A,201,R,1,6,6,H,20.00,120.00,FUTURE,,AVAIL,N,420
250531A,202,N,1,21,21,H,20.00,420.00,FUTURE,,AVAIL,N,400
250531A,202,R,1,20,20,H,20.00,400.00,FUTURE,,AVAIL,N,400
250531A,202,L,1,21,21,H,20.00,420.00,FUTURE,,AVAIL,N,400
250531A,202,O,1,21,21,H,20.00,420.00,FUTURE,,AVAIL,N,400
250531A,202,Q,1,21,21,H,20.00,420.00,FUTURE,,AVAIL,N,400
250531A,202,P,1,21,21,H,20.00,420.00,FUTURE,,AVAIL,N,400
250531A,202,M,1,21,21,H,20.00,420.00,FUTURE,,AVAIL,N,400
250531A,203,R,15,21,7,H,20.00,140.00,FUTURE,,AVAIL,N,380
250531A,203,Q,14,21,8,H,20.00,160.00,FUTURE,,AVAIL,N,380
250531A,204,P,1,21,21,H,20.00,420.00,FUTURE,,AVAIL,N,360
250531A,204,K,1,11,11,H,20.00,220.00,DIST-OPEN,,AVAIL,N,360
250531A,204,O,6,21,16,H,20.00,320.00,FUTURE,,AVAIL,N,360
250531A,204,R,1,8,8,H,20.00,160.00,FUTURE,,AVAIL,N,360
250531A,204,Q,3,16,14,H,20.00,280.00,FUTURE,,AVAIL,N,360
250531A,205,R,11,21,11,H,20.00,220.00,FUTURE,,AVAIL,N,370
250531A,205,P,1,21,21,H,20.00,420.00,FUTURE,,AVAIL,N,370
250531A,205,Q,6,21,16,H,20.00,320.00,FUTURE,,AVAIL,N,370
250531A,206,P,1,21,21,H,20.00,420.00,FUTURE,,AVAIL,N,390
250531A,206,R,1,7,7,H,20.00,140.00,FUTURE,,AVAIL,N,390
250531A,206,Q,1,8,8,H,20.00,160.00,FUTURE,,AVAIL,N,390
250531A,206,O,1,21,21,H,20.00,420.00,FUTURE,,AVAIL,N,390
250531A,207,R,1,20,20,H,20.00,400.00,FUTURE,,AVAIL,N,410
250531A,207,Q,10,21,12,H,20.00,240.00,FUTURE,,AVAIL,N,410
250531A,207,L,1,21,21,H,20.00,420.00,FUTURE,,AVAIL,N,410
250531A,207,M,1,21,21,H,20.00,420.00,FUTURE,,AVAIL,N,410
250531A,207,O,1,21,21,H,20.00,420.00,FUTURE,,AVAIL,N,410
250531A,207,N,1,21,21,H,20.00,420.00,FUTURE,,AVAIL,N,410
250531A,207,P,1,21,21,H,20.00,420.00,FUTURE,,AVAIL,N,410
250531A,208,P,1,7,7,H,20.00,140.00,FUTURE,,AVAIL,N,430
250531A,208,Q,1,7,7,H,20.00,140.00,FUTURE,,AVAIL,N,430
250531A,208,N,1,8,8,H,20.00,160.00,FUTURE,,AVAIL,N,430
250531A,208,M,1,8,8,H,20.00,160.00,FUTURE,,AVAIL,N,430
250531A,208,R,1,6,6,H,20.00,120.00,FUTURE,,AVAIL,N,430
250531A,208,O,1,7,7,H,20.00,140.00,FUTURE,,AVAIL,N,430
250531A,208,L,1,8,8,H,20.00,160.00,FUTURE,,AVAIL,N,430
250531A,FLD1,A,8,20,13,A,146.00,1898.00,DIST-OPEN,,AVAIL,N,10
250531A,FLD1,A,25,26,2,A,146.00,292.00,DIST-OPEN,,AVAIL,N,10
250531A,FLD1,A,27,30,4,A,146.00,584.00,BIZDEV,,AVAIL,N,10
250531A,FSTE1,GA0,1,20,20,Q,200.00,4000.00,SUITES,,AVAIL,N,100
250531A,FSTE2,GA0,1,20,20,Q,200.00,4000.00,SUITES,,AVAIL,N,100
250531A,PRES,1,1,15,15,A,146.00,2190.00,PRESIDENT,,AVAIL,N,100
250531A,STE313,GA0,1,14,14,O,286.00,4004.00,SUITES,,AVAIL,N,100
250531A,STE317,GA0,1,8,8,P,250.00,2000.00,SUITES,,AVAIL,N,100
250531A,STE318,GA0,1,14,14,O,286.00,4004.00,SUITES,,AVAIL,N,100
250531A,STE318,GA0,15,20,6,O,286.00,1716.00,KILL,,AVAIL,Y,100
250531A,TSL,GA1,5,10,6,J,146.00,876.00,DIST-OPEN,,AVAIL,N,480
250531A,TSL,GA0,41,50,10,J,146.00,1460.00,DIST-OPEN,,AVAIL,N,480
250531AF,GA1,GA0,4,25,22,A,60.00,1320.00,DIST-OPEN,,AVAIL,N,10
250531AG,GA1,GA0,1,50,50,A,0,0,OPEN,,AVAIL,N,10
250531AH,GA1,GA0,1,2,2,A,125.00,250.00,KILL,,AVAIL,Y,10
250531AH,GA1,GA0,3,4,2,A,125.00,250.00,OPEN,,AVAIL,N,10
250531AM,GA1,GA0,18,25,8,A,50.00,400.00,DIST-OPEN,,AVAIL,N,10
250531E,101,A,16,16,1,G,43.00,43.00,DIST-OPEN,,AVAIL,N,340
250531E,101,D,1,18,18,G,43.00,774.00,DIST-OPEN,,AVAIL,N,340
250531E,101,H,1,19,19,G,43.00,817.00,DIST-OPEN,,AVAIL,N,340
250531E,101,E,9,18,10,G,43.00,430.00,DIST-OPEN,,AVAIL,N,340
250531E,101,B,1,5,5,G,43.00,215.00,SEAN HOLD,,AVAIL,N,340
250531E,101,L,1,20,20,G,43.00,860.00,DIST-OPEN,,AVAIL,N,340
250531E,101,J,15,19,5,G,43.00,215.00,DIST-OPEN,,AVAIL,N,340
250531E,101,G,3,19,17,G,43.00,731.00,DOQ-VETTX1HOLD,VETTX1HOLD,AVAIL,N,340
250531E,101,M,1,17,17,G,43.00,731.00,WHEELCHAIR,,AVAIL,N,340
250531E,101,B,6,17,12,G,43.00,516.00,DIST-OPEN,,AVAIL,N,340
250531E,101,C,4,17,14,G,43.00,602.00,DIST-OPEN,,AVAIL,N,340
250531E,102,E,1,19,19,G,43.00,817.00,DIST-OPEN,,AVAIL,N,320
250531E,102,M,2,3,2,G,43.00,86.00,DOQ-COMPANION,COMPAN,AVAIL,N,320
250531E,102,D,6,11,6,G,43.00,258.00,DIST-OPEN,,AVAIL,N,320
250531E,102,K,21,21,1,G,43.00,43.00,PLAYERS,,AVAIL,N,320
250531E,102,C,9,21,13,G,43.00,559.00,DIST-OPEN,,AVAIL,N,320
250531E,102,A,4,10,7,G,43.00,301.00,DIST-OPEN,,AVAIL,N,320
250531E,102,M,8,9,2,G,43.00,86.00,DOQ-WHEELCHAIR,WCACC,AVAIL,N,320
250531E,102,L,5,21,17,G,43.00,731.00,DIST-OPEN,,AVAIL,N,320
250531E,102,M,4,5,2,G,43.00,86.00,DOQ-WHEELCHAIR,WCACC,AVAIL,N,320
250531E,102,D,1,5,5,G,43.00,215.00,SEAN HOLD,,AVAIL,N,320
250531E,102,D,15,18,4,G,43.00,172.00,DIST-OPEN,,AVAIL,N,320
250531E,102,M,1,1,1,G,43.00,43.00,DOQ-WHEELCHAIR,WCACC,AVAIL,N,320
250531E,102,B,10,21,12,G,43.00,516.00,DIST-OPEN,,AVAIL,N,320
250531E,102,A,14,15,2,G,43.00,86.00,DIST-OPEN,,AVAIL,N,320
250531E,102,M,12,12,1,G,43.00,43.00,DOQ-WHEELCHAIR,WCACC,AVAIL,N,320
250531E,102,M,10,11,2,G,43.00,86.00,DOQ-COMPANION,COMPAN,AVAIL,N,320
250531E,102,M,6,7,2,G,43.00,86.00,DOQ-COMPANION,COMPAN,AVAIL,N,320
250531E,103,F,8,21,14,F,55.00,770.00,DIST-OPEN,,AVAIL,N,200
250531E,103,M,15,17,3,G,43.00,129.00,CAMERA KILL,,AVAIL,N,300
250531E,103,A,3,6,4,C,83.00,332.00,DIST-OPEN,,AVAIL,N,80
250531E,103,E,1,20,20,F,55.00,1100.00,DIST-OPEN,,AVAIL,N,200
250531E,103,A,21,21,1,C,83.00,83.00,DIST-OPEN,,AVAIL,N,80
250531E,103,M,1,14,14,G,43.00,602.00,WHEELCHAIR,,AVAIL,N,300
250531E,103,B,11,15,5,F,55.00,275.00,SEAN HOLD,,AVAIL,N,200
250531E,103,H,17,17,1,G,43.00,43.00,DIST-OPEN,,AVAIL,N,300
250531E,103,C,20,21,2,F,55.00,110.00,DIST-OPEN,,AVAIL,N,200
250531E,103,D,1,21,21,F,55.00,1155.00,DIST-OPEN,,AVAIL,N,200
250531E,104,G,7,14,8,E,60.00,480.00,DIST-OPEN,,AVAIL,N,140
250531E,104,M,12,12,1,E,60.00,60.00,DIST-OPEN,,AVAIL,N,140
250531E,104,A,7,7,1,C,83.00,83.00,DIST-OPEN,,AVAIL,N,60
250531E,104,L,16,16,1,E,60.00,60.00,DIST-OPEN,,AVAIL,N,140
250531E,104,E,16,18,3,D,72.00,216.00,DIST-OPEN,,AVAIL,N,110
250531E,104,K,1,16,16,E,60.00,960.00,DIST-OPEN,,AVAIL,N,140
250531E,104,L,7,11,5,E,60.00,300.00,SEAN HOLD,,AVAIL,N,140
250531E,104,B,8,14,7,D,72.00,504.00,DIST-OPEN,,AVAIL,N,110
250531E,104,A,15,16,2,C,83.00,166.00,DIST-OPEN,,AVAIL,N,60
250531E,104,A,12,12,1,C,83.00,83.00,DIST-OPEN,,AVAIL,N,60
250531E,104,D,17,18,2,D,72.00,144.00,DIST-OPEN,,AVAIL,N,110
250531E,104,C,8,16,9,D,72.00,648.00,DIST-OPEN,,AVAIL,N,110
250531E,104,J,4,18,15,E,60.00,900.00,DIST-OPEN,,AVAIL,N,140
250531E,104,F,1,14,14,D,72.00,1008.00,GROUP,,AVAIL,N,110
250531E,105,F,11,15,5,D,72.00,360.00,DIST-OPEN,,AVAIL,N,100
250531E,105,E,13,14,2,D,72.00,144.00,DIST-OPEN,,AVAIL,N,100
250531E,105,K,13,16,4,E,60.00,240.00,SEAN HOLD,,AVAIL,N,130
250531E,105,G,6,6,1,E,60.00,60.00,DIST-OPEN,,AVAIL,N,130
250531E,105,F,3,4,2,D,72.00,144.00,DIST-OPEN,,AVAIL,N,100
250531E,105,M,3,14,12,E,60.00,720.00,CAMERA KILL,,AVAIL,N,130
250531E,105,J,4,5,2,E,60.00,120.00,GROUP,,AVAIL,N,130
250531E,105,G,3,5,3,E,60.00,180.00,OPEN,,AVAIL,N,130
250531E,105,D,13,14,2,D,72.00,144.00,DIST-OPEN,,AVAIL,N,100
250531E,105,A,6,6,1,C,83.00,83.00,DIST-OPEN,,AVAIL,N,50
250531E,105,H,10,10,1,E,60.00,60.00,DIST-OPEN,,AVAIL,N,130
250531E,106,G,4,10,7,E,60.00,420.00,DIST-OPEN,,AVAIL,N,150
250531E,106,D,8,18,11,D,72.00,792.00,DIST-OPEN,,AVAIL,N,120
250531E,106,B,5,16,12,D,72.00,864.00,DIST-OPEN,,AVAIL,N,120
250531E,106,H,6,18,13,E,60.00,780.00,DIST-OPEN,,AVAIL,N,150
250531E,106,F,3,15,13,D,72.00,936.00,DIST-OPEN,,AVAIL,N,120
250531E,106,L,9,10,2,E,60.00,120.00,DIST-OPEN,,AVAIL,N,150
250531E,106,K,9,15,7,E,60.00,420.00,DIST-OPEN,,AVAIL,N,150
250531E,106,M,11,12,2,E,60.00,120.00,DIST-OPEN,,AVAIL,N,150
250531E,106,C,3,14,12,D,72.00,864.00,DIST-OPEN,,AVAIL,N,120
250531E,106,G,13,15,3,E,60.00,180.00,DRESS,,AVAIL,N,150
250531E,106,J,14,16,3,E,60.00,180.00,DRESS,,AVAIL,N,150
250531E,106,A,14,16,3,C,83.00,249.00,DIST-OPEN,,AVAIL,N,70
250531E,106,J,5,12,8,E,60.00,480.00,DIST-OPEN,,AVAIL,N,150
250531E,106,G,16,18,3,E,60.00,180.00,DIST-OPEN,,AVAIL,N,150
250531E,106,C,15,18,4,D,72.00,288.00,DRESS,,AVAIL,N,120
250531E,107,B,18,21,4,F,55.00,220.00,DIST-OPEN,,AVAIL,N,210
250531E,107,B,3,10,8,F,55.00,440.00,DIST-OPEN,,AVAIL,N,210
250531E,107,G,17,17,1,G,43.00,43.00,DRESS,,AVAIL,N,310
250531E,107,D,11,21,11,F,55.00,605.00,DRESS,,AVAIL,N,210
250531E,107,A,18,21,4,C,83.00,332.00,SEAN HOLD,,AVAIL,N,90
250531E,107,M,7,17,11,G,43.00,473.00,WHEELCHAIR,,AVAIL,N,310
250531E,107,A,9,10,2,C,83.00,166.00,DIST-OPEN,,AVAIL,N,90
250531E,107,H,19,21,3,G,43.00,129.00,DOQ-VETTX1HOLD,VETTX1HOLD,AVAIL,N,310
250531E,107,E,3,18,16,F,55.00,880.00,DIST-OPEN,,AVAIL,N,210
250531E,107,C,2,10,9,F,55.00,495.00,DIST-OPEN,,AVAIL,N,210
250531E,107,G,5,5,1,G,43.00,43.00,DRESS,,AVAIL,N,310
250531E,107,F,3,18,16,F,55.00,880.00,DIST-OPEN,,AVAIL,N,210
250531E,107,H,1,10,10,G,43.00,430.00,DRESS,,AVAIL,N,310
250531E,107,C,16,21,6,F,55.00,330.00,DRESS,,AVAIL,N,210
250531E,107,M,3,6,4,G,43.00,172.00,DIST-OPEN,,AVAIL,N,310
250531E,108,A,7,7,1,G,43.00,43.00,DIST-OPEN,,AVAIL,N,330
250531E,108,E,15,21,7,G,43.00,301.00,DIST-OPEN,,AVAIL,N,330
250531E,108,H,11,20,10,G,43.00,430.00,SEAN HOLD,,AVAIL,N,330
250531E,108,F,6,6,1,G,43.00,43.00,DIST-OPEN,,AVAIL,N,330
250531E,108,M,3,4,2,G,43.00,86.00,DOQ-COMPANION,COMPAN,AVAIL,N,330
250531E,108,F,11,21,11,G,43.00,473.00,DIST-OPEN,,AVAIL,N,330
250531E,108,B,10,10,1,G,43.00,43.00,DIST-OPEN,,AVAIL,N,330
250531E,108,G,9,10,2,G,43.00,86.00,DRESS,,AVAIL,N,330
250531E,108,M,7,8,2,G,43.00,86.00,DOQ-COMPANION,COMPAN,AVAIL,N,330
250531E,108,H,1,2,2,G,43.00,86.00,DIST-OPEN,,AVAIL,N,330
250531E,108,M,5,6,2,G,43.00,86.00,DOQ-WHEELCHAIR,WCACC,AVAIL,N,330
250531E,108,G,11,21,11,G,43.00,473.00,DIST-OPEN,,AVAIL,N,330
250531E,108,H,21,21,1,G,43.00,43.00,DIST-OPEN,,AVAIL,N,330
250531E,108,B,4,4,1,G,43.00,43.00,DIST-OPEN,,AVAIL,N,330
250531E,108,L,12,21,10,G,43.00,430.00,DIST-OPEN,,AVAIL,N,330
250531E,108,J,1,1,1,G,43.00,43.00,DIST-OPEN,,AVAIL,N,330
250531E,108,M,9,10,2,G,43.00,86.00,DOQ-WHEELCHAIR,WCACC,AVAIL,N,330
250531E,108,M,11,12,2,G,43.00,86.00,DOQ-COMPANION,COMPAN,AVAIL,N,330
250531E,108,M,1,2,2,G,43.00,86.00,DOQ-WHEELCHAIR,WCACC,AVAIL,N,330
250531E,108,K,1,21,21,G,43.00,903.00,DRESS,,AVAIL,N,330
250531E,108,C,13,18,6,G,43.00,258.00,DRESS,,AVAIL,N,330
250531E,108,D,11,17,7,G,43.00,301.00,DRESS,,AVAIL,N,330
250531E,108,J,3,21,19,G,43.00,817.00,DIST-OPEN,,AVAIL,N,330
250531E,108,C,8,9,2,G,43.00,86.00,DIST-OPEN,,AVAIL,N,330
250531E,109,F,1,8,8,G,43.00,344.00,DRESS,,AVAIL,N,350
250531E,109,L,1,20,20,G,43.00,860.00,DIST-OPEN,,AVAIL,N,350
250531E,109,J,1,19,19,G,43.00,817.00,DIST-OPEN,,AVAIL,N,350
250531E,109,D,1,18,18,G,43.00,774.00,DIST-OPEN,,AVAIL,N,350
250531E,109,A,4,16,13,G,43.00,559.00,DIST-OPEN,,AVAIL,N,350
250531E,109,B,1,17,17,G,43.00,731.00,DIST-OPEN,,AVAIL,N,350
250531E,109,K,1,20,20,G,43.00,860.00,DRESS,,AVAIL,N,350
250531E,109,H,1,19,19,G,43.00,817.00,DRESS,,AVAIL,N,350
250531E,109,G,1,19,19,G,43.00,817.00,DIST-OPEN,,AVAIL,N,350
250531E,109,M,5,17,13,G,43.00,559.00,WHEELCHAIR,,AVAIL,N,350
250531E,109,F,17,18,2,G,43.00,86.00,DIST-OPEN,,AVAIL,N,350
250531E,112,D,8,8,1,G,43.00,43.00,DIST-OPEN,,AVAIL,N,280
250531E,112,P,1,10,10,G,43.00,430.00,DRESS,,AVAIL,N,280
250531E,112,A,2,4,3,G,43.00,129.00,DIST-OPEN,,AVAIL,N,280
250531E,112,J,8,8,1,G,43.00,43.00,DOQ-VETTX1HOLD,VETTX1HOLD,AVAIL,N,280
250531E,112,B,1,1,1,G,43.00,43.00,DIST-OPEN,,AVAIL,N,280
250531E,112,A,7,8,2,G,43.00,86.00,DIST-OPEN,,AVAIL,N,280
250531E,112,N,1,8,8,G,43.00,344.00,DRESS,,AVAIL,N,280
250531E,113,J,1,21,21,G,43.00,903.00,DIST-OPEN,,AVAIL,N,260
250531E,113,F,5,21,17,G,43.00,731.00,DIST-OPEN,,AVAIL,N,260
250531E,113,A,12,13,2,G,43.00,86.00,DIST-OPEN,,AVAIL,N,260
250531E,113,A,9,10,2,G,43.00,86.00,DIST-OPEN,,AVAIL,N,260
250531E,113,N,1,21,21,G,43.00,903.00,DRESS,,AVAIL,N,260
250531E,113,G,1,5,5,G,43.00,215.00,SEAN HOLD,,AVAIL,N,260
250531E,113,H,2,21,20,G,43.00,860.00,DIST-OPEN,,AVAIL,N,260
250531E,113,M,1,21,21,G,43.00,903.00,DIST-OPEN,,AVAIL,N,260
250531E,113,P,1,24,24,G,43.00,1032.00,DRESS,,AVAIL,N,260
250531E,113,O,1,21,21,G,43.00,903.00,DRESS,,AVAIL,N,260
250531E,113,E,16,21,6,G,43.00,258.00,DIST-OPEN,,AVAIL,N,260
250531E,113,A,16,16,1,G,43.00,43.00,DIST-OPEN,,AVAIL,N,260
250531E,113,L,1,21,21,G,43.00,903.00,DIST-OPEN,,AVAIL,N,260
250531E,114,M,4,5,2,G,43.00,86.00,DIST-OPEN,,AVAIL,N,240
250531E,114,J,21,21,1,G,43.00,43.00,DIST-OPEN,,AVAIL,N,240
250531E,114,D,14,21,8,K,37.00,296.00,DIST-OPEN,,AVAIL,N,180
250531E,114,H,21,21,1,G,43.00,43.00,DIST-OPEN,,AVAIL,N,240
250531E,114,D,4,8,5,K,37.00,185.00,DIST-OPEN,,AVAIL,N,180
250531E,114,A,3,3,1,K,37.00,37.00,DIST-OPEN,,AVAIL,N,180
250531E,114,C,16,21,6,K,37.00,222.00,SEAN HOLD,,AVAIL,N,180
250531E,114,L,16,16,1,G,43.00,43.00,DIST-OPEN,,AVAIL,N,240
250531E,114,E,1,8,8,K,37.00,296.00,DOQ-TFG1COMPHOLD,TFG1COMPHOLD,AVAIL,N,180
250531E,114,E,14,21,8,K,37.00,296.00,DOQ-TFG1COMPHOLD,TFG1COMPHOLD,AVAIL,N,180
250531E,114,F,1,8,8,K,37.00,296.00,DOQ-TFG1COMPHOLD,TFG1COMPHOLD,AVAIL,N,180
250531E,114,M,20,21,2,G,43.00,86.00,DIST-OPEN,,AVAIL,N,240
250531E,114,C,2,2,1,K,37.00,37.00,DIST-OPEN,,AVAIL,N,180
250531E,114,L,21,21,1,G,43.00,43.00,DIST-OPEN,,AVAIL,N,240
250531E,114,N,1,21,21,G,43.00,903.00,DRESS,,AVAIL,N,240
250531E,114,P,1,24,24,G,43.00,1032.00,DRESS,,AVAIL,N,240
250531E,114,O,1,21,21,G,43.00,903.00,DRESS,,AVAIL,N,240
250531E,114,M,8,17,10,G,43.00,430.00,DIST-OPEN,,AVAIL,N,240
250531E,114,B,5,5,1,K,37.00,37.00,DIST-OPEN,,AVAIL,N,180
250531E,114,A,16,16,1,K,37.00,37.00,DIST-OPEN,,AVAIL,N,180
250531E,114,B,14,15,2,K,37.00,74.00,DIST-OPEN,,AVAIL,N,180
250531E,114,G,1,21,21,K,37.00,777.00,DOQ-TFG1COMPHOLD,TFG1COMPHOLD,AVAIL,N,180
250531E,114,F,14,21,8,K,37.00,296.00,DOQ-TFG1COMPHOLD,TFG1COMPHOLD,AVAIL,N,180
250531E,115,D,12,13,2,K,37.00,74.00,DIST-OPEN,,AVAIL,N,160
250531E,115,F,7,10,4,K,37.00,148.00,DIST-OPEN,,AVAIL,N,160
250531E,115,D,4,4,1,K,37.00,37.00,DIST-OPEN,,AVAIL,N,160
250531E,115,G,7,17,11,K,37.00,407.00,DIST-OPEN,,AVAIL,N,160
250531E,115,O,1,21,21,G,43.00,903.00,DRESS,,AVAIL,N,220
250531E,115,N,7,16,10,G,43.00,430.00,DRESS,,AVAIL,N,220
250531E,115,P,1,24,24,G,43.00,1032.00,DRESS,,AVAIL,N,220
250531E,115,F,1,4,4,K,37.00,148.00,SEAN HOLD,,AVAIL,N,160
250531E,116,D,14,20,7,K,37.00,259.00,DIST-OPEN,,AVAIL,N,170
250531E,116,O,1,21,21,G,43.00,903.00,DRESS,,AVAIL,N,230
250531E,116,G,4,5,2,K,37.00,74.00,DIST-OPEN,,AVAIL,N,170
250531E,116,C,10,10,1,K,37.00,37.00,DIST-OPEN,,AVAIL,N,170
250531E,116,L,1,21,21,G,43.00,903.00,DRESS,,AVAIL,N,230
250531E,116,C,18,18,1,K,37.00,37.00,DIST-OPEN,,AVAIL,N,170
250531E,116,B,12,12,1,K,37.00,37.00,DIST-OPEN,,AVAIL,N,170
250531E,116,A,9,10,2,K,37.00,74.00,DIST-OPEN,,AVAIL,N,170
250531E,116,F,1,21,21,K,37.00,777.00,DIST-OPEN,,AVAIL,N,170
250531E,116,K,4,4,1,G,43.00,43.00,DIST-OPEN,,AVAIL,N,230
250531E,116,D,3,10,8,K,37.00,296.00,DIST-OPEN,,AVAIL,N,170
250531E,116,E,5,16,12,K,37.00,444.00,DIST-OPEN,,AVAIL,N,170
250531E,116,G,8,17,10,K,37.00,370.00,DIST-OPEN,,AVAIL,N,170
250531E,116,P,3,24,22,G,43.00,946.00,DRESS,,AVAIL,N,230
250531E,116,N,1,21,21,G,43.00,903.00,DRESS,,AVAIL,N,230
250531E,117,L,1,21,21,M,32.00,672.00,DIST-OPEN,,AVAIL,N,250
250531E,117,F,14,21,8,L,32.00,256.00,DIST-OPEN,,AVAIL,N,190
250531E,117,J,1,21,21,M,32.00,672.00,DIST-OPEN,,AVAIL,N,250
250531E,117,N,1,21,21,M,32.00,672.00,DRESS,,AVAIL,N,250
250531E,117,F,1,8,8,L,32.00,256.00,DIST-OPEN,,AVAIL,N,190
250531E,117,A,7,7,1,L,32.00,32.00,DIST-OPEN,,AVAIL,N,190
250531E,117,A,18,19,2,L,32.00,64.00,DIST-OPEN,,AVAIL,N,190
250531E,117,B,17,21,5,L,32.00,160.00,DIST-OPEN,,AVAIL,N,190
250531E,117,P,1,24,24,M,32.00,768.00,DRESS,,AVAIL,N,250
250531E,117,D,1,8,8,L,32.00,256.00,DIST-OPEN,,AVAIL,N,190
250531E,117,B,8,8,1,L,32.00,32.00,DIST-OPEN,,AVAIL,N,190
250531E,117,D,14,21,8,L,32.00,256.00,DIST-OPEN,,AVAIL,N,190
250531E,117,B,1,2,2,L,32.00,64.00,DIST-OPEN,,AVAIL,N,190
250531E,118,C,10,19,10,G,43.00,430.00,SEAN HOLD,,AVAIL,N,270
250531E,118,C,20,21,2,G,43.00,86.00,DIST-OPEN,,AVAIL,N,270
250531E,118,A,3,6,4,G,43.00,172.00,DIST-OPEN,,AVAIL,N,270
250531E,118,A,18,21,4,G,43.00,172.00,DIST-OPEN,,AVAIL,N,270
250531E,118,N,21,21,1,G,43.00,43.00,PLAYERS,,AVAIL,N,270
250531E,119,K,1,8,8,G,43.00,344.00,DIST-OPEN,,AVAIL,N,290
250531E,119,G,7,8,2,G,43.00,86.00,DOQ-VETTX1HOLD,VETTX1HOLD,AVAIL,N,290
250531E,119,J,1,8,8,G,43.00,344.00,DIST-OPEN,,AVAIL,N,290
250531E,119,D,1,8,8,G,43.00,344.00,DIST-OPEN,,AVAIL,N,290
250531E,119,M,1,8,8,G,43.00,344.00,DIST-OPEN,,AVAIL,N,290
250531E,119,O,1,8,8,G,43.00,344.00,DRESS,,AVAIL,N,290
250531E,119,A,1,8,8,G,43.00,344.00,DIST-OPEN,,AVAIL,N,290
250531E,201,O,1,7,7,H,26.00,182.00,FUTURE,,AVAIL,N,420
250531E,201,H,1,9,9,H,26.00,234.00,AK HOLD,,AVAIL,N,420
250531E,201,D,4,8,5,H,26.00,130.00,AK HOLD,,AVAIL,N,420
250531E,201,C,5,9,5,H,26.00,130.00,AK HOLD,,AVAIL,N,420
250531E,201,E,1,8,8,H,26.00,208.00,AK HOLD,,AVAIL,N,420
250531E,201,P,1,7,7,H,26.00,182.00,FUTURE,,AVAIL,N,420
250531E,201,K,1,9,9,H,26.00,234.00,AK HOLD,,AVAIL,N,420
250531E,201,B,8,9,2,H,26.00,52.00,AK HOLD,,AVAIL,N,420
250531E,201,G,1,10,10,H,26.00,260.00,AK HOLD,,AVAIL,N,420
250531E,201,J,1,9,9,H,26.00,234.00,AK HOLD,,AVAIL,N,420
250531E,201,F,1,10,10,H,26.00,260.00,AK HOLD,,AVAIL,N,420
250531E,201,M,1,8,8,H,26.00,208.00,FUTURE,,AVAIL,N,420
250531E,201,R,1,6,6,H,26.00,156.00,FUTURE,,AVAIL,N,420
250531E,201,L,1,8,8,H,26.00,208.00,FUTURE,,AVAIL,N,420
250531E,201,N,1,8,8,H,26.00,208.00,FUTURE,,AVAIL,N,420
250531E,201,Q,1,7,7,H,26.00,182.00,FUTURE,,AVAIL,N,420
250531E,202,E,1,15,15,H,26.00,390.00,AK HOLD,,AVAIL,N,400
250531E,202,A,6,7,2,H,26.00,52.00,AK HOLD,,AVAIL,N,400
250531E,202,N,1,21,21,H,26.00,546.00,FUTURE,,AVAIL,N,400
250531E,202,F,5,21,17,H,26.00,442.00,AK HOLD,,AVAIL,N,400
250531E,202,R,1,20,20,H,26.00,520.00,FUTURE,,AVAIL,N,400
250531E,202,G,1,21,21,H,26.00,546.00,AK HOLD,,AVAIL,N,400
250531E,202,H,1,21,21,H,26.00,546.00,AK HOLD,,AVAIL,N,400
250531E,202,K,1,21,21,H,26.00,546.00,AK HOLD,,AVAIL,N,400
250531E,202,J,1,21,21,H,26.00,546.00,AK HOLD,,AVAIL,N,400
250531E,202,L,1,21,21,H,26.00,546.00,FUTURE,,AVAIL,N,400
250531E,202,P,1,21,21,H,26.00,546.00,FUTURE,,AVAIL,N,400
250531E,202,M,1,21,21,H,26.00,546.00,FUTURE,,AVAIL,N,400
250531E,202,O,1,21,21,H,26.00,546.00,FUTURE,,AVAIL,N,400
250531E,202,Q,1,21,21,H,26.00,546.00,FUTURE,,AVAIL,N,400
250531E,203,E,14,15,2,H,26.00,52.00,AK HOLD,,AVAIL,N,380
250531E,203,G,17,21,5,H,26.00,130.00,AK HOLD,,AVAIL,N,380
250531E,203,H,3,13,11,H,26.00,286.00,AK HOLD,,AVAIL,N,380
250531E,203,O,1,21,21,H,26.00,546.00,FUTURE,,AVAIL,N,380
250531E,203,J,11,14,4,H,26.00,104.00,AK HOLD,,AVAIL,N,380
250531E,203,G,4,12,9,H,26.00,234.00,AK HOLD,,AVAIL,N,380
250531E,203,D,8,10,3,H,26.00,78.00,AK HOLD,,AVAIL,N,380
250531E,203,N,1,21,21,H,26.00,546.00,DRESS,,AVAIL,N,380
250531E,203,C,5,9,5,H,26.00,130.00,AK HOLD,,AVAIL,N,380
250531E,203,E,5,7,3,H,26.00,78.00,AK HOLD,,AVAIL,N,380
250531E,203,R,15,21,7,H,26.00,182.00,FUTURE,,AVAIL,N,380
250531E,203,F,11,15,5,H,26.00,130.00,AK HOLD,,AVAIL,N,380
250531E,203,P,1,21,21,H,26.00,546.00,FUTURE,,AVAIL,N,380
250531E,203,M,1,21,21,H,26.00,546.00,DRESS,,AVAIL,N,380
250531E,203,L,1,21,21,H,26.00,546.00,DRESS,,AVAIL,N,380
250531E,203,B,6,6,1,H,26.00,26.00,AK HOLD,,AVAIL,N,380
250531E,203,Q,14,21,8,H,26.00,208.00,FUTURE,,AVAIL,N,380
250531E,204,H,9,13,5,H,26.00,130.00,SEAN HOLD,,AVAIL,N,360
250531E,204,P,1,21,21,H,26.00,546.00,FUTURE,,AVAIL,N,360
250531E,204,R,1,8,8,H,26.00,208.00,FUTURE,,AVAIL,N,360
250531E,204,N,1,21,21,H,26.00,546.00,DRESS,,AVAIL,N,360
250531E,204,O,1,21,21,H,26.00,546.00,FUTURE,,AVAIL,N,360
250531E,204,H,8,8,1,H,26.00,26.00,AK HOLD,,AVAIL,N,360
250531E,204,M,1,21,21,H,26.00,546.00,DRESS,,AVAIL,N,360
250531E,204,L,1,21,21,H,26.00,546.00,DRESS,,AVAIL,N,360
250531E,204,Q,3,16,14,H,26.00,364.00,FUTURE,,AVAIL,N,360
250531E,205,R,11,21,11,H,26.00,286.00,FUTURE,,AVAIL,N,370
250531E,205,K,7,8,2,H,26.00,52.00,SEAN HOLD,,AVAIL,N,370
250531E,205,Q,6,21,16,H,26.00,416.00,FUTURE,,AVAIL,N,370
250531E,205,B,11,11,1,H,26.00,26.00,AK HOLD,,AVAIL,N,370
250531E,205,K,13,16,4,H,26.00,104.00,SEAN HOLD,,AVAIL,N,370
250531E,205,M,1,21,21,H,26.00,546.00,DRESS,,AVAIL,N,370
250531E,205,H,14,14,1,H,26.00,26.00,AK HOLD,,AVAIL,N,370
250531E,205,G,19,19,1,H,26.00,26.00,AK HOLD,,AVAIL,N,370
250531E,205,J,5,5,1,H,26.00,26.00,AK HOLD,,AVAIL,N,370
250531E,205,A,14,15,2,H,26.00,52.00,AK HOLD,,AVAIL,N,370
250531E,205,O,1,21,21,H,26.00,546.00,FUTURE,,AVAIL,N,370
250531E,205,K,19,19,1,H,26.00,26.00,AK HOLD,,AVAIL,N,370
250531E,205,J,8,11,4,H,26.00,104.00,AK HOLD,,AVAIL,N,370
250531E,205,P,1,21,21,H,26.00,546.00,FUTURE,,AVAIL,N,370
250531E,205,N,3,21,19,H,26.00,494.00,DRESS,,AVAIL,N,370
250531E,205,L,4,21,18,H,26.00,468.00,DRESS,,AVAIL,N,370
250531E,206,O,1,21,21,H,26.00,546.00,FUTURE,,AVAIL,N,390
250531E,206,K,1,21,21,H,26.00,546.00,AK HOLD,,AVAIL,N,390
250531E,206,F,5,6,2,H,26.00,52.00,AK HOLD,,AVAIL,N,390
250531E,206,G,5,8,4,H,26.00,104.00,SEAN HOLD,,AVAIL,N,390
250531E,206,D,15,15,1,H,26.00,26.00,AK HOLD,,AVAIL,N,390
250531E,206,R,1,7,7,H,26.00,182.00,FUTURE,,AVAIL,N,390
250531E,206,Q,1,8,8,H,26.00,208.00,FUTURE,,AVAIL,N,390
250531E,206,M,1,21,21,H,26.00,546.00,DRESS,,AVAIL,N,390
250531E,206,L,1,21,21,H,26.00,546.00,DRESS,,AVAIL,N,390
250531E,206,J,1,8,8,H,26.00,208.00,AK HOLD,,AVAIL,N,390
250531E,206,J,12,21,10,H,26.00,260.00,AK HOLD,,AVAIL,N,390
250531E,206,N,1,21,21,H,26.00,546.00,DRESS,,AVAIL,N,390
250531E,206,H,5,10,6,H,26.00,156.00,AK HOLD,,AVAIL,N,390
250531E,206,P,1,21,21,H,26.00,546.00,FUTURE,,AVAIL,N,390
250531E,207,F,1,21,21,H,26.00,546.00,AK HOLD,,AVAIL,N,410
250531E,207,D,1,15,15,H,26.00,390.00,AK HOLD,,AVAIL,N,410
250531E,207,C,1,15,15,H,26.00,390.00,AK HOLD,,AVAIL,N,410
250531E,207,R,1,20,20,H,26.00,520.00,FUTURE,,AVAIL,N,410
250531E,207,O,1,21,21,H,26.00,546.00,FUTURE,,AVAIL,N,410
250531E,207,B,1,15,15,H,26.00,390.00,AK HOLD,,AVAIL,N,410
250531E,207,L,1,21,21,H,26.00,546.00,FUTURE,,AVAIL,N,410
250531E,207,P,1,21,21,H,26.00,546.00,FUTURE,,AVAIL,N,410
250531E,207,K,1,21,21,H,26.00,546.00,AK HOLD,,AVAIL,N,410
250531E,207,J,1,21,21,H,26.00,546.00,AK HOLD,,AVAIL,N,410
250531E,207,A,4,6,3,H,26.00,78.00,AK HOLD,,AVAIL,N,410
250531E,207,H,1,21,21,H,26.00,546.00,AK HOLD,,AVAIL,N,410
250531E,207,E,1,15,15,H,26.00,390.00,AK HOLD,,AVAIL,N,410
250531E,207,Q,3,9,7,H,26.00,182.00,DRESS,,AVAIL,N,410
250531E,207,G,1,21,21,H,26.00,546.00,AK HOLD,,AVAIL,N,410
250531E,207,Q,10,21,12,H,26.00,312.00,FUTURE,,AVAIL,N,410
250531E,207,N,1,21,21,H,26.00,546.00,FUTURE,,AVAIL,N,410
250531E,207,M,1,21,21,H,26.00,546.00,FUTURE,,AVAIL,N,410
250531E,208,K,6,9,4,H,26.00,104.00,AK HOLD,,AVAIL,N,430
250531E,208,L,1,8,8,H,26.00,208.00,FUTURE,,AVAIL,N,430
250531E,208,A,9,9,1,H,26.00,26.00,AK HOLD,,AVAIL,N,430
250531E,208,D,1,8,8,H,26.00,208.00,AK HOLD,,AVAIL,N,430
250531E,208,C,1,9,9,H,26.00,234.00,AK HOLD,,AVAIL,N,430
250531E,208,F,1,10,10,H,26.00,260.00,AK HOLD,,AVAIL,N,430
250531E,208,E,1,8,8,H,26.00,208.00,AK HOLD,,AVAIL,N,430
250531E,208,K,1,2,2,H,26.00,52.00,AK HOLD,,AVAIL,N,430
250531E,208,H,1,9,9,H,26.00,234.00,AK HOLD,,AVAIL,N,430
250531E,208,P,1,7,7,H,26.00,182.00,FUTURE,,AVAIL,N,430
250531E,208,Q,1,7,7,H,26.00,182.00,FUTURE,,AVAIL,N,430
250531E,208,R,1,6,6,H,26.00,156.00,FUTURE,,AVAIL,N,430
250531E,208,O,1,7,7,H,26.00,182.00,FUTURE,,AVAIL,N,430
250531E,208,B,5,9,5,H,26.00,130.00,AK HOLD,,AVAIL,N,430
250531E,208,J,1,9,9,H,26.00,234.00,AK HOLD,,AVAIL,N,430
250531E,208,G,1,10,10,H,26.00,260.00,AK HOLD,,AVAIL,N,430
250531E,208,M,1,8,8,H,26.00,208.00,FUTURE,,AVAIL,N,430
250531E,208,N,1,8,8,H,26.00,208.00,FUTURE,,AVAIL,N,430
250531E,FLD1,A,19,20,2,A,232.00,464.00,DIST-OPEN,,AVAIL,N,10
250531E,FLD1,A,9,16,8,A,232.00,1856.00,DIST-OPEN,,AVAIL,N,10
250531E,FLD1,A,27,30,4,A,232.00,928.00,BIZDEV,,AVAIL,N,10
250531E,FLD1,A,25,26,2,A,232.00,464.00,DIST-OPEN,,AVAIL,N,10
250531E,FLD2,A,25,26,2,A,232.00,464.00,DIST-OPEN,,AVAIL,N,20
250531E,FSTE1,GA0,1,20,20,Q,200.00,4000.00,SUITES,,AVAIL,N,100
250531E,FSTE2,GA0,1,20,20,Q,200.00,4000.00,SUITES,,AVAIL,N,100
250531E,PRES,1,1,15,15,A,232.00,3480.00,PRESIDENT,,AVAIL,N,100
250531E,STE317,GA0,1,8,8,P,250.00,2000.00,SUITES,,AVAIL,N,100
250531E,STE318,GA0,15,20,6,O,286.00,1716.00,KILL,,AVAIL,Y,100
250531E,TSL,GA0,38,40,3,J,147.00,441.00,DIST-OPEN,,AVAIL,N,480
250531E,TSL,GA1,3,10,8,J,147.00,1176.00,DIST-OPEN,,AVAIL,N,480
250531EF,GA1,GA0,4,25,22,A,60.00,1320.00,DIST-OPEN,,AVAIL,N,10
250531EG,GA1,GA0,1,50,50,A,0,0,KILL,,AVAIL,Y,10
250531EH,GA1,GA0,1,4,4,A,125.00,500.00,KILL,,AVAIL,Y,10
250531EM,GA1,GA0,29,50,22,A,50.00,1100.00,KILL,,AVAIL,Y,10
250606,101,L,17,17,1,G,36.00,36.00,DIST-OPEN,,AVAIL,N,530
250606,101,G,9,14,6,G,36.00,216.00,DIST-OPEN,,AVAIL,N,530
250606,101,P,10,14,5,G,36.00,180.00,WHEELCHAIR,,AVAIL,N,530
250606,102,H,7,10,4,G,36.00,144.00,DOQ-VETTX1HOLD,VETTX1HOLD,AVAIL,N,490
250606,102,G,7,8,2,G,36.00,72.00,DIST-OPEN,,AVAIL,N,490
250606,103,E,15,15,1,F,48.00,48.00,DIST-OPEN,,AVAIL,N,450
250606,103,N,21,23,3,F,48.00,144.00,FUTURE,,AVAIL,N,450
250606,103,G,5,10,6,F,48.00,288.00,DIST-OPEN,,AVAIL,N,450
250606,103,B,8,18,11,F,48.00,528.00,DIST-OPEN,,AVAIL,N,450
250606,103,E,5,10,6,F,48.00,288.00,DIST-OPEN,,AVAIL,N,450
250606,103,L,19,19,1,F,48.00,48.00,DIST-OPEN,,AVAIL,N,450
250606,103,D,4,16,13,F,48.00,624.00,DIST-OPEN,,AVAIL,N,450
250606,103,Q,1,23,23,F,48.00,1104.00,FUTURE,,AVAIL,N,450
250606,104,H,14,16,3,F,48.00,144.00,DIST-OPEN,,AVAIL,N,410
250606,104,Q,14,21,8,F,48.00,384.00,FUTURE,,AVAIL,N,410
250606,104,H,12,12,1,F,48.00,48.00,DIST-OPEN,,AVAIL,N,410
250606,104,E,11,11,1,F,48.00,48.00,DIST-OPEN,,AVAIL,N,330
250606,104,F,11,18,8,F,48.00,384.00,DIST-OPEN,,AVAIL,N,330
250606,104,G,11,20,10,F,48.00,480.00,DIST-OPEN,,AVAIL,N,330
250606,104,D,12,15,4,F,48.00,192.00,DIST-OPEN,,AVAIL,N,330
250606,104,C,18,18,1,F,48.00,48.00,DIST-OPEN,,AVAIL,N,330
250606,105,C,6,20,15,D,78.00,1170.00,BIZDEV,,AVAIL,N,230
250606,105,M,5,16,12,F,48.00,576.00,DIST-OPEN,,AVAIL,N,370
250606,105,B,5,20,16,D,78.00,1248.00,DIST-OPEN,,AVAIL,N,230
250606,105,A,6,16,11,C,90.00,990.00,DIST-OPEN,,AVAIL,N,130
250606,105,Q,1,20,20,F,48.00,960.00,FUTURE,,AVAIL,N,370
250606,105,E,5,20,16,D,78.00,1248.00,DIST-OPEN,,AVAIL,N,230
250606,105,K,20,20,1,F,48.00,48.00,DIST-OPEN,,AVAIL,N,370
250606,105,L,15,17,3,F,48.00,144.00,DIST-OPEN,,AVAIL,N,370
250606,105,H,1,20,20,D,78.00,1560.00,DIST-OPEN,,AVAIL,N,230
250606,105,P,1,20,20,F,48.00,960.00,FUTURE,,AVAIL,N,370
250606,105,G,1,20,20,D,78.00,1560.00,DIST-OPEN,,AVAIL,N,230
250606,105,F,1,20,20,D,78.00,1560.00,DIST-OPEN,,AVAIL,N,230
250606,105,D,5,16,12,D,78.00,936.00,DIST-OPEN,,AVAIL,N,230
250606,106,F,1,14,14,D,78.00,1092.00,DIST-OPEN,,AVAIL,N,210
250606,106,E,1,20,20,D,78.00,1560.00,DIST-OPEN,,AVAIL,N,210
250606,106,K,1,20,20,E,60.00,1200.00,DIST-OPEN,,AVAIL,N,290
250606,106,M,8,9,2,E,60.00,120.00,DIST-OPEN,,AVAIL,N,290
250606,106,A,15,18,4,C,90.00,360.00,DIST-OPEN,,AVAIL,N,110
250606,106,D,1,18,18,D,78.00,1404.00,DIST-OPEN,,AVAIL,N,210
250606,106,B,11,20,10,D,78.00,780.00,DIST-OPEN,,AVAIL,N,210
250606,106,P,5,6,2,E,60.00,120.00,DIST-OPEN,,AVAIL,N,290
250606,106,G,1,20,20,D,78.00,1560.00,DIST-OPEN,,AVAIL,N,210
250606,106,P,1,4,4,E,60.00,240.00,WHEELCHAIR,,AVAIL,N,290
250606,106,C,13,20,8,D,78.00,624.00,DIST-OPEN,,AVAIL,N,210
250606,106,H,1,15,15,E,60.00,900.00,DIST-OPEN,,AVAIL,N,290
250606,106,L,1,18,18,E,60.00,1080.00,DIST-OPEN,,AVAIL,N,290
250606,106,J,5,20,16,E,60.00,960.00,DIST-OPEN,,AVAIL,N,290
250606,107,E,9,9,1,D,78.00,78.00,DIST-OPEN,,AVAIL,N,200
250606,107,D,8,20,13,D,78.00,1014.00,DIST-OPEN,,AVAIL,N,200
250606,107,G,3,3,1,E,60.00,60.00,DIST-OPEN,,AVAIL,N,280
250606,107,A,5,5,1,C,90.00,90.00,DIST-OPEN,,AVAIL,N,100
250606,107,L,18,18,1,E,60.00,60.00,DIST-OPEN,,AVAIL,N,280
250606,107,A,3,4,2,C,90.00,180.00,OPEN,,AVAIL,N,100
250606,107,L,12,12,1,E,60.00,60.00,DIST-OPEN,,AVAIL,N,280
250606,107,M,7,7,1,E,60.00,60.00,DIST-OPEN,,AVAIL,N,280
250606,107,M,14,14,1,E,60.00,60.00,DIST-OPEN,,AVAIL,N,280
250606,107,B,16,18,3,D,78.00,234.00,DIST-OPEN,,AVAIL,N,200
250606,107,B,3,4,2,D,78.00,156.00,DIST-OPEN,,AVAIL,N,200
250606,107,C,3,20,18,D,78.00,1404.00,DIST-OPEN,,AVAIL,N,200
250606,107,B,10,11,2,D,78.00,156.00,DIST-OPEN,,AVAIL,N,200
250606,107,E,12,20,9,D,78.00,702.00,DIST-OPEN,,AVAIL,N,200
250606,107,A,8,9,2,C,90.00,180.00,DIST-OPEN,,AVAIL,N,100
250606,107,A,11,11,1,C,90.00,90.00,DIST-OPEN,,AVAIL,N,100
250606,107,G,6,8,3,E,60.00,180.00,DIST-OPEN,,AVAIL,N,280
250606,107,F,5,16,12,D,78.00,936.00,DIST-OPEN,,AVAIL,N,200
250606,107,H,20,20,1,E,60.00,60.00,DIST-OPEN,,AVAIL,N,280
250606,108,E,1,20,20,D,78.00,1560.00,DIST-OPEN,,AVAIL,N,220
250606,108,N,16,20,5,E,60.00,300.00,DIST-OPEN,,AVAIL,N,300
250606,108,A,5,18,14,C,90.00,1260.00,DIST-OPEN,,AVAIL,N,120
250606,108,L,9,18,10,E,60.00,600.00,DIST-OPEN,,AVAIL,N,300
250606,108,B,9,20,12,D,78.00,936.00,DIST-OPEN,,AVAIL,N,220
250606,108,K,14,18,5,E,60.00,300.00,DIST-OPEN,,AVAIL,N,300
250606,108,M,12,18,7,E,60.00,420.00,DIST-OPEN,,AVAIL,N,300
250606,108,F,1,20,20,D,78.00,1560.00,DIST-OPEN,,AVAIL,N,220
250606,108,C,5,18,14,D,78.00,1092.00,DIST-OPEN,,AVAIL,N,220
250606,108,H,4,14,11,E,60.00,660.00,DIST-OPEN,,AVAIL,N,300
250606,108,D,1,4,4,D,78.00,312.00,AK HOLD,,AVAIL,N,220
250606,108,P,15,20,6,E,60.00,360.00,CAMERA KILL,,AVAIL,N,300
250606,108,J,12,15,4,E,60.00,240.00,DIST-OPEN,,AVAIL,N,300
250606,108,G,1,20,20,D,78.00,1560.00,DIST-OPEN,,AVAIL,N,220
250606,108,D,5,18,14,D,78.00,1092.00,DIST-OPEN,,AVAIL,N,220
250606,109,H,1,20,20,D,78.00,1560.00,DIST-OPEN,,AVAIL,N,240
250606,109,K,12,13,2,F,48.00,96.00,DIST-OPEN,,AVAIL,N,380
250606,109,Q,6,7,2,F,48.00,96.00,DIST-OPEN,,AVAIL,N,380
250606,109,N,13,14,2,F,48.00,96.00,DIST-OPEN,,AVAIL,N,380
250606,109,Q,10,17,8,F,48.00,384.00,FUTURE,,AVAIL,N,380
250606,109,P,5,17,13,F,48.00,624.00,DIST-OPEN,,AVAIL,N,380
250606,109,A,11,13,3,C,90.00,270.00,DIST-OPEN,,AVAIL,N,140
250606,109,M,13,17,5,F,48.00,240.00,DIST-OPEN,,AVAIL,N,380
250606,109,Q,18,18,1,F,48.00,48.00,DIST-OPEN,,AVAIL,N,380
250606,109,K,16,16,1,F,48.00,48.00,DIST-OPEN,,AVAIL,N,380
250606,109,E,1,18,18,D,78.00,1404.00,DIST-OPEN,,AVAIL,N,240
250606,109,L,11,14,4,F,48.00,192.00,DIST-OPEN,,AVAIL,N,380
250606,109,C,16,20,5,D,78.00,390.00,DIST-OPEN,,AVAIL,N,240
250606,109,B,1,20,20,D,78.00,1560.00,DIST-OPEN,,AVAIL,N,240
250606,109,D,1,20,20,D,78.00,1560.00,DIST-OPEN,,AVAIL,N,240
250606,109,F,1,20,20,D,78.00,1560.00,DIST-OPEN,,AVAIL,N,240
250606,109,G,1,20,20,D,78.00,1560.00,DIST-OPEN,,AVAIL,N,240
250606,110,C,6,6,1,F,48.00,48.00,DIST-OPEN,,AVAIL,N,340
250606,110,N,12,21,10,F,48.00,480.00,DIST-OPEN,,AVAIL,N,420
250606,110,Q,1,21,21,F,48.00,1008.00,DIST-OPEN,,AVAIL,N,420
250606,110,A,12,17,6,F,48.00,288.00,DIST-OPEN,,AVAIL,N,340
250606,110,P,11,21,11,F,48.00,528.00,DIST-OPEN,,AVAIL,N,420
250606,110,B,5,7,3,F,48.00,144.00,DIST-OPEN,,AVAIL,N,340
250606,110,D,5,20,16,F,48.00,768.00,DIST-OPEN,,AVAIL,N,340
250606,110,J,16,16,1,F,48.00,48.00,DIST-OPEN,,AVAIL,N,420
250606,110,C,11,15,5,F,48.00,240.00,DIST-OPEN,,AVAIL,N,340
250606,111,D,13,13,1,F,48.00,48.00,DIST-OPEN,,AVAIL,N,460
250606,111,C,19,19,1,F,48.00,48.00,DIST-OPEN,,AVAIL,N,460
250606,111,N,1,23,23,F,48.00,1104.00,DIST-OPEN,,AVAIL,N,460
250606,111,Q,1,23,23,F,48.00,1104.00,DIST-OPEN,,AVAIL,N,460
250606,111,D,1,10,10,F,48.00,480.00,DIST-OPEN,,AVAIL,N,460
250606,111,H,15,15,1,F,48.00,48.00,DIST-OPEN,,AVAIL,N,460
250606,111,L,1,22,22,F,48.00,1056.00,DIST-OPEN,,AVAIL,N,460
250606,111,B,1,10,10,F,48.00,480.00,DIST-OPEN,,AVAIL,N,460
250606,112,D,1,17,17,G,36.00,612.00,DIST-OPEN,,AVAIL,N,500
250606,112,B,1,13,13,G,36.00,468.00,DIST-OPEN,,AVAIL,N,500
250606,113,L,2,18,17,G,36.00,612.00,DIST-OPEN,,AVAIL,N,540
250606,113,N,15,19,5,G,36.00,180.00,DIST-OPEN,,AVAIL,N,540
250606,113,M,4,4,1,G,36.00,36.00,DIST-OPEN,,AVAIL,N,540
250606,113,M,14,19,6,G,36.00,216.00,DIST-OPEN,,AVAIL,N,540
250606,113,J,15,16,2,G,36.00,72.00,DIST-OPEN,,AVAIL,N,540
250606,113,K,2,15,14,G,36.00,504.00,DIST-OPEN,,AVAIL,N,540
250606,113,Q,3,21,19,G,36.00,684.00,DIST-OPEN,,AVAIL,N,540
250606,113,P,1,20,20,G,36.00,720.00,DIST-OPEN,,AVAIL,N,540
250606,113,N,1,5,5,G,36.00,180.00,DIST-OPEN,,AVAIL,N,540
250606,113,N,8,8,1,G,36.00,36.00,DIST-OPEN,,AVAIL,N,540
250606,113,M,8,10,3,G,36.00,108.00,DIST-OPEN,,AVAIL,N,540
250606,114,G,1,16,16,H,26.00,416.00,FUTURE,,AVAIL,N,550
250606,114,Q,1,21,21,H,26.00,546.00,FUTURE,,AVAIL,N,550
250606,114,N,1,19,19,H,26.00,494.00,FUTURE,,AVAIL,N,550
250606,114,F,1,16,16,H,26.00,416.00,FUTURE,,AVAIL,N,550
250606,114,C,1,14,14,H,26.00,364.00,FUTURE,,AVAIL,N,550
250606,114,L,1,18,18,H,26.00,468.00,FUTURE,,AVAIL,N,550
250606,114,M,1,19,19,H,26.00,494.00,FUTURE,,AVAIL,N,550
250606,114,H,1,17,17,H,26.00,442.00,FUTURE,,AVAIL,N,550
250606,114,E,1,15,15,H,26.00,390.00,FUTURE,,AVAIL,N,550
250606,114,J,1,17,17,H,26.00,442.00,FUTURE,,AVAIL,N,550
250606,114,A,1,13,13,H,26.00,338.00,FUTURE,,AVAIL,N,550
250606,114,P,1,20,20,H,26.00,520.00,FUTURE,,AVAIL,N,550
250606,114,D,1,15,15,H,26.00,390.00,FUTURE,,AVAIL,N,550
250606,114,K,1,18,18,H,26.00,468.00,FUTURE,,AVAIL,N,550
250606,114,B,1,13,13,H,26.00,338.00,FUTURE,,AVAIL,N,550
250606,115,L,1,21,21,H,26.00,546.00,FUTURE,,AVAIL,N,560
250606,115,H,1,20,20,H,26.00,520.00,FUTURE,,AVAIL,N,560
250606,115,G,1,20,20,H,26.00,520.00,FUTURE,,AVAIL,N,560
250606,115,J,1,20,20,H,26.00,520.00,FUTURE,,AVAIL,N,560
250606,115,K,1,20,20,H,26.00,520.00,FUTURE,,AVAIL,N,560
250606,115,M,1,21,21,H,26.00,546.00,FUTURE,,AVAIL,N,560
250606,115,E,1,19,19,H,26.00,494.00,FUTURE,,AVAIL,N,560
250606,115,D,1,19,19,H,26.00,494.00,FUTURE,,AVAIL,N,560
250606,115,B,1,18,18,H,26.00,468.00,FUTURE,,AVAIL,N,560
250606,115,A,1,18,18,H,26.00,468.00,FUTURE,,AVAIL,N,560
250606,115,P,1,21,21,H,26.00,546.00,FUTURE,,AVAIL,N,560
250606,115,Q,1,22,22,H,26.00,572.00,FUTURE,,AVAIL,N,560
250606,115,N,1,21,21,H,26.00,546.00,FUTURE,,AVAIL,N,560
250606,115,C,1,19,19,H,26.00,494.00,FUTURE,,AVAIL,N,560
250606,115,F,1,19,19,H,26.00,494.00,FUTURE,,AVAIL,N,560
250606,115VIP,R,1,25,25,I,160.00,4000.00,SUITES,,AVAIL,N,630
250606,116,D,1,21,21,H,26.00,546.00,SIGNAGE HOLD,,AVAIL,N,570
250606,116,E,1,21,21,H,26.00,546.00,SIGNAGE HOLD,,AVAIL,N,570
250606,116,N,1,23,23,H,26.00,598.00,SIGNAGE HOLD,,AVAIL,N,570
250606,116,A,1,21,21,H,26.00,546.00,SIGNAGE HOLD,,AVAIL,N,570
250606,116,M,1,22,22,H,26.00,572.00,SIGNAGE HOLD,,AVAIL,N,570
250606,116,F,1,22,22,H,26.00,572.00,SIGNAGE HOLD,,AVAIL,N,570
250606,116,H,1,22,22,H,26.00,572.00,SIGNAGE HOLD,,AVAIL,N,570
250606,116,B,1,21,21,H,26.00,546.00,SIGNAGE HOLD,,AVAIL,N,570
250606,116,Q,1,23,23,H,26.00,598.00,SIGNAGE HOLD,,AVAIL,N,570
250606,116,P,1,23,23,H,26.00,598.00,SIGNAGE HOLD,,AVAIL,N,570
250606,116,J,1,22,22,H,26.00,572.00,SIGNAGE HOLD,,AVAIL,N,570
250606,116,C,1,21,21,H,26.00,546.00,SIGNAGE HOLD,,AVAIL,N,570
250606,116,L,1,22,22,H,26.00,572.00,SIGNAGE HOLD,,AVAIL,N,570
250606,116,K,1,22,22,H,26.00,572.00,SIGNAGE HOLD,,AVAIL,N,570
250606,116,G,1,22,22,H,26.00,572.00,SIGNAGE HOLD,,AVAIL,N,570
250606,117,K,1,21,21,H,26.00,546.00,SIGNAGE HOLD,,AVAIL,N,580
250606,117,D,1,20,20,H,26.00,520.00,SIGNAGE HOLD,,AVAIL,N,580
250606,117,G,1,20,20,H,26.00,520.00,SIGNAGE HOLD,,AVAIL,N,580
250606,117,P,1,14,14,H,26.00,364.00,SIGNAGE HOLD,,AVAIL,N,580
250606,117,M,1,21,21,H,26.00,546.00,SIGNAGE HOLD,,AVAIL,N,580
250606,117,F,1,20,20,H,26.00,520.00,SIGNAGE HOLD,,AVAIL,N,580
250606,117,N,1,21,21,H,26.00,546.00,SIGNAGE HOLD,,AVAIL,N,580
250606,117,L,1,21,21,H,26.00,546.00,SIGNAGE HOLD,,AVAIL,N,580
250606,117,A,3,19,17,H,26.00,442.00,SIGNAGE HOLD,,AVAIL,N,580
250606,117,C,1,20,20,H,26.00,520.00,SIGNAGE HOLD,,AVAIL,N,580
250606,117,E,1,20,20,H,26.00,520.00,SIGNAGE HOLD,,AVAIL,N,580
250606,117,B,1,19,19,H,26.00,494.00,SIGNAGE HOLD,,AVAIL,N,580
250606,117,H,1,20,20,H,26.00,520.00,SIGNAGE HOLD,,AVAIL,N,580
250606,117,J,1,21,21,H,26.00,546.00,SIGNAGE HOLD,,AVAIL,N,580
250606,118,H,1,22,22,H,26.00,572.00,SIGNAGE HOLD,,AVAIL,N,590
250606,118,D,1,21,21,H,26.00,546.00,SIGNAGE HOLD,,AVAIL,N,590
250606,118,B,1,21,21,H,26.00,546.00,SIGNAGE HOLD,,AVAIL,N,590
250606,118,A,1,21,21,H,26.00,546.00,SIGNAGE HOLD,,AVAIL,N,590
250606,118,L,1,22,22,H,26.00,572.00,SIGNAGE HOLD,,AVAIL,N,590
250606,118,Q,1,23,23,H,26.00,598.00,SIGNAGE HOLD,,AVAIL,N,590
250606,118,M,1,22,22,H,26.00,572.00,SIGNAGE HOLD,,AVAIL,N,590
250606,118,J,1,22,22,H,26.00,572.00,SIGNAGE HOLD,,AVAIL,N,590
250606,118,C,1,21,21,H,26.00,546.00,SIGNAGE HOLD,,AVAIL,N,590
250606,118,P,1,23,23,H,26.00,598.00,SIGNAGE HOLD,,AVAIL,N,590
250606,118,G,1,22,22,H,26.00,572.00,SIGNAGE HOLD,,AVAIL,N,590
250606,118,E,1,21,21,H,26.00,546.00,SIGNAGE HOLD,,AVAIL,N,590
250606,118,F,1,22,22,H,26.00,572.00,SIGNAGE HOLD,,AVAIL,N,590
250606,118,K,1,22,22,H,26.00,572.00,SIGNAGE HOLD,,AVAIL,N,590
250606,118,N,1,23,23,H,26.00,598.00,SIGNAGE HOLD,,AVAIL,N,590
250606,119,G,3,20,18,H,26.00,468.00,DIST-OPEN,,AVAIL,N,600
250606,119,E,10,19,10,H,26.00,260.00,DIST-OPEN,,AVAIL,N,600
250606,119,Q,1,22,22,H,26.00,572.00,FUTURE,,AVAIL,N,600
250606,119,K,1,20,20,H,26.00,520.00,FUTURE,,AVAIL,N,600
250606,119,L,1,21,21,H,26.00,546.00,FUTURE,,AVAIL,N,600
250606,119,N,1,21,21,H,26.00,546.00,FUTURE,,AVAIL,N,600
250606,119,M,1,21,21,H,26.00,546.00,FUTURE,,AVAIL,N,600
250606,119,F,3,19,17,H,26.00,442.00,DIST-OPEN,,AVAIL,N,600
250606,119,P,1,21,21,H,26.00,546.00,FUTURE,,AVAIL,N,600
250606,119,J,1,20,20,H,26.00,520.00,FUTURE,,AVAIL,N,600
250606,119,H,8,20,13,H,26.00,338.00,DIST-OPEN,,AVAIL,N,600
250606,120,M,1,19,19,H,26.00,494.00,FUTURE,,AVAIL,N,610
250606,120,K,1,18,18,H,26.00,468.00,FUTURE,,AVAIL,N,610
250606,120,N,1,19,19,H,26.00,494.00,FUTURE,,AVAIL,N,610
250606,120,J,1,17,17,H,26.00,442.00,FUTURE,,AVAIL,N,610
250606,120,Q,1,21,21,H,26.00,546.00,FUTURE,,AVAIL,N,610
250606,120,L,1,18,18,H,26.00,468.00,FUTURE,,AVAIL,N,610
250606,120,G,16,16,1,H,26.00,26.00,DIST-OPEN,,AVAIL,N,610
250606,120,P,1,20,20,H,26.00,520.00,FUTURE,,AVAIL,N,610
250606,121,L,17,18,2,G,36.00,72.00,DOQ-VETTX1HOLD,VETTX1HOLD,AVAIL,N,510
250606,121,P,19,20,2,G,36.00,72.00,DOQ-VETTX1HOLD,VETTX1HOLD,AVAIL,N,510
250606,121,F,1,14,14,G,36.00,504.00,SIGNAGE HOLD,,AVAIL,N,510
250606,121,Q,16,17,2,G,36.00,72.00,DOQ-VETTX1HOLD,VETTX1HOLD,AVAIL,N,510
250606,121,A,1,10,10,G,36.00,360.00,SIGNAGE HOLD,,AVAIL,N,510
250606,121,M,10,19,10,G,36.00,360.00,DOQ-VETTX1HOLD,VETTX1HOLD,AVAIL,N,510
250606,121,E,1,13,13,G,36.00,468.00,SIGNAGE HOLD,,AVAIL,N,510
250606,121,D,1,13,13,G,36.00,468.00,SIGNAGE HOLD,,AVAIL,N,510
250606,121,B,1,11,11,G,36.00,396.00,SIGNAGE HOLD,,AVAIL,N,510
250606,121,C,1,12,12,G,36.00,432.00,SIGNAGE HOLD,,AVAIL,N,510
250606,122,B,1,11,11,G,36.00,396.00,DIST-OPEN,,AVAIL,N,470
250606,122,P,15,16,2,G,36.00,72.00,DOQ-WHEELCHAIR,WCACC,AVAIL,N,470
250606,122,P,8,12,5,G,36.00,180.00,DOQ-WHEELCHAIR,WCACC,AVAIL,N,470
250606,123,F,6,7,2,F,48.00,96.00,DIST-OPEN,,AVAIL,N,430
250606,123,A,13,13,1,F,48.00,48.00,DIST-OPEN,,AVAIL,N,430
250606,123,A,10,10,1,F,48.00,48.00,DIST-OPEN,,AVAIL,N,430
250606,123,K,7,8,2,F,48.00,96.00,SEAN HOLD,,AVAIL,N,430
250606,123,B,8,8,1,F,48.00,48.00,DIST-OPEN,,AVAIL,N,430
250606,123,C,5,5,1,F,48.00,48.00,AK HOLD,,AVAIL,N,430
250606,124,E,7,7,1,F,48.00,48.00,DIST-OPEN,,AVAIL,N,320
250606,124,P,16,17,2,F,48.00,96.00,SEAN HOLD,,AVAIL,N,400
250606,124,C,15,15,1,F,48.00,48.00,DIST-OPEN,,AVAIL,N,320
250606,124,A,18,18,1,F,48.00,48.00,DIST-OPEN,,AVAIL,N,320
250606,124,H,4,4,1,F,48.00,48.00,DIST-OPEN,,AVAIL,N,400
250606,124,B,8,8,1,F,48.00,48.00,DIST-OPEN,,AVAIL,N,320
250606,125,A,11,13,3,L,36.00,108.00,SUPPORTERS,,AVAIL,N,80
250606,125,K,7,18,12,M,26.00,312.00,SUPPORTERS,,AVAIL,N,350
250606,125,E,8,8,1,L,36.00,36.00,DIST-OPEN,,AVAIL,N,180
250606,125,C,1,6,6,L,36.00,216.00,SUPPORTERS,,AVAIL,N,180
250606,125,A,16,18,3,L,36.00,108.00,SUPPORTERS,,AVAIL,N,80
250606,125,A,9,9,1,L,36.00,36.00,SUPPORTERS,,AVAIL,N,80
250606,125,J,7,16,10,M,26.00,260.00,SUPPORTERS,,AVAIL,N,350
250606,125,B,13,20,8,L,36.00,288.00,SUPPORTERS,,AVAIL,N,180
250606,126,N,5,18,14,E,60.00,840.00,DIST-OPEN,,AVAIL,N,260
250606,126,M,5,16,12,E,60.00,720.00,DIST-OPEN,,AVAIL,N,260
250606,126,J,12,12,1,E,60.00,60.00,DIST-OPEN,,AVAIL,N,260
250606,126,E,12,12,1,D,78.00,78.00,DIST-OPEN,,AVAIL,N,160
250606,126,K,5,7,3,E,60.00,180.00,DIST-OPEN,,AVAIL,N,260
250606,126,H,18,18,1,E,60.00,60.00,DIST-OPEN,,AVAIL,N,260
250606,126,F,11,14,4,D,78.00,312.00,DIST-OPEN,,AVAIL,N,160
250606,126,A,3,3,1,C,90.00,90.00,DIST-OPEN,,AVAIL,N,60
250606,126,L,3,7,5,E,60.00,300.00,DIST-OPEN,,AVAIL,N,260
250606,126,D,3,3,1,D,78.00,78.00,DIST-OPEN,,AVAIL,N,160
250606,126,H,13,13,1,E,60.00,60.00,DIST-OPEN,,AVAIL,N,260
250606,126,A,14,14,1,C,90.00,90.00,DIST-OPEN,,AVAIL,N,60
250606,126,G,15,20,6,D,78.00,468.00,DIST-OPEN,,AVAIL,N,160
250606,126,P,7,20,14,E,60.00,840.00,DOQ-WHEELCHAIR,WCACC,AVAIL,N,260
250606,126,J,9,9,1,E,60.00,60.00,DIST-OPEN,,AVAIL,N,260
250606,127,E,19,20,2,D,78.00,156.00,DIST-OPEN,,AVAIL,N,150
250606,127,K,19,20,2,E,60.00,120.00,DIST-OPEN,,AVAIL,N,250
250606,127,D,18,18,1,D,78.00,78.00,DIST-OPEN,,AVAIL,N,150
250606,127,F,7,20,14,D,78.00,1092.00,DIST-OPEN,,AVAIL,N,150
250606,127,G,13,18,6,D,78.00,468.00,DIST-OPEN,,AVAIL,N,150
250606,127,K,12,14,3,E,60.00,180.00,DIST-OPEN,,AVAIL,N,250
250606,127,L,9,9,1,E,60.00,60.00,DIST-OPEN,,AVAIL,N,250
250606,127,E,4,16,13,D,78.00,1014.00,DIST-OPEN,,AVAIL,N,150
250606,127,L,15,16,2,E,60.00,120.00,DIST-OPEN,,AVAIL,N,250
250606,127,M,16,18,3,E,60.00,180.00,DIST-OPEN,,AVAIL,N,250
250606,127,L,5,5,1,E,60.00,60.00,DIST-OPEN,,AVAIL,N,250
250606,127,P,7,20,14,E,60.00,840.00,DOQ-WHEELCHAIR,WCACC,AVAIL,N,250
250606,127,H,10,10,1,E,60.00,60.00,DIST-OPEN,,AVAIL,N,250
250606,128,P,7,20,14,E,60.00,840.00,DOQ-WHEELCHAIR,WCACC,AVAIL,N,270
250606,128,D,8,10,3,D,78.00,234.00,DIST-OPEN,,AVAIL,N,170
250606,128,G,1,10,10,D,78.00,780.00,SEAN HOLD,,AVAIL,N,170
250606,128,B,18,18,1,D,78.00,78.00,DIST-OPEN,,AVAIL,N,170
250606,128,G,16,17,2,D,78.00,156.00,DIST-OPEN,,AVAIL,N,170
250606,128,J,10,17,8,E,60.00,480.00,DIST-OPEN,,AVAIL,N,270
250606,128,F,8,20,13,D,78.00,1014.00,DIST-OPEN,,AVAIL,N,170
250606,128,G,11,12,2,D,78.00,156.00,DIST-OPEN,,AVAIL,N,170
250606,128,K,14,14,1,E,60.00,60.00,DIST-OPEN,,AVAIL,N,270
250606,129,G,1,20,20,D,78.00,1560.00,DIST-OPEN,,AVAIL,N,190
250606,129,E,5,20,16,D,78.00,1248.00,DIST-OPEN,,AVAIL,N,190
250606,129,L,3,5,3,F,48.00,144.00,DIST-OPEN,,AVAIL,N,360
250606,129,K,7,7,1,F,48.00,48.00,DIST-OPEN,,AVAIL,N,360
250606,129,C,1,10,10,D,78.00,780.00,SEAN HOLD,,AVAIL,N,190
250606,129,B,18,18,1,D,78.00,78.00,DIST-OPEN,,AVAIL,N,190
250606,129,H,3,18,16,D,78.00,1248.00,DIST-OPEN,,AVAIL,N,190
250606,129,C,19,20,2,D,78.00,156.00,DIST-OPEN,,AVAIL,N,190
250606,129,B,9,15,7,D,78.00,546.00,DIST-OPEN,,AVAIL,N,190
250606,129,F,1,20,20,D,78.00,1560.00,DIST-OPEN,,AVAIL,N,190
250606,129,D,12,20,9,D,78.00,702.00,DIST-OPEN,,AVAIL,N,190
250606,130,A,12,12,1,F,48.00,48.00,DIST-OPEN,,AVAIL,N,310
250606,130,B,7,10,4,F,48.00,192.00,DIST-OPEN,,AVAIL,N,310
250606,130,B,1,2,2,F,48.00,96.00,DIST-OPEN,,AVAIL,N,310
250606,131,D,17,17,1,F,48.00,48.00,DIST-OPEN,,AVAIL,N,440
250606,131,Q,10,10,1,F,48.00,48.00,DIST-OPEN,,AVAIL,N,440
250606,131,J,21,21,1,F,48.00,48.00,DIST-OPEN,,AVAIL,N,440
250606,131,P,3,3,1,F,48.00,48.00,DIST-OPEN,,AVAIL,N,440
250606,131,Q,14,17,4,F,48.00,192.00,DIST-OPEN,,AVAIL,N,440
250606,131,B,17,17,1,F,48.00,48.00,DIST-OPEN,,AVAIL,N,440
250606,131,L,17,17,1,F,48.00,48.00,DIST-OPEN,,AVAIL,N,440
250606,131,L,21,22,2,F,48.00,96.00,DIST-OPEN,,AVAIL,N,440
250606,131,K,1,2,2,F,48.00,96.00,DIST-OPEN,,AVAIL,N,440
250606,131,P,15,15,1,F,48.00,48.00,DIST-OPEN,,AVAIL,N,440
250606,131,K,19,19,1,F,48.00,48.00,DIST-OPEN,,AVAIL,N,440
250606,132,Q,21,21,1,G,36.00,36.00,DOQ-VETTX1HOLD,VETTX1HOLD,AVAIL,N,480
250606,132,C,9,9,1,G,36.00,36.00,DIST-OPEN,,AVAIL,N,480
250606,133,E,1,13,13,G,36.00,468.00,SIGNAGE HOLD,,AVAIL,N,520
250606,133,D,1,12,12,G,36.00,432.00,SIGNAGE HOLD,,AVAIL,N,520
250606,133,P,1,14,14,G,36.00,504.00,DOQ-WHEELCHAIR,WCACC,AVAIL,N,520
250606,133,A,1,6,6,G,36.00,216.00,SIGNAGE HOLD,,AVAIL,N,520
250606,133,F,1,13,13,G,36.00,468.00,SIGNAGE HOLD,,AVAIL,N,520
250606,133,C,1,11,11,G,36.00,396.00,SIGNAGE HOLD,,AVAIL,N,520
250606,133,B,1,10,10,G,36.00,360.00,SIGNAGE HOLD,,AVAIL,N,520
250606,FLD1,A,29,29,1,A,232.00,232.00,AK HOLD,,AVAIL,N,10
250606,FLD2,A,21,25,5,A,232.00,1160.00,DIST-OPEN,,AVAIL,N,20
250606,TSL,GA0,40,40,1,K,176.00,176.00,TOP SHELF LOUNGE,,AVAIL,N,690
250606,TSL,GA0,41,50,10,K,176.00,1760.00,BOX OFFICE HOLD,,AVAIL,N,690
250606F,GA1,GA0,25,25,1,A,60.00,60.00,DIST-OPEN,,AVAIL,N,10
250606G,GA1,GA0,1,50,50,A,0,0,OPEN,,AVAIL,N,10
250606H,GA1,GA0,1,4,4,A,299.00,1196.00,OPEN,,AVAIL,N,10
250606M,GA1,GA0,25,25,1,A,50.00,50.00,OPEN,,AVAIL,N,10
250607A,101,F,10,13,4,G,26.00,104.00,DIST-OPEN,,AVAIL,N,530
250607A,101,B,1,4,4,G,26.00,104.00,DIST-OPEN,,AVAIL,N,530
250607A,101,N,1,18,18,G,26.00,468.00,FUTURE,,AVAIL,N,530
250607A,101,P,1,14,14,G,26.00,364.00,DOQ-WHEELCHAIR,WCACC,AVAIL,N,530
250607A,101,L,1,17,17,G,26.00,442.00,PLAYERS,,AVAIL,N,530
250607A,101,M,1,18,18,G,26.00,468.00,FUTURE,,AVAIL,N,530
250607A,101,K,1,16,16,G,26.00,416.00,PLAYERS,,AVAIL,N,530
250607A,101,A,4,6,3,G,26.00,78.00,DIST-OPEN,,AVAIL,N,530
250607A,101,J,1,15,15,G,26.00,390.00,PLAYERS,,AVAIL,N,530
250607A,101,B,7,8,2,G,26.00,52.00,DIST-OPEN,,AVAIL,N,530
250607A,102,C,8,16,9,G,26.00,234.00,DIST-OPEN,,AVAIL,N,490
250607A,102,F,9,18,10,G,26.00,260.00,DIST-OPEN,,AVAIL,N,490
250607A,102,N,1,22,22,G,26.00,572.00,FUTURE,,AVAIL,N,490
250607A,102,A,1,2,2,G,26.00,52.00,DIST-OPEN,,AVAIL,N,490
250607A,102,D,4,17,14,G,26.00,364.00,DIST-OPEN,,AVAIL,N,490
250607A,102,D,1,2,2,G,26.00,52.00,DIST-OPEN,,AVAIL,N,490
250607A,102,Q,1,23,23,G,26.00,598.00,FUTURE,,AVAIL,N,490
250607A,102,P,1,22,22,G,26.00,572.00,FUTURE,,AVAIL,N,490
250607A,102,M,1,21,21,G,26.00,546.00,FUTURE,,AVAIL,N,490
250607A,103,P,1,23,23,F,36.00,828.00,FUTURE,,AVAIL,N,450
250607A,103,G,11,21,11,F,36.00,396.00,DRESS,,AVAIL,N,450
250607A,103,N,1,23,23,F,36.00,828.00,FUTURE,,AVAIL,N,450
250607A,103,E,11,13,3,F,36.00,108.00,DRESS,,AVAIL,N,450
250607A,103,E,1,10,10,F,36.00,360.00,FUTURE,,AVAIL,N,450
250607A,103,G,2,10,9,F,36.00,324.00,DIST-OPEN,,AVAIL,N,450
250607A,103,Q,1,23,23,F,36.00,828.00,FUTURE,,AVAIL,N,450
250607A,103,C,1,20,20,F,36.00,720.00,FUTURE,,AVAIL,N,450
250607A,103,J,1,22,22,F,36.00,792.00,DRESS,,AVAIL,N,450
250607A,103,L,1,22,22,F,36.00,792.00,DRESS,,AVAIL,N,450
250607A,103,M,1,22,22,F,36.00,792.00,FUTURE,,AVAIL,N,450
250607A,103,F,1,10,10,F,36.00,360.00,FUTURE,,AVAIL,N,450
250607A,103,D,1,20,20,F,36.00,720.00,FUTURE,,AVAIL,N,450
250607A,103,A,1,18,18,F,36.00,648.00,FUTURE,,AVAIL,N,450
250607A,104,H,11,20,10,F,36.00,360.00,DIST-OPEN,,AVAIL,N,410
250607A,104,D,1,20,20,F,36.00,720.00,DIST-OPEN,,AVAIL,N,330
250607A,104,F,11,20,10,F,36.00,360.00,DIST-OPEN,,AVAIL,N,330
250607A,104,F,1,5,5,F,36.00,180.00,DRESS,,AVAIL,N,330
250607A,104,G,1,10,10,F,36.00,360.00,DRESS,,AVAIL,N,330
250607A,104,P,1,21,21,F,36.00,756.00,FUTURE,,AVAIL,N,410
250607A,104,E,11,20,10,F,36.00,360.00,DIST-OPEN,,AVAIL,N,330
250607A,104,F,8,10,3,F,36.00,108.00,DRESS,,AVAIL,N,330
250607A,104,C,3,17,15,F,36.00,540.00,DIST-OPEN,,AVAIL,N,330
250607A,104,N,1,21,21,F,36.00,756.00,FUTURE,,AVAIL,N,410
250607A,104,K,1,20,20,F,36.00,720.00,FUTURE,,AVAIL,N,410
250607A,104,Q,1,21,21,F,36.00,756.00,FUTURE,,AVAIL,N,410
250607A,104,G,11,20,10,F,36.00,360.00,DIST-OPEN,,AVAIL,N,330
250607A,104,E,1,10,10,F,36.00,360.00,DRESS,,AVAIL,N,330
250607A,104,A,1,16,16,F,36.00,576.00,DRESS,,AVAIL,N,330
250607A,104,L,19,20,2,F,36.00,72.00,DRESS,,AVAIL,N,410
250607A,104,J,1,20,20,F,36.00,720.00,FUTURE,,AVAIL,N,410
250607A,104,M,1,21,21,F,36.00,756.00,FUTURE,,AVAIL,N,410
250607A,105,A,1,15,15,C,82.00,1230.00,FUTURE,,AVAIL,N,130
250607A,105,G,1,20,20,D,61.00,1220.00,FUTURE,,AVAIL,N,230
250607A,105,L,13,17,5,F,36.00,180.00,DRESS,,AVAIL,N,370
250607A,105,J,3,10,8,F,36.00,288.00,DRESS,,AVAIL,N,370
250607A,105,K,19,20,2,F,36.00,72.00,DIST-OPEN,,AVAIL,N,370
250607A,105,L,1,10,10,F,36.00,360.00,DRESS,,AVAIL,N,370
250607A,105,E,5,20,16,D,61.00,976.00,DRESS,,AVAIL,N,230
250607A,105,L,18,20,3,F,36.00,108.00,DIST-OPEN,,AVAIL,N,370
250607A,105,F,16,20,5,D,61.00,305.00,DIST-OPEN,,AVAIL,N,230
250607A,105,N,1,20,20,F,36.00,720.00,DRESS,,AVAIL,N,370
250607A,105,M,4,18,15,F,36.00,540.00,DRESS,,AVAIL,N,370
250607A,105,P,1,20,20,F,36.00,720.00,FUTURE,,AVAIL,N,370
250607A,105,H,1,20,20,D,61.00,1220.00,FUTURE,,AVAIL,N,230
250607A,105,A,16,16,1,C,82.00,82.00,DIST-OPEN,,AVAIL,N,130
250607A,105,B,1,20,20,D,61.00,1220.00,FUTURE,,AVAIL,N,230
250607A,105,K,6,18,13,F,36.00,468.00,DRESS,,AVAIL,N,370
250607A,105,D,5,20,16,D,61.00,976.00,DRESS,,AVAIL,N,230
250607A,105,L,11,12,2,F,36.00,72.00,DIST-OPEN,,AVAIL,N,370
250607A,105,Q,1,20,20,F,36.00,720.00,FUTURE,,AVAIL,N,370
250607A,105,C,17,20,4,D,61.00,244.00,BIZDEV,,AVAIL,N,230
250607A,105,K,1,2,2,F,36.00,72.00,DIST-OPEN,,AVAIL,N,370
250607A,105,F,1,15,15,D,61.00,915.00,FUTURE,,AVAIL,N,230
250607A,106,K,1,20,20,E,44.00,880.00,DIST-OPEN,,AVAIL,N,290
250607A,106,C,1,20,20,D,61.00,1220.00,DIST-OPEN,,AVAIL,N,210
250607A,106,H,1,16,16,E,44.00,704.00,DIST-OPEN,,AVAIL,N,290
250607A,106,P,1,4,4,E,44.00,176.00,DOQ-WHEELCHAIR,WCACC,AVAIL,N,290
250607A,106,M,1,9,9,E,44.00,396.00,FUTURE,,AVAIL,N,290
250607A,106,J,4,20,17,E,44.00,748.00,DIST-OPEN,,AVAIL,N,290
250607A,106,L,1,18,18,E,44.00,792.00,DIST-OPEN,,AVAIL,N,290
250607A,106,N,1,9,9,E,44.00,396.00,FUTURE,,AVAIL,N,290
250607A,106,E,1,20,20,D,61.00,1220.00,DIST-OPEN,,AVAIL,N,210
250607A,106,P,5,6,2,E,44.00,88.00,DIST-OPEN,,AVAIL,N,290
250607A,106,B,1,20,20,D,61.00,1220.00,DIST-OPEN,,AVAIL,N,210
250607A,106,D,1,18,18,D,61.00,1098.00,DIST-OPEN,,AVAIL,N,210
250607A,106,G,1,20,20,D,61.00,1220.00,DIST-OPEN,,AVAIL,N,210
250607A,106,A,7,20,14,C,82.00,1148.00,DIST-OPEN,,AVAIL,N,110
250607A,106,F,1,14,14,D,61.00,854.00,DIST-OPEN,,AVAIL,N,210
250607A,107,L,18,18,1,E,44.00,44.00,DIST-OPEN,,AVAIL,N,280
250607A,107,M,7,7,1,E,44.00,44.00,DIST-OPEN,,AVAIL,N,280
250607A,107,G,3,3,1,E,44.00,44.00,DIST-OPEN,,AVAIL,N,280
250607A,107,B,16,18,3,D,61.00,183.00,DIST-OPEN,,AVAIL,N,200
250607A,107,E,14,20,7,D,61.00,427.00,DIST-OPEN,,AVAIL,N,200
250607A,107,D,11,20,10,D,61.00,610.00,DIST-OPEN,,AVAIL,N,200
250607A,107,C,11,20,10,D,61.00,610.00,DIST-OPEN,,AVAIL,N,200
250607A,107,E,8,9,2,D,61.00,122.00,FUTURE,,AVAIL,N,200
250607A,107,F,5,10,6,D,61.00,366.00,FUTURE,,AVAIL,N,200
250607A,107,C,1,2,2,D,61.00,122.00,DRESS,,AVAIL,N,200
250607A,107,A,8,8,1,C,82.00,82.00,FUTURE,,AVAIL,N,100
250607A,107,A,11,11,1,C,82.00,82.00,DIST-OPEN,,AVAIL,N,100
250607A,107,A,9,9,1,C,82.00,82.00,DIST-OPEN,,AVAIL,N,100
250607A,107,F,11,16,6,D,61.00,366.00,DIST-OPEN,,AVAIL,N,200
250607A,107,J,10,18,9,E,44.00,396.00,DRESS,,AVAIL,N,280
250607A,107,C,4,7,4,D,61.00,244.00,DIST-OPEN,,AVAIL,N,200
250607A,107,G,6,8,3,E,44.00,132.00,FUTURE,,AVAIL,N,280
250607A,107,L,5,12,8,E,44.00,352.00,DRESS,,AVAIL,N,280
250607A,107,H,7,12,6,E,44.00,264.00,DRESS,,AVAIL,N,280
250607A,107,K,3,16,14,E,44.00,616.00,DRESS,,AVAIL,N,280
250607A,107,B,3,4,2,D,61.00,122.00,DIST-OPEN,,AVAIL,N,200
250607A,107,L,15,17,3,E,44.00,132.00,DRESS,,AVAIL,N,280
250607A,107,C,3,3,1,D,61.00,61.00,FUTURE,,AVAIL,N,200
250607A,107,H,17,20,4,E,44.00,176.00,DRESS,,AVAIL,N,280
250607A,107,D,8,10,3,D,61.00,183.00,FUTURE,,AVAIL,N,200
250607A,107,B,10,11,2,D,61.00,122.00,DIST-OPEN,,AVAIL,N,200
250607A,107,A,3,4,2,C,82.00,164.00,OPEN,,AVAIL,N,100
250607A,107,E,1,7,7,D,61.00,427.00,BRADY D,,AVAIL,N,200
250607A,107,G,13,20,8,E,44.00,352.00,DIST-OPEN,,AVAIL,N,280
250607A,107,C,8,10,3,D,61.00,183.00,FUTURE,,AVAIL,N,200
250607A,107,D,1,7,7,D,61.00,427.00,BRADY D,,AVAIL,N,200
250607A,108,B,11,20,10,D,61.00,610.00,DIST-OPEN,,AVAIL,N,220
250607A,108,N,16,20,5,E,44.00,220.00,DIST-OPEN,,AVAIL,N,300
250607A,108,H,8,14,7,E,44.00,308.00,DIST-OPEN,,AVAIL,N,300
250607A,108,D,5,20,16,D,61.00,976.00,FUTURE,,AVAIL,N,220
250607A,108,F,17,20,4,D,61.00,244.00,DIST-OPEN,,AVAIL,N,220
250607A,108,E,18,20,3,D,61.00,183.00,DIST-OPEN,,AVAIL,N,220
250607A,108,A,5,18,14,C,82.00,1148.00,DIST-OPEN,,AVAIL,N,120
250607A,108,M,12,13,2,E,44.00,88.00,DIST-OPEN,,AVAIL,N,300
250607A,108,N,12,15,4,E,44.00,176.00,FUTURE,,AVAIL,N,300
250607A,108,G,1,20,20,D,61.00,1220.00,FUTURE,,AVAIL,N,220
250607A,108,E,1,17,17,D,61.00,1037.00,FUTURE,,AVAIL,N,220
250607A,108,K,9,20,12,E,44.00,528.00,FUTURE,,AVAIL,N,300
250607A,108,C,5,20,16,D,61.00,976.00,FUTURE,,AVAIL,N,220
250607A,108,B,1,10,10,D,61.00,610.00,FUTURE,,AVAIL,N,220
250607A,108,F,1,16,16,D,61.00,976.00,FUTURE,,AVAIL,N,220
250607A,108,D,1,4,4,D,61.00,244.00,AK HOLD,,AVAIL,N,220
250607A,108,J,6,12,7,E,44.00,308.00,FUTURE,,AVAIL,N,300
250607A,108,J,13,15,3,E,44.00,132.00,DIST-OPEN,,AVAIL,N,300
250607A,108,H,4,5,2,E,44.00,88.00,DIST-OPEN,,AVAIL,N,300
250607A,108,M,14,18,5,E,44.00,220.00,FUTURE,,AVAIL,N,300
250607A,108,L,5,18,14,E,44.00,616.00,FUTURE,,AVAIL,N,300
250607A,108,P,15,20,6,E,44.00,264.00,CAMERA KILL,,AVAIL,N,300
250607A,108,H,15,18,4,E,44.00,176.00,FUTURE,,AVAIL,N,300
250607A,109,C,6,20,15,D,61.00,915.00,FUTURE,,AVAIL,N,240
250607A,109,Q,6,7,2,F,36.00,72.00,DIST-OPEN,,AVAIL,N,380
250607A,109,N,1,20,20,F,36.00,720.00,DRESS,,AVAIL,N,380
250607A,109,D,6,20,15,D,61.00,915.00,FUTURE,,AVAIL,N,240
250607A,109,Q,10,17,8,F,36.00,288.00,FUTURE,,AVAIL,N,380
250607A,109,G,1,20,20,D,61.00,1220.00,FUTURE,,AVAIL,N,240
250607A,109,H,1,20,20,D,61.00,1220.00,FUTURE,,AVAIL,N,240
250607A,109,B,1,14,14,D,61.00,854.00,FUTURE,,AVAIL,N,240
250607A,109,A,1,16,16,C,82.00,1312.00,FUTURE,,AVAIL,N,140
250607A,109,P,5,20,16,F,36.00,576.00,FUTURE,,AVAIL,N,380
250607A,109,Q,18,18,1,F,36.00,36.00,DIST-OPEN,,AVAIL,N,380
250607A,109,J,9,16,8,F,36.00,288.00,DRESS,,AVAIL,N,380
250607A,109,K,6,20,15,F,36.00,540.00,DRESS,,AVAIL,N,380
250607A,109,L,5,18,14,F,36.00,504.00,DRESS,,AVAIL,N,380
250607A,109,M,3,20,18,F,36.00,648.00,DRESS,,AVAIL,N,380
250607A,109,D,1,5,5,D,61.00,305.00,DIST-OPEN,,AVAIL,N,240
250607A,109,B,15,16,2,D,61.00,122.00,DIST-OPEN,,AVAIL,N,240
250607A,109,F,1,20,20,D,61.00,1220.00,FUTURE,,AVAIL,N,240
250607A,109,E,1,18,18,D,61.00,1098.00,FUTURE,,AVAIL,N,240
250607A,109,B,17,20,4,D,61.00,244.00,FUTURE,,AVAIL,N,240
250607A,110,N,1,21,21,F,36.00,756.00,DRESS,,AVAIL,N,420
250607A,110,Q,1,21,21,F,36.00,756.00,DRESS,,AVAIL,N,420
250607A,110,D,3,10,8,F,36.00,288.00,DIST-OPEN,,AVAIL,N,340
250607A,110,A,12,15,4,F,36.00,144.00,OPEN,,AVAIL,N,340
250607A,110,B,5,10,6,F,36.00,216.00,DIST-OPEN,,AVAIL,N,340
250607A,110,D,11,20,10,F,36.00,360.00,DRESS,,AVAIL,N,340
250607A,110,D,1,2,2,F,36.00,72.00,DRESS,,AVAIL,N,340
250607A,110,K,1,20,20,F,36.00,720.00,DRESS,,AVAIL,N,420
250607A,110,M,1,21,21,F,36.00,756.00,DRESS,,AVAIL,N,420
250607A,110,L,1,20,20,F,36.00,720.00,DRESS,,AVAIL,N,420
250607A,110,G,1,20,20,F,36.00,720.00,DRESS,,AVAIL,N,340
250607A,110,F,1,20,20,F,36.00,720.00,DRESS,,AVAIL,N,340
250607A,110,E,1,20,20,F,36.00,720.00,DRESS,,AVAIL,N,340
250607A,110,P,1,21,21,F,36.00,756.00,DRESS,,AVAIL,N,420
250607A,110,J,1,18,18,F,36.00,648.00,DRESS,,AVAIL,N,420
250607A,110,C,11,20,10,F,36.00,360.00,DRESS,,AVAIL,N,340
250607A,111,L,1,22,22,F,36.00,792.00,DRESS,,AVAIL,N,460
250607A,111,C,19,20,2,F,36.00,72.00,DIST-OPEN,,AVAIL,N,460
250607A,111,A,8,10,3,F,36.00,108.00,DIST-OPEN,,AVAIL,N,460
250607A,111,P,1,23,23,F,36.00,828.00,DRESS,,AVAIL,N,460
250607A,111,M,1,22,22,F,36.00,792.00,DRESS,,AVAIL,N,460
250607A,111,Q,1,23,23,F,36.00,828.00,DRESS,,AVAIL,N,460
250607A,111,N,1,23,23,F,36.00,828.00,DRESS,,AVAIL,N,460
250607A,111,D,1,20,20,F,36.00,720.00,DRESS,,AVAIL,N,460
250607A,111,G,1,21,21,F,36.00,756.00,DRESS,,AVAIL,N,460
250607A,111,K,1,22,22,F,36.00,792.00,DRESS,,AVAIL,N,460
250607A,111,J,1,22,22,F,36.00,792.00,DRESS,,AVAIL,N,460
250607A,111,B,1,10,10,F,36.00,360.00,DRESS,,AVAIL,N,460
250607A,112,L,1,21,21,G,26.00,546.00,DRESS,,AVAIL,N,500
250607A,112,N,1,22,22,G,26.00,572.00,DRESS,,AVAIL,N,500
250607A,112,P,1,16,16,G,26.00,416.00,DOQ-WHEELCHAIR,WCACC,AVAIL,N,500
250607A,112,B,1,13,13,G,26.00,338.00,DRESS,,AVAIL,N,500
250607A,112,J,11,19,9,G,26.00,234.00,PLAYERS,,AVAIL,N,500
250607A,112,B,14,15,2,G,26.00,52.00,DIST-OPEN,,AVAIL,N,500
250607A,112,D,1,17,17,G,26.00,442.00,DRESS,,AVAIL,N,500
250607A,112,M,1,21,21,G,26.00,546.00,DRESS,,AVAIL,N,500
250607A,112,K,1,19,19,G,26.00,494.00,DRESS,,AVAIL,N,500
250607A,113,J,1,16,16,G,26.00,416.00,SIGNAGE HOLD,,AVAIL,N,540
250607A,113,L,1,18,18,G,26.00,468.00,SIGNAGE HOLD,,AVAIL,N,540
250607A,113,D,1,13,13,G,26.00,338.00,DRESS,,AVAIL,N,540
250607A,113,A,9,10,2,G,26.00,52.00,DIST-OPEN,,AVAIL,N,540
250607A,113,A,1,7,7,G,26.00,182.00,DRESS,,AVAIL,N,540
250607A,113,B,1,11,11,G,26.00,286.00,DRESS,,AVAIL,N,540
250607A,113,K,1,17,17,G,26.00,442.00,SIGNAGE HOLD,,AVAIL,N,540
250607A,113,C,1,12,12,G,26.00,312.00,DRESS,,AVAIL,N,540
250607A,113,H,1,16,16,G,26.00,416.00,SIGNAGE HOLD,,AVAIL,N,540
250607A,113,Q,1,21,21,G,26.00,546.00,SIGNAGE HOLD,,AVAIL,N,540
250607A,113,P,1,20,20,G,26.00,520.00,SIGNAGE HOLD,,AVAIL,N,540
250607A,113,F,1,14,14,G,26.00,364.00,DRESS,,AVAIL,N,540
250607A,113,M,1,19,19,G,26.00,494.00,SIGNAGE HOLD,,AVAIL,N,540
250607A,113,N,1,19,19,G,26.00,494.00,SIGNAGE HOLD,,AVAIL,N,540
250607A,114,P,1,20,20,H,21.00,420.00,FUTURE,,AVAIL,N,550
250607A,114,H,1,17,17,H,21.00,357.00,FUTURE,,AVAIL,N,550
250607A,114,Q,1,21,21,H,21.00,441.00,FUTURE,,AVAIL,N,550
250607A,114,K,1,18,18,H,21.00,378.00,FUTURE,,AVAIL,N,550
250607A,114,G,1,16,16,H,21.00,336.00,FUTURE,,AVAIL,N,550
250607A,114,N,1,19,19,H,21.00,399.00,FUTURE,,AVAIL,N,550
250607A,114,C,1,14,14,H,21.00,294.00,FUTURE,,AVAIL,N,550
250607A,114,M,1,19,19,H,21.00,399.00,FUTURE,,AVAIL,N,550
250607A,114,J,1,17,17,H,21.00,357.00,FUTURE,,AVAIL,N,550
250607A,114,D,1,15,15,H,21.00,315.00,FUTURE,,AVAIL,N,550
250607A,114,B,1,13,13,H,21.00,273.00,FUTURE,,AVAIL,N,550
250607A,114,F,1,16,16,H,21.00,336.00,FUTURE,,AVAIL,N,550
250607A,114,E,1,15,15,H,21.00,315.00,FUTURE,,AVAIL,N,550
250607A,114,A,1,13,13,H,21.00,273.00,FUTURE,,AVAIL,N,550
250607A,114,L,1,18,18,H,21.00,378.00,FUTURE,,AVAIL,N,550
250607A,114VIP,R,1,25,25,I,160.00,4000.00,SUITES,,AVAIL,N,620
250607A,115,D,1,19,19,H,21.00,399.00,FUTURE,,AVAIL,N,560
250607A,115,N,1,21,21,H,21.00,441.00,FUTURE,,AVAIL,N,560
250607A,115,J,1,20,20,H,21.00,420.00,FUTURE,,AVAIL,N,560
250607A,115,M,1,21,21,H,21.00,441.00,FUTURE,,AVAIL,N,560
250607A,115,L,1,21,21,H,21.00,441.00,FUTURE,,AVAIL,N,560
250607A,115,P,1,21,21,H,21.00,441.00,FUTURE,,AVAIL,N,560
250607A,115,Q,1,22,22,H,21.00,462.00,FUTURE,,AVAIL,N,560
250607A,115,H,1,20,20,H,21.00,420.00,FUTURE,,AVAIL,N,560
250607A,115,K,1,20,20,H,21.00,420.00,FUTURE,,AVAIL,N,560
250607A,115,E,1,19,19,H,21.00,399.00,FUTURE,,AVAIL,N,560
250607A,115,G,1,20,20,H,21.00,420.00,FUTURE,,AVAIL,N,560
250607A,115,A,1,18,18,H,21.00,378.00,FUTURE,,AVAIL,N,560
250607A,115,C,1,19,19,H,21.00,399.00,FUTURE,,AVAIL,N,560
250607A,115,F,1,19,19,H,21.00,399.00,FUTURE,,AVAIL,N,560
250607A,115,B,1,18,18,H,21.00,378.00,FUTURE,,AVAIL,N,560
250607A,115VIP,R,1,25,25,I,160.00,4000.00,SUITES,,AVAIL,N,630
250607A,116,B,1,21,21,H,21.00,441.00,SIGNAGE HOLD,,AVAIL,N,570
250607A,116,M,1,22,22,H,21.00,462.00,SIGNAGE HOLD,,AVAIL,N,570
250607A,116,J,1,22,22,H,21.00,462.00,SIGNAGE HOLD,,AVAIL,N,570
250607A,116,D,1,21,21,H,21.00,441.00,SIGNAGE HOLD,,AVAIL,N,570
250607A,116,K,1,22,22,H,21.00,462.00,SIGNAGE HOLD,,AVAIL,N,570
250607A,116,N,1,23,23,H,21.00,483.00,SIGNAGE HOLD,,AVAIL,N,570
250607A,116,P,1,23,23,H,21.00,483.00,SIGNAGE HOLD,,AVAIL,N,570
250607A,116,C,1,21,21,H,21.00,441.00,SIGNAGE HOLD,,AVAIL,N,570
250607A,116,H,1,22,22,H,21.00,462.00,SIGNAGE HOLD,,AVAIL,N,570
250607A,116,Q,1,23,23,H,21.00,483.00,SIGNAGE HOLD,,AVAIL,N,570
250607A,116,G,1,22,22,H,21.00,462.00,SIGNAGE HOLD,,AVAIL,N,570
250607A,116,E,1,21,21,H,21.00,441.00,SIGNAGE HOLD,,AVAIL,N,570
250607A,116,A,1,21,21,H,21.00,441.00,SIGNAGE HOLD,,AVAIL,N,570
250607A,116,F,1,22,22,H,21.00,462.00,SIGNAGE HOLD,,AVAIL,N,570
250607A,116,L,1,22,22,H,21.00,462.00,SIGNAGE HOLD,,AVAIL,N,570
250607A,116VIP,SRO,1,7,7,I,160.00,1120.00,SUITES,,AVAIL,N,100
250607A,116VIP,R,1,25,25,I,160.00,4000.00,SUITES,,AVAIL,N,640
250607A,117,E,1,20,20,H,21.00,420.00,SIGNAGE HOLD,,AVAIL,N,580
250607A,117,G,1,20,20,H,21.00,420.00,SIGNAGE HOLD,,AVAIL,N,580
250607A,117,C,1,20,20,H,21.00,420.00,SIGNAGE HOLD,,AVAIL,N,580
250607A,117,J,1,21,21,H,21.00,441.00,SIGNAGE HOLD,,AVAIL,N,580
250607A,117,D,1,20,20,H,21.00,420.00,SIGNAGE HOLD,,AVAIL,N,580
250607A,117,P,1,14,14,H,21.00,294.00,SIGNAGE HOLD,,AVAIL,N,580
250607A,117,F,1,20,20,H,21.00,420.00,SIGNAGE HOLD,,AVAIL,N,580
250607A,117,K,1,21,21,H,21.00,441.00,SIGNAGE HOLD,,AVAIL,N,580
250607A,117,M,1,21,21,H,21.00,441.00,SIGNAGE HOLD,,AVAIL,N,580
250607A,117,L,1,21,21,H,21.00,441.00,SIGNAGE HOLD,,AVAIL,N,580
250607A,117,B,1,19,19,H,21.00,399.00,SIGNAGE HOLD,,AVAIL,N,580
250607A,117,N,1,21,21,H,21.00,441.00,SIGNAGE HOLD,,AVAIL,N,580
250607A,117,H,1,20,20,H,21.00,420.00,SIGNAGE HOLD,,AVAIL,N,580
250607A,117,A,3,19,17,H,21.00,357.00,SIGNAGE HOLD,,AVAIL,N,580
250607A,118,N,1,23,23,H,21.00,483.00,SIGNAGE HOLD,,AVAIL,N,590
250607A,118,B,1,21,21,H,21.00,441.00,SIGNAGE HOLD,,AVAIL,N,590
250607A,118,F,1,22,22,H,21.00,462.00,SIGNAGE HOLD,,AVAIL,N,590
250607A,118,D,1,21,21,H,21.00,441.00,SIGNAGE HOLD,,AVAIL,N,590
250607A,118,A,1,21,21,H,21.00,441.00,SIGNAGE HOLD,,AVAIL,N,590
250607A,118,C,1,21,21,H,21.00,441.00,SIGNAGE HOLD,,AVAIL,N,590
250607A,118,K,1,22,22,H,21.00,462.00,SIGNAGE HOLD,,AVAIL,N,590
250607A,118,Q,1,23,23,H,21.00,483.00,SIGNAGE HOLD,,AVAIL,N,590
250607A,118,L,1,22,22,H,21.00,462.00,SIGNAGE HOLD,,AVAIL,N,590
250607A,118,J,1,22,22,H,21.00,462.00,SIGNAGE HOLD,,AVAIL,N,590
250607A,118,P,1,23,23,H,21.00,483.00,SIGNAGE HOLD,,AVAIL,N,590
250607A,118,M,1,22,22,H,21.00,462.00,SIGNAGE HOLD,,AVAIL,N,590
250607A,118,G,1,22,22,H,21.00,462.00,SIGNAGE HOLD,,AVAIL,N,590
250607A,118,E,1,21,21,H,21.00,441.00,SIGNAGE HOLD,,AVAIL,N,590
250607A,118,H,1,22,22,H,21.00,462.00,SIGNAGE HOLD,,AVAIL,N,590
250607A,118VIP,R,1,25,25,I,160.00,4000.00,SUITES,,AVAIL,N,650
250607A,119,N,1,21,21,H,21.00,441.00,FUTURE,,AVAIL,N,600
250607A,119,P,1,21,21,H,21.00,441.00,FUTURE,,AVAIL,N,600
250607A,119,B,8,8,1,H,21.00,21.00,DIST-OPEN,,AVAIL,N,600
250607A,119,J,1,20,20,H,21.00,420.00,FUTURE,,AVAIL,N,600
250607A,119,Q,1,22,22,H,21.00,462.00,FUTURE,,AVAIL,N,600
250607A,119,M,1,21,21,H,21.00,441.00,FUTURE,,AVAIL,N,600
250607A,119,L,1,21,21,H,21.00,441.00,FUTURE,,AVAIL,N,600
250607A,119,H,1,20,20,H,21.00,420.00,FUTURE,,AVAIL,N,600
250607A,119,E,1,19,19,H,21.00,399.00,FUTURE,,AVAIL,N,600
250607A,119,D,3,19,17,H,21.00,357.00,DIST-OPEN,,AVAIL,N,600
250607A,119,A,10,10,1,H,21.00,21.00,DIST-OPEN,,AVAIL,N,600
250607A,119,B,12,18,7,H,21.00,147.00,DIST-OPEN,,AVAIL,N,600
250607A,119,G,1,20,20,H,21.00,420.00,FUTURE,,AVAIL,N,600
250607A,119,F,1,19,19,H,21.00,399.00,FUTURE,,AVAIL,N,600
250607A,119,C,7,19,13,H,21.00,273.00,DIST-OPEN,,AVAIL,N,600
250607A,119,K,1,20,20,H,21.00,420.00,FUTURE,,AVAIL,N,600
250607A,120,L,1,18,18,H,21.00,378.00,SIGNAGE HOLD,,AVAIL,N,610
250607A,120,J,1,17,17,H,21.00,357.00,SIGNAGE HOLD,,AVAIL,N,610
250607A,120,K,1,18,18,H,21.00,378.00,SIGNAGE HOLD,,AVAIL,N,610
250607A,120,P,1,20,20,H,21.00,420.00,SIGNAGE HOLD,,AVAIL,N,610
250607A,120,N,1,19,19,H,21.00,399.00,SIGNAGE HOLD,,AVAIL,N,610
250607A,120,E,1,15,15,H,21.00,315.00,FUTURE,,AVAIL,N,610
250607A,120,F,1,16,16,H,21.00,336.00,FUTURE,,AVAIL,N,610
250607A,120,G,1,16,16,H,21.00,336.00,FUTURE,,AVAIL,N,610
250607A,120,A,6,13,8,H,21.00,168.00,DIST-OPEN,,AVAIL,N,610
250607A,120,B,3,13,11,H,21.00,231.00,DIST-OPEN,,AVAIL,N,610
250607A,120,D,1,15,15,H,21.00,315.00,DIST-OPEN,,AVAIL,N,610
250607A,120,M,1,19,19,H,21.00,399.00,SIGNAGE HOLD,,AVAIL,N,610
250607A,120,H,1,17,17,H,21.00,357.00,SIGNAGE HOLD,,AVAIL,N,610
250607A,120,Q,1,21,21,H,21.00,441.00,SIGNAGE HOLD,,AVAIL,N,610
250607A,120,C,1,14,14,H,21.00,294.00,DIST-OPEN,,AVAIL,N,610
250607A,121,B,1,11,11,G,26.00,286.00,SIGNAGE HOLD,,AVAIL,N,510
250607A,121,H,11,16,6,G,26.00,156.00,DIST-OPEN,,AVAIL,N,510
250607A,121,K,1,17,17,G,26.00,442.00,DIST-OPEN,,AVAIL,N,510
250607A,121,D,1,13,13,G,26.00,338.00,SIGNAGE HOLD,,AVAIL,N,510
250607A,121,J,1,16,16,G,26.00,416.00,DIST-OPEN,,AVAIL,N,510
250607A,121,L,1,18,18,G,26.00,468.00,DIST-OPEN,,AVAIL,N,510
250607A,121,C,1,12,12,G,26.00,312.00,SIGNAGE HOLD,,AVAIL,N,510
250607A,121,M,11,19,9,G,26.00,234.00,DOQ-VETTX1HOLD,VETTX1HOLD,AVAIL,N,510
250607A,121,A,1,10,10,G,26.00,260.00,SIGNAGE HOLD,,AVAIL,N,510
250607A,121,F,1,14,14,G,26.00,364.00,SIGNAGE HOLD,,AVAIL,N,510
250607A,121,G,10,12,3,G,26.00,78.00,DIST-OPEN,,AVAIL,N,510
250607A,121,N,1,19,19,G,26.00,494.00,DOQ-VETTX1HOLD,VETTX1HOLD,AVAIL,N,510
250607A,121,P,1,20,20,G,26.00,520.00,DRESS,,AVAIL,N,510
250607A,121,E,1,13,13,G,26.00,338.00,SIGNAGE HOLD,,AVAIL,N,510
250607A,121,Q,1,21,21,G,26.00,546.00,DRESS,,AVAIL,N,510
250607A,121,H,4,10,7,G,26.00,182.00,SEAN HOLD,,AVAIL,N,510
250607A,122,B,1,11,11,G,26.00,286.00,OPEN,,AVAIL,N,470
250607A,122,M,5,10,6,G,26.00,156.00,SEAN HOLD,,AVAIL,N,470
250607A,122,N,1,1,1,G,26.00,26.00,DRESS,,AVAIL,N,470
250607A,122,G,1,18,18,G,26.00,468.00,DOQ-TFG1COMPHOLD,TFG1COMPHOLD,AVAIL,N,470
250607A,122,E,5,17,13,G,26.00,338.00,DOQ-TFG1COMPHOLD,TFG1COMPHOLD,AVAIL,N,470
250607A,122,D,1,4,4,G,26.00,104.00,OPEN,,AVAIL,N,470
250607A,122,F,1,18,18,G,26.00,468.00,DOQ-TFG1COMPHOLD,TFG1COMPHOLD,AVAIL,N,470
250607A,122,P,1,16,16,G,26.00,416.00,DOQ-WHEELCHAIR,WCACC,AVAIL,N,470
250607A,123,A,8,10,3,F,36.00,108.00,DIST-OPEN,,AVAIL,N,430
250607A,123,P,1,23,23,F,36.00,828.00,DRESS,,AVAIL,N,430
250607A,123,F,13,21,9,F,36.00,324.00,DIST-OPEN,,AVAIL,N,430
250607A,123,K,1,10,10,F,36.00,360.00,SEAN HOLD,,AVAIL,N,430
250607A,123,L,11,22,12,F,36.00,432.00,DIST-OPEN,,AVAIL,N,430
250607A,123,B,5,16,12,F,36.00,432.00,DIST-OPEN,,AVAIL,N,430
250607A,123,G,1,10,10,F,36.00,360.00,DRESS,,AVAIL,N,430
250607A,123,J,1,10,10,F,36.00,360.00,DRESS,,AVAIL,N,430
250607A,123,H,11,21,11,F,36.00,396.00,DRESS,,AVAIL,N,430
250607A,123,A,13,13,1,F,36.00,36.00,DIST-OPEN,,AVAIL,N,430
250607A,123,C,11,18,8,F,36.00,288.00,DIST-OPEN,,AVAIL,N,430
250607A,123,M,11,22,12,F,36.00,432.00,DRESS,,AVAIL,N,430
250607A,123,N,1,23,23,F,36.00,828.00,DRESS,,AVAIL,N,430
250607A,123,K,11,22,12,F,36.00,432.00,DRESS,,AVAIL,N,430
250607A,123,Q,1,23,23,F,36.00,828.00,DRESS,,AVAIL,N,430
250607A,123,D,1,20,20,F,36.00,720.00,DIST-OPEN,,AVAIL,N,430
250607A,123,J,11,22,12,F,36.00,432.00,DIST-OPEN,,AVAIL,N,430
250607A,123,L,1,10,10,F,36.00,360.00,DRESS,,AVAIL,N,430
250607A,123,M,1,10,10,F,36.00,360.00,DIST-OPEN,,AVAIL,N,430
250607A,123,E,1,21,21,F,36.00,756.00,DIST-OPEN,,AVAIL,N,430
250607A,123,H,1,10,10,F,36.00,360.00,DIST-OPEN,,AVAIL,N,430
250607A,123,C,5,5,1,F,36.00,36.00,AK HOLD,,AVAIL,N,430
250607A,123,G,11,21,11,F,36.00,396.00,DIST-OPEN,,AVAIL,N,430
250607A,124,K,11,13,3,F,36.00,108.00,DIST-OPEN,,AVAIL,N,400
250607A,124,P,16,21,6,F,36.00,216.00,DRESS,,AVAIL,N,400
250607A,124,P,1,15,15,F,36.00,540.00,SEAN HOLD,,AVAIL,N,400
250607A,124,Q,1,21,21,F,36.00,756.00,DRESS,,AVAIL,N,400
250607A,124,L,11,20,10,F,36.00,360.00,DRESS,,AVAIL,N,400
250607A,124,M,1,10,10,F,36.00,360.00,DRESS,,AVAIL,N,400
250607A,124,G,11,20,10,F,36.00,360.00,DRESS,,AVAIL,N,320
250607A,124,N,1,21,21,F,36.00,756.00,DRESS,,AVAIL,N,400
250607A,124,H,5,10,6,F,36.00,216.00,DRESS,,AVAIL,N,400
250607A,124,K,1,10,10,F,36.00,360.00,DRESS,,AVAIL,N,400
250607A,124,L,1,10,10,F,36.00,360.00,DIST-OPEN,,AVAIL,N,400
250607A,124,G,1,10,10,F,36.00,360.00,DIST-OPEN,,AVAIL,N,320
250607A,124,C,15,15,1,F,36.00,36.00,DIST-OPEN,,AVAIL,N,320
250607A,124,D,14,14,1,F,36.00,36.00,DIST-OPEN,,AVAIL,N,320
250607A,124,F,11,20,10,F,36.00,360.00,DIST-OPEN,,AVAIL,N,320
250607A,124,K,16,16,1,F,36.00,36.00,DIST-OPEN,,AVAIL,N,400
250607A,124,J,11,18,8,F,36.00,288.00,DRESS,,AVAIL,N,400
250607A,124,F,1,10,10,F,36.00,360.00,DRESS,,AVAIL,N,320
250607A,124,M,11,21,11,F,36.00,396.00,DIST-OPEN,,AVAIL,N,400
250607A,124,J,1,10,10,F,36.00,360.00,DIST-OPEN,,AVAIL,N,400
250607A,124,H,11,16,6,F,36.00,216.00,DIST-OPEN,,AVAIL,N,400
250607A,124,E,12,16,5,F,36.00,180.00,DIST-OPEN,,AVAIL,N,320
250607A,125,A,16,18,3,L,26.00,78.00,SUPPORTERS,,AVAIL,N,80
250607A,125,A,11,13,3,L,26.00,78.00,SUPPORTERS,,AVAIL,N,80
250607A,125,Q,5,20,16,M,21.00,336.00,DRESS,,AVAIL,N,350
250607A,125,G,11,20,10,L,26.00,260.00,DRESS,,AVAIL,N,180
250607A,125,N,1,17,17,M,21.00,357.00,DRESS,,AVAIL,N,350
250607A,125,C,1,6,6,L,26.00,156.00,SUPPORTERS,,AVAIL,N,180
250607A,125,F,1,10,10,L,26.00,260.00,DRESS,,AVAIL,N,180
250607A,125,E,11,20,10,L,26.00,260.00,DRESS,,AVAIL,N,180
250607A,125,L,3,10,8,M,21.00,168.00,DRESS,,AVAIL,N,350
250607A,125,M,11,18,8,M,21.00,168.00,DRESS,,AVAIL,N,350
250607A,125,P,1,18,18,M,21.00,378.00,DRESS,,AVAIL,N,350
250607A,125,D,15,16,2,L,26.00,52.00,DIST-OPEN,,AVAIL,N,180
250607A,125,A,3,3,1,L,26.00,26.00,DIST-OPEN,,AVAIL,N,80
250607A,125,C,14,16,3,L,26.00,78.00,DIST-OPEN,,AVAIL,N,180
250607A,125,H,11,17,7,L,26.00,182.00,DIST-OPEN,,AVAIL,N,180
250607A,125,G,4,10,7,L,26.00,182.00,DIST-OPEN,,AVAIL,N,180
250607A,125,F,11,19,9,L,26.00,234.00,DIST-OPEN,,AVAIL,N,180
250607A,125,H,1,10,10,L,26.00,260.00,DRESS,,AVAIL,N,180
250607A,125,D,3,12,10,L,26.00,260.00,DIST-OPEN,,AVAIL,N,180
250607A,125,A,9,9,1,L,26.00,26.00,DIST-OPEN,,AVAIL,N,80
250607A,125,E,7,10,4,L,26.00,104.00,DIST-OPEN,,AVAIL,N,180
250607A,125,K,7,20,14,M,21.00,294.00,SUPPORTERS,,AVAIL,N,350
250607A,125,J,7,16,10,M,21.00,210.00,SUPPORTERS,,AVAIL,N,350
250607A,125,B,13,20,8,L,26.00,208.00,SUPPORTERS,,AVAIL,N,180
250607A,126,B,11,14,4,D,61.00,244.00,DIST-OPEN,,AVAIL,N,160
250607A,126,J,9,12,4,E,44.00,176.00,DIST-OPEN,,AVAIL,N,260
250607A,126,D,3,3,1,D,61.00,61.00,DIST-OPEN,,AVAIL,N,160
250607A,126,B,17,18,2,D,61.00,122.00,DIST-OPEN,,AVAIL,N,160
250607A,126,M,5,20,16,E,44.00,704.00,DIST-OPEN,,AVAIL,N,260
250607A,126,E,11,16,6,D,61.00,366.00,DRESS,,AVAIL,N,160
250607A,126,L,1,10,10,E,44.00,440.00,DRESS,,AVAIL,N,260
250607A,126,B,5,10,6,D,61.00,366.00,DRESS,,AVAIL,N,160
250607A,126,H,5,5,1,E,44.00,44.00,DIST-OPEN,,AVAIL,N,260
250607A,126,H,18,18,1,E,44.00,44.00,DIST-OPEN,,AVAIL,N,260
250607A,126,F,11,20,10,D,61.00,610.00,DRESS,,AVAIL,N,160
250607A,126,D,6,10,5,D,61.00,305.00,DRESS,,AVAIL,N,160
250607A,126,C,5,20,16,D,61.00,976.00,DIST-OPEN,,AVAIL,N,160
250607A,126,L,11,18,8,E,44.00,352.00,DIST-OPEN,,AVAIL,N,260
250607A,126,H,11,15,5,E,44.00,220.00,DIST-OPEN,,AVAIL,N,260
250607A,126,G,1,10,10,D,61.00,610.00,DRESS,,AVAIL,N,160
250607A,126,E,9,10,2,D,61.00,122.00,DIST-OPEN,,AVAIL,N,160
250607A,126,D,11,20,10,D,61.00,610.00,DIST-OPEN,,AVAIL,N,160
250607A,126,G,11,20,10,D,61.00,610.00,DIST-OPEN,,AVAIL,N,160
250607A,126,N,1,20,20,E,44.00,880.00,DRESS,,AVAIL,N,260
250607A,126,K,11,18,8,E,44.00,352.00,DRESS,,AVAIL,N,260
250607A,126,P,7,20,14,E,44.00,616.00,DOQ-WHEELCHAIR,WCACC,AVAIL,N,260
250607A,126,A,19,20,2,C,82.00,164.00,DIST-OPEN,,AVAIL,N,60
250607A,126,A,4,16,13,C,82.00,1066.00,DIST-OPEN,,AVAIL,N,60
250607A,126,K,1,10,10,E,44.00,440.00,DIST-OPEN,,AVAIL,N,260
250607A,127,D,18,18,1,D,61.00,61.00,DIST-OPEN,,AVAIL,N,150
250607A,127,K,19,20,2,E,44.00,88.00,OPEN,,AVAIL,N,250
250607A,127,M,5,18,14,E,44.00,616.00,DIST-OPEN,,AVAIL,N,250
250607A,127,B,5,6,2,D,61.00,122.00,DIST-OPEN,,AVAIL,N,150
250607A,127,J,5,10,6,E,44.00,264.00,DIST-OPEN,,AVAIL,N,250
250607A,127,E,4,10,7,D,61.00,427.00,DRESS,,AVAIL,N,150
250607A,127,L,9,9,1,E,44.00,44.00,DIST-OPEN,,AVAIL,N,250
250607A,127,E,11,16,6,D,61.00,366.00,DIST-OPEN,,AVAIL,N,150
250607A,127,K,3,6,4,E,44.00,176.00,DIST-OPEN,,AVAIL,N,250
250607A,127,F,11,20,10,D,61.00,610.00,DRESS,,AVAIL,N,150
250607A,127,J,13,14,2,E,44.00,88.00,DIST-OPEN,,AVAIL,N,250
250607A,127,G,11,18,8,D,61.00,488.00,DIST-OPEN,,AVAIL,N,150
250607A,127,N,3,4,2,E,44.00,88.00,DRESS,,AVAIL,N,250
250607A,127,G,1,4,4,D,61.00,244.00,DRESS,,AVAIL,N,150
250607A,127,L,12,16,5,E,44.00,220.00,DRESS,,AVAIL,N,250
250607A,127,H,10,14,5,E,44.00,220.00,DIST-OPEN,,AVAIL,N,250
250607A,127,K,12,14,3,E,44.00,132.00,DIST-OPEN,,AVAIL,N,250
250607A,127,L,5,5,1,E,44.00,44.00,DIST-OPEN,,AVAIL,N,250
250607A,127,E,19,20,2,D,61.00,122.00,DIST-OPEN,,AVAIL,N,150
250607A,127,G,9,10,2,D,61.00,122.00,DRESS,,AVAIL,N,150
250607A,127,N,12,14,3,E,44.00,132.00,DIST-OPEN,,AVAIL,N,250
250607A,127,F,7,10,4,D,61.00,244.00,DIST-OPEN,,AVAIL,N,150
250607A,127,P,7,20,14,E,44.00,616.00,DOQ-WHEELCHAIR,WCACC,AVAIL,N,250
250607A,128,E,11,20,10,D,61.00,610.00,DIST-OPEN,,AVAIL,N,170
250607A,128,J,1,10,10,E,44.00,440.00,DRESS,,AVAIL,N,270
250607A,128,H,11,20,10,E,44.00,440.00,DRESS,,AVAIL,N,270
250607A,128,D,11,20,10,D,61.00,610.00,DRESS,,AVAIL,N,170
250607A,128,M,4,11,8,E,44.00,352.00,DIST-OPEN,,AVAIL,N,270
250607A,128,G,1,10,10,D,61.00,610.00,SEAN HOLD,,AVAIL,N,170
250607A,128,P,19,20,2,E,44.00,88.00,ADA,,AVAIL,N,270
250607A,128,H,3,10,8,E,44.00,352.00,DIST-OPEN,,AVAIL,N,270
250607A,128,A,8,10,3,C,82.00,246.00,DIST-OPEN,,AVAIL,N,70
250607A,128,C,4,10,7,D,61.00,427.00,DRESS,,AVAIL,N,170
250607A,128,E,7,10,4,D,61.00,244.00,DRESS,,AVAIL,N,170
250607A,128,F,13,20,8,D,61.00,488.00,DRESS,,AVAIL,N,170
250607A,128,L,1,10,10,E,44.00,440.00,DRESS,,AVAIL,N,270
250607A,128,E,1,3,3,D,61.00,183.00,DRESS,,AVAIL,N,170
250607A,128,K,11,20,10,E,44.00,440.00,DRESS,,AVAIL,N,270
250607A,128,L,13,16,4,E,44.00,176.00,DIST-OPEN,,AVAIL,N,270
250607A,128,K,2,10,9,E,44.00,396.00,DIST-OPEN,,AVAIL,N,270
250607A,128,J,11,20,10,E,44.00,440.00,DIST-OPEN,,AVAIL,N,270
250607A,128,B,8,18,11,D,61.00,671.00,DIST-OPEN,,AVAIL,N,170
250607A,128,D,1,8,8,D,61.00,488.00,DIST-OPEN,,AVAIL,N,170
250607A,128,F,1,10,10,D,61.00,610.00,DIST-OPEN,,AVAIL,N,170
250607A,128,G,11,20,10,D,61.00,610.00,DIST-OPEN,,AVAIL,N,170
250607A,128,N,1,20,20,E,44.00,880.00,DRESS,,AVAIL,N,270
250607A,128,P,7,18,12,E,44.00,528.00,DOQ-WHEELCHAIR,WCACC,AVAIL,N,270
250607A,129,D,3,20,18,D,61.00,1098.00,DIST-OPEN,,AVAIL,N,190
250607A,129,E,11,18,8,D,61.00,488.00,DIST-OPEN,,AVAIL,N,190
250607A,129,A,11,20,10,C,82.00,820.00,DIST-OPEN,,AVAIL,N,90
250607A,129,G,11,20,10,D,61.00,610.00,DIST-OPEN,,AVAIL,N,190
250607A,129,J,20,20,1,F,36.00,36.00,DIST-OPEN,,AVAIL,N,360
250607A,129,C,1,10,10,D,61.00,610.00,SEAN HOLD,,AVAIL,N,190
250607A,129,A,1,2,2,C,82.00,164.00,DIST-OPEN,,AVAIL,N,90
250607A,129,B,1,10,10,D,61.00,610.00,DIST-OPEN,,AVAIL,N,190
250607A,129,J,7,10,4,F,36.00,144.00,DRESS,,AVAIL,N,360
250607A,129,E,1,10,10,D,61.00,610.00,DRESS,,AVAIL,N,190
250607A,129,L,6,10,5,F,36.00,180.00,DRESS,,AVAIL,N,360
250607A,129,L,11,20,10,F,36.00,360.00,DIST-OPEN,,AVAIL,N,360
250607A,129,H,1,10,10,D,61.00,610.00,DIST-OPEN,,AVAIL,N,190
250607A,129,F,1,10,10,D,61.00,610.00,DIST-OPEN,,AVAIL,N,190
250607A,129,P,1,20,20,F,36.00,720.00,DRESS,,AVAIL,N,360
250607A,129,K,11,20,10,F,36.00,360.00,DRESS,,AVAIL,N,360
250607A,129,H,11,15,5,D,61.00,305.00,DRESS,,AVAIL,N,190
250607A,129,Q,5,20,16,F,36.00,576.00,DRESS,,AVAIL,N,360
250607A,129,N,1,20,20,F,36.00,720.00,DRESS,,AVAIL,N,360
250607A,129,F,11,20,10,D,61.00,610.00,DRESS,,AVAIL,N,190
250607A,129,M,11,20,10,F,36.00,360.00,DRESS,,AVAIL,N,360
250607A,129,G,2,10,9,D,61.00,549.00,DRESS,,AVAIL,N,190
250607A,129,K,7,10,4,F,36.00,144.00,DIST-OPEN,,AVAIL,N,360
250607A,129,M,4,10,7,F,36.00,252.00,DIST-OPEN,,AVAIL,N,360
250607A,130,F,1,20,20,F,36.00,720.00,SEAN HOLD,,AVAIL,N,310
250607A,130,Q,1,3,3,F,36.00,108.00,DIST-OPEN,,AVAIL,N,390
250607A,130,J,4,10,7,F,36.00,252.00,DIST-OPEN,,AVAIL,N,390
250607A,130,G,1,10,10,F,36.00,360.00,DIST-OPEN,,AVAIL,N,310
250607A,130,E,11,20,10,F,36.00,360.00,DIST-OPEN,,AVAIL,N,310
250607A,130,K,11,20,10,F,36.00,360.00,DIST-OPEN,,AVAIL,N,390
250607A,130,C,12,16,5,F,36.00,180.00,DIST-OPEN,,AVAIL,N,310
250607A,130,G,11,20,10,F,36.00,360.00,DRESS,,AVAIL,N,310
250607A,130,B,7,10,4,F,36.00,144.00,OPEN,,AVAIL,N,310
250607A,130,D,10,20,11,F,36.00,396.00,DIST-OPEN,,AVAIL,N,310
250607A,130,B,1,2,2,F,36.00,72.00,OPEN,,AVAIL,N,310
250607A,130,J,11,20,10,F,36.00,360.00,DRESS,,AVAIL,N,390
250607A,130,E,1,10,10,F,36.00,360.00,DRESS,,AVAIL,N,310
250607A,130,N,1,21,21,F,36.00,756.00,DRESS,,AVAIL,N,390
250607A,130,L,1,10,10,F,36.00,360.00,DIST-OPEN,,AVAIL,N,390
250607A,130,M,1,10,10,F,36.00,360.00,DRESS,,AVAIL,N,390
250607A,130,K,3,10,8,F,36.00,288.00,DRESS,,AVAIL,N,390
250607A,130,H,1,10,10,F,36.00,360.00,DRESS,,AVAIL,N,390
250607A,130,P,1,21,21,F,36.00,756.00,DRESS,,AVAIL,N,390
250607A,130,M,11,21,11,F,36.00,396.00,DIST-OPEN,,AVAIL,N,390
250607A,130,Q,4,21,18,F,36.00,648.00,DRESS,,AVAIL,N,390
250607A,130,H,11,20,10,F,36.00,360.00,DIST-OPEN,,AVAIL,N,390
250607A,130,D,6,7,2,F,36.00,72.00,DIST-OPEN,,AVAIL,N,310
250607A,130,L,11,20,10,F,36.00,360.00,DRESS,,AVAIL,N,390
250607A,131,C,1,20,20,F,36.00,720.00,DIST-OPEN,,AVAIL,N,440
250607A,131,A,9,10,2,F,36.00,72.00,DIST-OPEN,,AVAIL,N,440
250607A,131,H,20,21,2,F,36.00,72.00,DIST-OPEN,,AVAIL,N,440
250607A,131,E,1,10,10,F,36.00,360.00,DRESS,,AVAIL,N,440
250607A,131,P,1,23,23,F,36.00,828.00,DRESS,,AVAIL,N,440
250607A,131,K,11,18,8,F,36.00,288.00,DRESS,,AVAIL,N,440
250607A,131,F,11,21,11,F,36.00,396.00,DRESS,,AVAIL,N,440
250607A,131,H,11,19,9,F,36.00,324.00,DRESS,,AVAIL,N,440
250607A,131,N,1,23,23,F,36.00,828.00,DRESS,,AVAIL,N,440
250607A,131,J,11,22,12,F,36.00,432.00,DIST-OPEN,,AVAIL,N,440
250607A,131,B,14,17,4,F,36.00,144.00,DIST-OPEN,,AVAIL,N,440
250607A,131,M,11,22,12,F,36.00,432.00,DIST-OPEN,,AVAIL,N,440
250607A,131,A,3,4,2,F,36.00,72.00,DIST-OPEN,,AVAIL,N,440
250607A,131,G,1,10,10,F,36.00,360.00,DRESS,,AVAIL,N,440
250607A,131,J,1,10,10,F,36.00,360.00,DRESS,,AVAIL,N,440
250607A,131,K,20,22,3,F,36.00,108.00,DRESS,,AVAIL,N,440
250607A,131,D,3,17,15,F,36.00,540.00,DIST-OPEN,,AVAIL,N,440
250607A,131,E,11,21,11,F,36.00,396.00,DIST-OPEN,,AVAIL,N,440
250607A,131,M,1,10,10,F,36.00,360.00,DRESS,,AVAIL,N,440
250607A,131,G,11,21,11,F,36.00,396.00,DIST-OPEN,,AVAIL,N,440
250607A,131,H,1,10,10,F,36.00,360.00,DIST-OPEN,,AVAIL,N,440
250607A,131,F,1,10,10,F,36.00,360.00,DIST-OPEN,,AVAIL,N,440
250607A,131,Q,22,23,2,F,36.00,72.00,DIST-OPEN,,AVAIL,N,440
250607A,131,K,1,10,10,F,36.00,360.00,SEAN HOLD,,AVAIL,N,440
250607A,131,Q,1,21,21,F,36.00,756.00,DRESS,,AVAIL,N,440
250607A,131,L,17,22,6,F,36.00,216.00,DIST-OPEN,,AVAIL,N,440
250607A,131,L,10,12,3,F,36.00,108.00,DIST-OPEN,,AVAIL,N,440
250607A,131,K,19,19,1,F,36.00,36.00,DIST-OPEN,,AVAIL,N,440
250607A,132,A,13,13,1,G,26.00,26.00,DIST-OPEN,,AVAIL,N,480
250607A,132,K,1,20,20,G,26.00,520.00,DIST-OPEN,,AVAIL,N,480
250607A,132,M,1,21,21,G,26.00,546.00,DIST-OPEN,,AVAIL,N,480
250607A,132,F,18,18,1,G,26.00,26.00,DIST-OPEN,,AVAIL,N,480
250607A,132,E,7,12,6,G,26.00,156.00,SEAN HOLD,,AVAIL,N,480
250607A,132,H,12,18,7,G,26.00,182.00,DIST-OPEN,,AVAIL,N,480
250607A,132,L,6,21,16,G,26.00,416.00,DIST-OPEN,,AVAIL,N,480
250607A,132,Q,21,21,1,G,26.00,26.00,DOQ-VETTX1HOLD,VETTX1HOLD,AVAIL,N,480
250607A,132,Q,22,23,2,G,26.00,52.00,DIST-OPEN,,AVAIL,N,480
250607A,132,P,1,3,3,G,26.00,78.00,DIST-OPEN,,AVAIL,N,480
250607A,133,B,1,10,10,G,26.00,260.00,SIGNAGE HOLD,,AVAIL,N,520
250607A,133,G,1,10,10,G,26.00,260.00,SEAN HOLD,,AVAIL,N,520
250607A,133,M,1,18,18,G,26.00,468.00,DIST-OPEN,,AVAIL,N,520
250607A,133,D,1,12,12,G,26.00,312.00,SIGNAGE HOLD,,AVAIL,N,520
250607A,133,H,1,15,15,G,26.00,390.00,DIST-OPEN,,AVAIL,N,520
250607A,133,N,13,18,6,G,26.00,156.00,DOQ-VETTX1HOLD,VETTX1HOLD,AVAIL,N,520
250607A,133,K,1,16,16,G,26.00,416.00,DIST-OPEN,,AVAIL,N,520
250607A,133,F,1,13,13,G,26.00,338.00,SIGNAGE HOLD,,AVAIL,N,520
250607A,133,E,1,13,13,G,26.00,338.00,SIGNAGE HOLD,,AVAIL,N,520
250607A,133,C,1,11,11,G,26.00,286.00,SIGNAGE HOLD,,AVAIL,N,520
250607A,133,A,1,6,6,G,26.00,156.00,SIGNAGE HOLD,,AVAIL,N,520
250607A,133,G,11,14,4,G,26.00,104.00,DIST-OPEN,,AVAIL,N,520
250607A,133,P,1,14,14,G,26.00,364.00,DOQ-WHEELCHAIR,WCACC,AVAIL,N,520
250607A,133,L,1,17,17,G,26.00,442.00,DIST-OPEN,,AVAIL,N,520
250607A,133,J,4,15,12,G,26.00,312.00,DIST-OPEN,,AVAIL,N,520
250607A,FLD1,A,29,29,1,A,147.00,147.00,DIST-OPEN,,AVAIL,N,10
250607A,FLD1,A,13,20,8,A,147.00,1176.00,DIST-OPEN,,AVAIL,N,10
250607A,FLD2,A,14,18,5,A,147.00,735.00,DIST-OPEN,,AVAIL,N,20
250607A,FLD2,A,5,12,8,A,147.00,1176.00,BIZDEV,,AVAIL,N,20
250607A,TSL,GA0,40,50,11,K,147.00,1617.00,DIST-OPEN,,AVAIL,N,690
250607AF,GA1,GA0,9,21,13,A,60.00,780.00,DIST-OPEN,,AVAIL,N,10
250607AG,GA1,GA0,1,50,50,A,0,0,OPEN,,AVAIL,N,10
250607AH,GA1,GA0,1,4,4,A,299.00,1196.00,OPEN,,AVAIL,N,10
250607AM,GA1,GA0,10,25,16,A,50.00,800.00,DIST-OPEN,,AVAIL,N,10
250607E,101,A,5,6,2,G,36.00,72.00,DIST-OPEN,,AVAIL,N,530
250607E,101,F,11,13,3,G,36.00,108.00,DIST-OPEN,,AVAIL,N,530
250607E,101,N,1,4,4,G,36.00,144.00,DRESS,,AVAIL,N,530
250607E,101,N,9,18,10,G,36.00,360.00,DRESS,,AVAIL,N,530
250607E,101,P,7,14,8,G,36.00,288.00,DOQ-WHEELCHAIR,WCACC,AVAIL,N,530
250607E,101,B,7,8,2,G,36.00,72.00,DIST-OPEN,,AVAIL,N,530
250607E,101,D,6,12,7,G,36.00,252.00,DIST-OPEN,,AVAIL,N,530
250607E,102,G,17,18,2,G,36.00,72.00,DOQ-VETTX1HOLD,VETTX1HOLD,AVAIL,N,490
250607E,102,F,17,18,2,G,36.00,72.00,DOQ-VETTX1HOLD,VETTX1HOLD,AVAIL,N,490
250607E,103,G,9,10,2,F,44.00,88.00,DIST-OPEN,,AVAIL,N,450
250607E,103,D,1,20,20,F,44.00,880.00,DIST-OPEN,,AVAIL,N,450
250607E,103,Q,1,23,23,F,44.00,1012.00,DRESS,,AVAIL,N,450
250607E,103,E,1,10,10,F,44.00,440.00,DIST-OPEN,,AVAIL,N,450
250607E,103,F,1,10,10,F,44.00,440.00,DIST-OPEN,,AVAIL,N,450
250607E,103,N,1,23,23,F,44.00,1012.00,DRESS,,AVAIL,N,450
250607E,103,B,3,18,16,F,44.00,704.00,DIST-OPEN,,AVAIL,N,450
250607E,104,C,17,17,1,F,44.00,44.00,DIST-OPEN,,AVAIL,N,330
250607E,104,H,11,20,10,F,44.00,440.00,DIST-OPEN,,AVAIL,N,410
250607E,104,F,11,17,7,F,44.00,308.00,DIST-OPEN,,AVAIL,N,330
250607E,104,J,20,20,1,F,44.00,44.00,DIST-OPEN,,AVAIL,N,410
250607E,104,G,11,17,7,F,44.00,308.00,DIST-OPEN,,AVAIL,N,330
250607E,104,K,16,20,5,F,44.00,220.00,DIST-OPEN,,AVAIL,N,410
250607E,104,H,6,8,3,F,44.00,132.00,DIST-OPEN,,AVAIL,N,410
250607E,104,L,7,18,12,F,44.00,528.00,DIST-OPEN,,AVAIL,N,410
250607E,104,Q,1,21,21,F,44.00,924.00,DRESS,,AVAIL,N,410
250607E,104,P,1,21,21,F,44.00,924.00,DRESS,,AVAIL,N,410
250607E,104,E,10,20,11,F,44.00,484.00,DIST-OPEN,,AVAIL,N,330
250607E,104,N,1,21,21,F,44.00,924.00,DRESS,,AVAIL,N,410
250607E,104,M,1,21,21,F,44.00,924.00,DIST-OPEN,,AVAIL,N,410
250607E,104,D,4,18,15,F,44.00,660.00,DIST-OPEN,,AVAIL,N,330
250607E,105,C,17,20,4,D,73.00,292.00,BIZDEV,,AVAIL,N,230
250607E,105,H,1,20,20,D,73.00,1460.00,DIST-OPEN,,AVAIL,N,230
250607E,105,K,1,2,2,F,44.00,88.00,DIST-OPEN,,AVAIL,N,370
250607E,105,K,6,18,13,F,44.00,572.00,DRESS,,AVAIL,N,370
250607E,105,D,1,20,20,D,73.00,1460.00,DIST-OPEN,,AVAIL,N,230
250607E,105,F,1,20,20,D,73.00,1460.00,DIST-OPEN,,AVAIL,N,230
250607E,105,L,9,10,2,F,44.00,88.00,SEAN HOLD,,AVAIL,N,370
250607E,105,N,9,17,9,F,44.00,396.00,SEAN HOLD,,AVAIL,N,370
250607E,105,M,10,18,9,F,44.00,396.00,SEAN HOLD,,AVAIL,N,370
250607E,105,J,17,18,2,F,44.00,88.00,DIST-OPEN,,AVAIL,N,370
250607E,105,L,13,17,5,F,44.00,220.00,DRESS,,AVAIL,N,370
250607E,105,Q,1,20,20,F,44.00,880.00,DRESS,,AVAIL,N,370
250607E,105,B,5,20,16,D,73.00,1168.00,DIST-OPEN,,AVAIL,N,230
250607E,105,G,1,20,20,D,73.00,1460.00,DIST-OPEN,,AVAIL,N,230
250607E,105,P,1,20,20,F,44.00,880.00,DRESS,,AVAIL,N,370
250607E,105,N,18,20,3,F,44.00,132.00,BRADY D,,AVAIL,N,370
250607E,105,J,3,10,8,F,44.00,352.00,DRESS,,AVAIL,N,370
250607E,105,L,18,18,1,F,44.00,44.00,DIST-OPEN,,AVAIL,N,370
250607E,105,E,1,20,20,D,73.00,1460.00,DIST-OPEN,,AVAIL,N,230
250607E,105,L,11,12,2,F,44.00,88.00,DIST-OPEN,,AVAIL,N,370
250607E,105,K,19,20,2,F,44.00,88.00,DIST-OPEN,,AVAIL,N,370
250607E,105,A,11,16,6,C,84.00,504.00,DIST-OPEN,,AVAIL,N,130
250607E,106,P,1,4,4,E,56.00,224.00,DOQ-WHEELCHAIR,WCACC,AVAIL,N,290
250607E,106,G,1,20,20,D,73.00,1460.00,DIST-OPEN,,AVAIL,N,210
250607E,106,F,1,14,14,D,73.00,1022.00,DIST-OPEN,,AVAIL,N,210
250607E,106,C,1,20,20,D,73.00,1460.00,DIST-OPEN,,AVAIL,N,210
250607E,106,K,1,20,20,E,56.00,1120.00,DIST-OPEN,,AVAIL,N,290
250607E,106,H,3,18,16,E,56.00,896.00,DIST-OPEN,,AVAIL,N,290
250607E,106,J,1,20,20,E,56.00,1120.00,DIST-OPEN,,AVAIL,N,290
250607E,106,L,4,18,15,E,56.00,840.00,DIST-OPEN,,AVAIL,N,290
250607E,106,B,20,20,1,D,73.00,73.00,DIST-OPEN,,AVAIL,N,210
250607E,106,D,1,18,18,D,73.00,1314.00,DIST-OPEN,,AVAIL,N,210
250607E,106,M,1,9,9,E,56.00,504.00,DRESS,,AVAIL,N,290
250607E,106,N,1,9,9,E,56.00,504.00,DRESS,,AVAIL,N,290
250607E,106,E,1,20,20,D,73.00,1460.00,DIST-OPEN,,AVAIL,N,210
250607E,106,B,1,18,18,D,73.00,1314.00,DIST-OPEN,,AVAIL,N,210
250607E,106,P,5,6,2,E,56.00,112.00,DIST-OPEN,,AVAIL,N,290
250607E,107,C,3,20,18,D,73.00,1314.00,DIST-OPEN,,AVAIL,N,200
250607E,107,B,5,6,2,D,73.00,146.00,BOX OFFICE HOLD,,AVAIL,N,200
250607E,107,G,13,15,3,E,56.00,168.00,DIST-OPEN,,AVAIL,N,280
250607E,107,H,8,12,5,E,56.00,280.00,DIST-OPEN,,AVAIL,N,280
250607E,107,B,16,18,3,D,73.00,219.00,DIST-OPEN,,AVAIL,N,200
250607E,107,B,8,11,4,D,73.00,292.00,DIST-OPEN,,AVAIL,N,200
250607E,107,D,8,20,13,D,73.00,949.00,DIST-OPEN,,AVAIL,N,200
250607E,107,M,7,7,1,E,56.00,56.00,DIST-OPEN,,AVAIL,N,280
250607E,107,A,3,4,2,C,84.00,168.00,DIST-OPEN,,AVAIL,N,100
250607E,107,J,12,18,7,E,56.00,392.00,DIST-OPEN,,AVAIL,N,280
250607E,107,L,18,18,1,E,56.00,56.00,DIST-OPEN,,AVAIL,N,280
250607E,107,G,3,3,1,E,56.00,56.00,DIST-OPEN,,AVAIL,N,280
250607E,107,A,9,9,1,C,84.00,84.00,DIST-OPEN,,AVAIL,N,100
250607E,107,B,3,4,2,D,73.00,146.00,DIST-OPEN,,AVAIL,N,200
250607E,107,E,9,9,1,D,73.00,73.00,DIST-OPEN,,AVAIL,N,200
250607E,107,E,8,8,1,D,73.00,73.00,BRADY D,,AVAIL,N,200
250607E,107,L,15,15,1,E,56.00,56.00,DIST-OPEN,,AVAIL,N,280
250607E,107,E,12,20,9,D,73.00,657.00,DIST-OPEN,,AVAIL,N,200
250607E,107,H,17,18,2,E,56.00,112.00,DIST-OPEN,,AVAIL,N,280
250607E,107,L,5,12,8,E,56.00,448.00,DIST-OPEN,,AVAIL,N,280
250607E,107,M,14,14,1,E,56.00,56.00,DIST-OPEN,,AVAIL,N,280
250607E,107,K,3,16,14,E,56.00,784.00,DIST-OPEN,,AVAIL,N,280
250607E,107,A,11,11,1,C,84.00,84.00,DIST-OPEN,,AVAIL,N,100
250607E,107,F,5,12,8,D,73.00,584.00,DIST-OPEN,,AVAIL,N,200
250607E,108,M,12,13,2,E,56.00,112.00,DIST-OPEN,,AVAIL,N,300
250607E,108,B,5,20,16,D,73.00,1168.00,DIST-OPEN,,AVAIL,N,220
250607E,108,A,8,18,11,C,84.00,924.00,DIST-OPEN,,AVAIL,N,120
250607E,108,M,14,18,5,E,56.00,280.00,DRESS,,AVAIL,N,300
250607E,108,K,9,20,12,E,56.00,672.00,DRESS,,AVAIL,N,300
250607E,108,L,5,18,14,E,56.00,784.00,DRESS,,AVAIL,N,300
250607E,108,F,1,20,20,D,73.00,1460.00,DIST-OPEN,,AVAIL,N,220
250607E,108,N,16,20,5,E,56.00,280.00,DIST-OPEN,,AVAIL,N,300
250607E,108,E,1,20,20,D,73.00,1460.00,DIST-OPEN,,AVAIL,N,220
250607E,108,G,1,20,20,D,73.00,1460.00,DIST-OPEN,,AVAIL,N,220
250607E,108,D,1,4,4,D,73.00,292.00,AK HOLD,,AVAIL,N,220
250607E,108,N,12,15,4,E,56.00,224.00,DRESS,,AVAIL,N,300
250607E,108,J,6,12,7,E,56.00,392.00,DRESS,,AVAIL,N,300
250607E,108,H,8,18,11,E,56.00,616.00,DIST-OPEN,,AVAIL,N,300
250607E,108,P,15,20,6,E,56.00,336.00,CAMERA KILL,,AVAIL,N,300
250607E,108,D,5,20,16,D,73.00,1168.00,DIST-OPEN,,AVAIL,N,220
250607E,108,J,14,14,1,E,56.00,56.00,DIST-OPEN,,AVAIL,N,300
250607E,108,C,5,20,16,D,73.00,1168.00,DIST-OPEN,,AVAIL,N,220
250607E,109,D,1,20,20,D,73.00,1460.00,DIST-OPEN,,AVAIL,N,240
250607E,109,P,5,20,16,F,44.00,704.00,DRESS,,AVAIL,N,380
250607E,109,B,1,20,20,D,73.00,1460.00,DIST-OPEN,,AVAIL,N,240
250607E,109,C,6,20,15,D,73.00,1095.00,DIST-OPEN,,AVAIL,N,240
250607E,109,F,1,20,20,D,73.00,1460.00,DIST-OPEN,,AVAIL,N,240
250607E,109,G,1,20,20,D,73.00,1460.00,DIST-OPEN,,AVAIL,N,240
250607E,109,E,1,18,18,D,73.00,1314.00,DIST-OPEN,,AVAIL,N,240
250607E,109,H,1,20,20,D,73.00,1460.00,DIST-OPEN,,AVAIL,N,240
250607E,109,N,12,20,9,F,44.00,396.00,DRESS,,AVAIL,N,380
250607E,109,Q,10,17,8,F,44.00,352.00,DRESS,,AVAIL,N,380
250607E,109,M,12,20,9,F,44.00,396.00,DRESS,,AVAIL,N,380
250607E,109,L,5,18,14,F,44.00,616.00,DRESS,,AVAIL,N,380
250607E,109,J,9,16,8,F,44.00,352.00,DRESS,,AVAIL,N,380
250607E,109,K,6,20,15,F,44.00,660.00,DRESS,,AVAIL,N,380
250607E,109,A,5,16,12,C,84.00,1008.00,DIST-OPEN,,AVAIL,N,140
250607E,110,C,7,16,10,F,44.00,440.00,DIST-OPEN,,AVAIL,N,340
250607E,110,Q,1,21,21,F,44.00,924.00,DRESS,,AVAIL,N,420
250607E,110,N,1,21,21,F,44.00,924.00,DRESS,,AVAIL,N,420
250607E,110,A,12,17,6,F,44.00,264.00,DIST-OPEN,,AVAIL,N,340
250607E,110,B,11,19,9,F,44.00,396.00,DIST-OPEN,,AVAIL,N,340
250607E,110,B,5,5,1,F,44.00,44.00,DIST-OPEN,,AVAIL,N,340
250607E,110,K,17,20,4,F,44.00,176.00,DIST-OPEN,,AVAIL,N,420
250607E,110,P,1,21,21,F,44.00,924.00,DRESS,,AVAIL,N,420
250607E,110,J,17,18,2,F,44.00,88.00,DIST-OPEN,,AVAIL,N,420
250607E,110,H,17,17,1,F,44.00,44.00,DIST-OPEN,,AVAIL,N,420
250607E,110,L,11,15,5,F,44.00,220.00,DIST-OPEN,,AVAIL,N,420
250607E,110,M,3,21,19,F,44.00,836.00,DIST-OPEN,,AVAIL,N,420
250607E,110,D,3,15,13,F,44.00,572.00,DIST-OPEN,,AVAIL,N,340
250607E,111,P,1,23,23,F,44.00,1012.00,DRESS,,AVAIL,N,460
250607E,111,A,9,10,2,F,44.00,88.00,DIST-OPEN,,AVAIL,N,460
250607E,111,C,1,20,20,F,44.00,880.00,DIST-OPEN,,AVAIL,N,460
250607E,111,N,1,23,23,F,44.00,1012.00,DRESS,,AVAIL,N,460
250607E,111,Q,1,23,23,F,44.00,1012.00,DRESS,,AVAIL,N,460
250607E,111,L,1,22,22,F,44.00,968.00,DRESS,,AVAIL,N,460
250607E,112,K,10,19,10,G,36.00,360.00,DRESS,,AVAIL,N,500
250607E,113,H,1,16,16,G,36.00,576.00,SIGNAGE HOLD,,AVAIL,N,540
250607E,113,L,1,18,18,G,36.00,648.00,SIGNAGE HOLD,,AVAIL,N,540
250607E,113,M,1,19,19,G,36.00,684.00,SIGNAGE HOLD,,AVAIL,N,540
250607E,113,A,9,9,1,G,36.00,36.00,DIST-OPEN,,AVAIL,N,540
250607E,113,A,3,7,5,G,36.00,180.00,DIST-OPEN,,AVAIL,N,540
250607E,113,C,1,12,12,G,36.00,432.00,DIST-OPEN,,AVAIL,N,540
250607E,113,N,1,19,19,G,36.00,684.00,SIGNAGE HOLD,,AVAIL,N,540
250607E,113,J,1,16,16,G,36.00,576.00,SIGNAGE HOLD,,AVAIL,N,540
250607E,113,Q,1,21,21,G,36.00,756.00,SIGNAGE HOLD,,AVAIL,N,540
250607E,113,F,1,14,14,G,36.00,504.00,DIST-OPEN,,AVAIL,N,540
250607E,113,P,1,20,20,G,36.00,720.00,SIGNAGE HOLD,,AVAIL,N,540
250607E,113,K,1,17,17,G,36.00,612.00,SIGNAGE HOLD,,AVAIL,N,540
250607E,113,B,1,11,11,G,36.00,396.00,DIST-OPEN,,AVAIL,N,540
250607E,113,D,1,13,13,G,36.00,468.00,DIST-OPEN,,AVAIL,N,540
250607E,114,Q,1,21,21,H,27.00,567.00,FUTURE,,AVAIL,N,550
250607E,114,F,1,16,16,H,27.00,432.00,FUTURE,,AVAIL,N,550
250607E,114,E,1,15,15,H,27.00,405.00,FUTURE,,AVAIL,N,550
250607E,114,A,1,13,13,H,27.00,351.00,FUTURE,,AVAIL,N,550
250607E,114,B,1,13,13,H,27.00,351.00,FUTURE,,AVAIL,N,550
250607E,114,P,1,20,20,H,27.00,540.00,FUTURE,,AVAIL,N,550
250607E,114,J,1,17,17,H,27.00,459.00,FUTURE,,AVAIL,N,550
250607E,114,K,1,18,18,H,27.00,486.00,FUTURE,,AVAIL,N,550
250607E,114,N,1,19,19,H,27.00,513.00,FUTURE,,AVAIL,N,550
250607E,114,D,1,15,15,H,27.00,405.00,FUTURE,,AVAIL,N,550
250607E,114,G,1,16,16,H,27.00,432.00,FUTURE,,AVAIL,N,550
250607E,114,C,1,14,14,H,27.00,378.00,FUTURE,,AVAIL,N,550
250607E,114,M,1,19,19,H,27.00,513.00,FUTURE,,AVAIL,N,550
250607E,114,L,1,18,18,H,27.00,486.00,FUTURE,,AVAIL,N,550
250607E,114,H,1,17,17,H,27.00,459.00,FUTURE,,AVAIL,N,550
250607E,115,A,1,18,18,H,27.00,486.00,FUTURE,,AVAIL,N,560
250607E,115,P,1,21,21,H,27.00,567.00,FUTURE,,AVAIL,N,560
250607E,115,M,1,21,21,H,27.00,567.00,FUTURE,,AVAIL,N,560
250607E,115,N,1,21,21,H,27.00,567.00,FUTURE,,AVAIL,N,560
250607E,115,L,1,21,21,H,27.00,567.00,FUTURE,,AVAIL,N,560
250607E,115,Q,1,22,22,H,27.00,594.00,FUTURE,,AVAIL,N,560
250607E,115,J,1,20,20,H,27.00,540.00,FUTURE,,AVAIL,N,560
250607E,115,G,1,20,20,H,27.00,540.00,FUTURE,,AVAIL,N,560
250607E,115,C,1,19,19,H,27.00,513.00,FUTURE,,AVAIL,N,560
250607E,115,F,1,19,19,H,27.00,513.00,FUTURE,,AVAIL,N,560
250607E,115,D,1,19,19,H,27.00,513.00,FUTURE,,AVAIL,N,560
250607E,115,E,1,19,19,H,27.00,513.00,FUTURE,,AVAIL,N,560
250607E,115,B,1,18,18,H,27.00,486.00,FUTURE,,AVAIL,N,560
250607E,115,H,1,20,20,H,27.00,540.00,FUTURE,,AVAIL,N,560
250607E,115,K,1,20,20,H,27.00,540.00,FUTURE,,AVAIL,N,560
250607E,116,J,1,22,22,H,27.00,594.00,SIGNAGE HOLD,,AVAIL,N,570
250607E,116,B,1,21,21,H,27.00,567.00,SIGNAGE HOLD,,AVAIL,N,570
250607E,116,Q,1,23,23,H,27.00,621.00,SIGNAGE HOLD,,AVAIL,N,570
250607E,116,D,1,21,21,H,27.00,567.00,SIGNAGE HOLD,,AVAIL,N,570
250607E,116,H,1,22,22,H,27.00,594.00,SIGNAGE HOLD,,AVAIL,N,570
250607E,116,N,1,23,23,H,27.00,621.00,SIGNAGE HOLD,,AVAIL,N,570
250607E,116,L,1,22,22,H,27.00,594.00,SIGNAGE HOLD,,AVAIL,N,570
250607E,116,M,1,22,22,H,27.00,594.00,SIGNAGE HOLD,,AVAIL,N,570
250607E,116,E,1,21,21,H,27.00,567.00,SIGNAGE HOLD,,AVAIL,N,570
250607E,116,A,1,21,21,H,27.00,567.00,SIGNAGE HOLD,,AVAIL,N,570
250607E,116,P,1,23,23,H,27.00,621.00,SIGNAGE HOLD,,AVAIL,N,570
250607E,116,G,1,22,22,H,27.00,594.00,SIGNAGE HOLD,,AVAIL,N,570
250607E,116,K,1,22,22,H,27.00,594.00,SIGNAGE HOLD,,AVAIL,N,570
250607E,116,F,1,22,22,H,27.00,594.00,SIGNAGE HOLD,,AVAIL,N,570
250607E,116,C,1,21,21,H,27.00,567.00,SIGNAGE HOLD,,AVAIL,N,570
250607E,116VIP,SRO,1,7,7,I,160.00,1120.00,SUITES,,AVAIL,N,100
250607E,117,G,1,20,20,H,27.00,540.00,SIGNAGE HOLD,,AVAIL,N,580
250607E,117,M,1,21,21,H,27.00,567.00,SIGNAGE HOLD,,AVAIL,N,580
250607E,117,K,1,21,21,H,27.00,567.00,SIGNAGE HOLD,,AVAIL,N,580
250607E,117,L,1,21,21,H,27.00,567.00,SIGNAGE HOLD,,AVAIL,N,580
250607E,117,E,1,20,20,H,27.00,540.00,SIGNAGE HOLD,,AVAIL,N,580
250607E,117,F,1,20,20,H,27.00,540.00,SIGNAGE HOLD,,AVAIL,N,580
250607E,117,D,1,20,20,H,27.00,540.00,SIGNAGE HOLD,,AVAIL,N,580
250607E,117,P,1,14,14,H,27.00,378.00,SIGNAGE HOLD,,AVAIL,N,580
250607E,117,N,1,21,21,H,27.00,567.00,SIGNAGE HOLD,,AVAIL,N,580
250607E,117,A,3,19,17,H,27.00,459.00,SIGNAGE HOLD,,AVAIL,N,580
250607E,117,J,1,21,21,H,27.00,567.00,SIGNAGE HOLD,,AVAIL,N,580
250607E,117,C,1,20,20,H,27.00,540.00,SIGNAGE HOLD,,AVAIL,N,580
250607E,117,B,1,19,19,H,27.00,513.00,SIGNAGE HOLD,,AVAIL,N,580
250607E,117,H,1,20,20,H,27.00,540.00,SIGNAGE HOLD,,AVAIL,N,580
250607E,118,A,1,21,21,H,27.00,567.00,SIGNAGE HOLD,,AVAIL,N,590
250607E,118,L,1,22,22,H,27.00,594.00,SIGNAGE HOLD,,AVAIL,N,590
250607E,118,M,1,22,22,H,27.00,594.00,SIGNAGE HOLD,,AVAIL,N,590
250607E,118,D,1,21,21,H,27.00,567.00,SIGNAGE HOLD,,AVAIL,N,590
250607E,118,F,1,22,22,H,27.00,594.00,SIGNAGE HOLD,,AVAIL,N,590
250607E,118,B,1,21,21,H,27.00,567.00,SIGNAGE HOLD,,AVAIL,N,590
250607E,118,Q,1,23,23,H,27.00,621.00,SIGNAGE HOLD,,AVAIL,N,590
250607E,118,K,1,22,22,H,27.00,594.00,SIGNAGE HOLD,,AVAIL,N,590
250607E,118,H,1,22,22,H,27.00,594.00,SIGNAGE HOLD,,AVAIL,N,590
250607E,118,G,1,22,22,H,27.00,594.00,SIGNAGE HOLD,,AVAIL,N,590
250607E,118,N,1,23,23,H,27.00,621.00,SIGNAGE HOLD,,AVAIL,N,590
250607E,118,C,1,21,21,H,27.00,567.00,SIGNAGE HOLD,,AVAIL,N,590
250607E,118,P,1,23,23,H,27.00,621.00,SIGNAGE HOLD,,AVAIL,N,590
250607E,118,J,1,22,22,H,27.00,594.00,SIGNAGE HOLD,,AVAIL,N,590
250607E,118,E,1,21,21,H,27.00,567.00,SIGNAGE HOLD,,AVAIL,N,590
250607E,119,E,1,19,19,H,27.00,513.00,STARTER PASSES,,AVAIL,N,600
250607E,119,N,1,21,21,H,27.00,567.00,STARTER PASSES,,AVAIL,N,600
250607E,119,B,1,18,18,H,27.00,486.00,STARTER PASSES,,AVAIL,N,600
250607E,119,Q,1,22,22,H,27.00,594.00,STARTER PASSES,,AVAIL,N,600
250607E,119,L,1,21,21,H,27.00,567.00,STARTER PASSES,,AVAIL,N,600
250607E,119,J,1,20,20,H,27.00,540.00,STARTER PASSES,,AVAIL,N,600
250607E,119,C,1,19,19,H,27.00,513.00,STARTER PASSES,,AVAIL,N,600
250607E,119,P,1,21,21,H,27.00,567.00,STARTER PASSES,,AVAIL,N,600
250607E,119,G,1,20,20,H,27.00,540.00,STARTER PASSES,,AVAIL,N,600
250607E,119,D,1,19,19,H,27.00,513.00,STARTER PASSES,,AVAIL,N,600
250607E,119,F,1,19,19,H,27.00,513.00,STARTER PASSES,,AVAIL,N,600
250607E,119,K,1,20,20,H,27.00,540.00,STARTER PASSES,,AVAIL,N,600
250607E,119,A,7,18,12,H,27.00,324.00,STARTER PASSES,,AVAIL,N,600
250607E,119,H,1,20,20,H,27.00,540.00,STARTER PASSES,,AVAIL,N,600
250607E,119,M,1,21,21,H,27.00,567.00,STARTER PASSES,,AVAIL,N,600
250607E,120,P,1,20,20,H,27.00,540.00,SIGNAGE HOLD,,AVAIL,N,610
250607E,120,K,1,18,18,H,27.00,486.00,SIGNAGE HOLD,,AVAIL,N,610
250607E,120,F,1,16,16,H,27.00,432.00,STARTER PASSES,,AVAIL,N,610
250607E,120,D,1,15,15,H,27.00,405.00,STARTER PASSES,,AVAIL,N,610
250607E,120,G,1,16,16,H,27.00,432.00,STARTER PASSES,,AVAIL,N,610
250607E,120,C,1,14,14,H,27.00,378.00,STARTER PASSES,,AVAIL,N,610
250607E,120,B,1,13,13,H,27.00,351.00,STARTER PASSES,,AVAIL,N,610
250607E,120,E,1,15,15,H,27.00,405.00,STARTER PASSES,,AVAIL,N,610
250607E,120,A,1,13,13,H,27.00,351.00,STARTER PASSES,,AVAIL,N,610
250607E,120,L,1,18,18,H,27.00,486.00,SIGNAGE HOLD,,AVAIL,N,610
250607E,120,Q,1,21,21,H,27.00,567.00,SIGNAGE HOLD,,AVAIL,N,610
250607E,120,N,1,19,19,H,27.00,513.00,SIGNAGE HOLD,,AVAIL,N,610
250607E,120,M,1,19,19,H,27.00,513.00,SIGNAGE HOLD,,AVAIL,N,610
250607E,120,J,1,17,17,H,27.00,459.00,SIGNAGE HOLD,,AVAIL,N,610
250607E,120,H,1,17,17,H,27.00,459.00,SIGNAGE HOLD,,AVAIL,N,610
250607E,121,K,11,11,1,G,36.00,36.00,DIST-OPEN,,AVAIL,N,510
250607E,121,A,1,10,10,G,36.00,360.00,SIGNAGE HOLD,,AVAIL,N,510
250607E,121,L,9,18,10,G,36.00,360.00,DRESS,,AVAIL,N,510
250607E,121,D,1,13,13,G,36.00,468.00,SIGNAGE HOLD,,AVAIL,N,510
250607E,121,Q,13,15,3,G,36.00,108.00,DRESS,,AVAIL,N,510
250607E,121,K,1,8,8,G,36.00,288.00,DRESS,,AVAIL,N,510
250607E,121,M,17,19,3,G,36.00,108.00,DOQ-VETTX1HOLD,VETTX1HOLD,AVAIL,N,510
250607E,121,J,12,16,5,G,36.00,180.00,DRESS,,AVAIL,N,510
250607E,121,F,1,14,14,G,36.00,504.00,SIGNAGE HOLD,,AVAIL,N,510
250607E,121,E,1,13,13,G,36.00,468.00,SIGNAGE HOLD,,AVAIL,N,510
250607E,121,H,4,5,2,G,36.00,72.00,SEAN HOLD,,AVAIL,N,510
250607E,121,B,1,11,11,G,36.00,396.00,SIGNAGE HOLD,,AVAIL,N,510
250607E,121,H,7,10,4,G,36.00,144.00,SEAN HOLD,,AVAIL,N,510
250607E,121,C,1,12,12,G,36.00,432.00,SIGNAGE HOLD,,AVAIL,N,510
250607E,122,E,7,17,11,G,36.00,396.00,DOQ-TFG1COMPHOLD,TFG1COMPHOLD,AVAIL,N,470
250607E,122,F,12,14,3,G,36.00,108.00,DOQ-TFG1COMPHOLD,TFG1COMPHOLD,AVAIL,N,470
250607E,122,M,1,6,6,G,36.00,216.00,SEAN HOLD,,AVAIL,N,470
250607E,122,P,5,16,12,G,36.00,432.00,DOQ-WHEELCHAIR,WCACC,AVAIL,N,470
250607E,122,G,1,18,18,G,36.00,648.00,DOQ-TFG1COMPHOLD,TFG1COMPHOLD,AVAIL,N,470
250607E,123,L,16,18,3,F,44.00,132.00,DIST-OPEN,,AVAIL,N,430
250607E,123,L,8,10,3,F,44.00,132.00,DIST-OPEN,,AVAIL,N,430
250607E,123,Q,1,14,14,F,44.00,616.00,DIST-OPEN,,AVAIL,N,430
250607E,123,D,16,16,1,F,44.00,44.00,DIST-OPEN,,AVAIL,N,430
250607E,123,F,1,10,10,F,44.00,440.00,DIST-OPEN,,AVAIL,N,430
250607E,123,P,1,13,13,F,44.00,572.00,DIST-OPEN,,AVAIL,N,430
250607E,123,H,21,21,1,F,44.00,44.00,DIST-OPEN,,AVAIL,N,430
250607E,123,K,17,19,3,F,44.00,132.00,DIST-OPEN,,AVAIL,N,430
250607E,123,N,1,13,13,F,44.00,572.00,DIST-OPEN,,AVAIL,N,430
250607E,123,C,5,5,1,F,44.00,44.00,AK HOLD,,AVAIL,N,430
250607E,123,K,1,10,10,F,44.00,440.00,SEAN HOLD,,AVAIL,N,430
250607E,124,D,14,14,1,F,44.00,44.00,DIST-OPEN,,AVAIL,N,320
250607E,124,C,15,15,1,F,44.00,44.00,DIST-OPEN,,AVAIL,N,320
250607E,124,A,13,13,1,F,44.00,44.00,DIST-OPEN,,AVAIL,N,320
250607E,124,P,4,17,14,F,44.00,616.00,SEAN HOLD,,AVAIL,N,400
250607E,125,A,16,18,3,L,36.00,108.00,SUPPORTERS,,AVAIL,N,80
250607E,125,A,11,13,3,L,36.00,108.00,SUPPORTERS,,AVAIL,N,80
250607E,125,H,1,8,8,L,36.00,288.00,DRESS,,AVAIL,N,180
250607E,125,P,4,18,15,M,27.00,405.00,DRESS,,AVAIL,N,350
250607E,125,C,16,16,1,L,36.00,36.00,DIST-OPEN,,AVAIL,N,180
250607E,125,G,19,20,2,L,36.00,72.00,DRESS,,AVAIL,N,180
250607E,125,E,11,20,10,L,36.00,360.00,DRESS,,AVAIL,N,180
250607E,125,N,12,17,6,M,27.00,162.00,DRESS,,AVAIL,N,350
250607E,125,C,1,6,6,L,36.00,216.00,SUPPORTERS,,AVAIL,N,180
250607E,125,K,7,18,12,M,27.00,324.00,SUPPORTERS,,AVAIL,N,350
250607E,125,J,7,16,10,M,27.00,270.00,SUPPORTERS,,AVAIL,N,350
250607E,125,B,5,20,16,L,36.00,576.00,SUPPORTERS,,AVAIL,N,180
250607E,126,J,10,10,1,E,56.00,56.00,DIST-OPEN,,AVAIL,N,260
250607E,126,N,1,8,8,E,56.00,448.00,DRESS,,AVAIL,N,260
250607E,126,L,6,7,2,E,56.00,112.00,DIST-OPEN,,AVAIL,N,260
250607E,126,D,13,20,8,D,73.00,584.00,DRESS,,AVAIL,N,160
250607E,126,M,1,20,20,E,56.00,1120.00,DRESS,,AVAIL,N,260
250607E,126,G,19,20,2,D,73.00,146.00,DIST-OPEN,,AVAIL,N,160
250607E,126,A,3,3,1,C,84.00,84.00,DIST-OPEN,,AVAIL,N,60
250607E,126,B,17,20,4,D,73.00,292.00,DIST-OPEN,,AVAIL,N,160
250607E,126,D,6,12,7,D,73.00,511.00,DIST-OPEN,,AVAIL,N,160
250607E,126,H,18,18,1,E,56.00,56.00,DIST-OPEN,,AVAIL,N,260
250607E,126,C,5,11,7,D,73.00,511.00,DRESS,,AVAIL,N,160
250607E,126,K,3,10,8,E,56.00,448.00,DRESS,,AVAIL,N,260
250607E,126,F,3,11,9,D,73.00,657.00,DRESS,,AVAIL,N,160
250607E,126,C,12,17,6,D,73.00,438.00,DIST-OPEN,,AVAIL,N,160
250607E,126,L,3,3,1,E,56.00,56.00,DIST-OPEN,,AVAIL,N,260
250607E,126,B,8,9,2,D,73.00,146.00,DIST-OPEN,,AVAIL,N,160
250607E,126,H,5,5,1,E,56.00,56.00,DIST-OPEN,,AVAIL,N,260
250607E,126,A,8,8,1,C,84.00,84.00,DIST-OPEN,,AVAIL,N,60
250607E,126,J,12,12,1,E,56.00,56.00,DIST-OPEN,,AVAIL,N,260
250607E,126,F,12,20,9,D,73.00,657.00,DIST-OPEN,,AVAIL,N,160
250607E,126,K,11,12,2,E,56.00,112.00,DIST-OPEN,,AVAIL,N,260
250607E,126,B,14,14,1,D,73.00,73.00,DIST-OPEN,,AVAIL,N,160
250607E,126,P,7,20,14,E,56.00,784.00,DOQ-WHEELCHAIR,WCACC,AVAIL,N,260
250607E,126,G,5,10,6,D,73.00,438.00,DIST-OPEN,,AVAIL,N,160
250607E,126,N,9,20,12,E,56.00,672.00,DIST-OPEN,,AVAIL,N,260
250607E,127,C,1,4,4,D,73.00,292.00,DIST-OPEN,,AVAIL,N,150
250607E,127,K,19,20,2,E,56.00,112.00,DIST-OPEN,,AVAIL,N,250
250607E,127,G,9,9,1,D,73.00,73.00,DIST-OPEN,,AVAIL,N,150
250607E,127,L,9,9,1,E,56.00,56.00,DIST-OPEN,,AVAIL,N,250
250607E,127,C,12,14,3,D,73.00,219.00,DIST-OPEN,,AVAIL,N,150
250607E,127,C,9,9,1,D,73.00,73.00,DIST-OPEN,,AVAIL,N,150
250607E,127,F,7,7,1,D,73.00,73.00,DIST-OPEN,,AVAIL,N,150
250607E,127,G,1,4,4,D,73.00,292.00,DIST-OPEN,,AVAIL,N,150
250607E,127,D,10,15,6,D,73.00,438.00,DIST-OPEN,,AVAIL,N,150
250607E,127,H,14,14,1,E,56.00,56.00,DIST-OPEN,,AVAIL,N,250
250607E,127,E,13,16,4,D,73.00,292.00,DIST-OPEN,,AVAIL,N,150
250607E,127,G,12,13,2,D,73.00,146.00,DIST-OPEN,,AVAIL,N,150
250607E,127,K,12,14,3,E,56.00,168.00,DIST-OPEN,,AVAIL,N,250
250607E,127,L,5,5,1,E,56.00,56.00,DIST-OPEN,,AVAIL,N,250
250607E,127,F,19,19,1,D,73.00,73.00,DIST-OPEN,,AVAIL,N,150
250607E,127,M,8,18,11,E,56.00,616.00,DIST-OPEN,,AVAIL,N,250
250607E,127,P,7,20,14,E,56.00,784.00,DOQ-WHEELCHAIR,WCACC,AVAIL,N,250
250607E,127,K,5,6,2,E,56.00,112.00,DIST-OPEN,,AVAIL,N,250
250607E,127,H,8,8,1,E,56.00,56.00,DIST-OPEN,,AVAIL,N,250
250607E,128,D,1,2,2,D,73.00,146.00,DIST-OPEN,,AVAIL,N,170
250607E,128,G,3,12,10,D,73.00,730.00,SEAN HOLD,,AVAIL,N,170
250607E,128,F,20,20,1,D,73.00,73.00,DIST-OPEN,,AVAIL,N,170
250607E,128,A,10,10,1,C,84.00,84.00,DIST-OPEN,,AVAIL,N,70
250607E,128,L,19,20,2,E,56.00,112.00,DIST-OPEN,,AVAIL,N,270
250607E,128,K,9,17,9,E,56.00,504.00,DIST-OPEN,,AVAIL,N,270
250607E,128,H,12,12,1,E,56.00,56.00,DIST-OPEN,,AVAIL,N,270
250607E,128,L,1,2,2,E,56.00,112.00,DIST-OPEN,,AVAIL,N,270
250607E,128,C,17,18,2,D,73.00,146.00,DIST-OPEN,,AVAIL,N,170
250607E,128,M,1,2,2,E,56.00,112.00,DIST-OPEN,,AVAIL,N,270
250607E,128,B,13,13,1,D,73.00,73.00,DIST-OPEN,,AVAIL,N,170
250607E,128,L,5,16,12,E,56.00,672.00,DIST-OPEN,,AVAIL,N,270
250607E,128,P,7,20,14,E,56.00,784.00,DOQ-WHEELCHAIR,WCACC,AVAIL,N,270
250607E,129,L,5,5,1,F,44.00,44.00,DIST-OPEN,,AVAIL,N,360
250607E,129,C,14,14,1,D,73.00,73.00,DIST-OPEN,,AVAIL,N,190
250607E,129,C,1,10,10,D,73.00,730.00,SEAN HOLD,,AVAIL,N,190
250607E,129,H,17,17,1,D,73.00,73.00,DIST-OPEN,,AVAIL,N,190
250607E,130,J,9,9,1,F,44.00,44.00,DIST-OPEN,,AVAIL,N,390
250607E,130,P,13,21,9,F,44.00,396.00,DIST-OPEN,,AVAIL,N,390
250607E,130,L,11,16,6,F,44.00,264.00,DRESS,,AVAIL,N,390
250607E,130,K,14,14,1,F,44.00,44.00,DIST-OPEN,,AVAIL,N,390
250607E,130,N,11,17,7,F,44.00,308.00,DRESS,,AVAIL,N,390
250607E,130,M,3,10,8,F,44.00,352.00,DRESS,,AVAIL,N,390
250607E,130,Q,4,21,18,F,44.00,792.00,DRESS,,AVAIL,N,390
250607E,130,P,1,6,6,F,44.00,264.00,DRESS,,AVAIL,N,390
250607E,130,D,10,10,1,F,44.00,44.00,DIST-OPEN,,AVAIL,N,310
250607E,130,P,7,9,3,F,44.00,132.00,DIST-OPEN,,AVAIL,N,390
250607E,130,N,8,10,3,F,44.00,132.00,DIST-OPEN,,AVAIL,N,390
250607E,131,D,11,11,1,F,44.00,44.00,DIST-OPEN,,AVAIL,N,440
250607E,131,N,11,18,8,F,44.00,352.00,DRESS,,AVAIL,N,440
250607E,131,F,21,21,1,F,44.00,44.00,DIST-OPEN,,AVAIL,N,440
250607E,131,L,17,22,6,F,44.00,264.00,DIST-OPEN,,AVAIL,N,440
250607E,131,M,9,22,14,F,44.00,616.00,DIST-OPEN,,AVAIL,N,440
250607E,131,M,1,8,8,F,44.00,352.00,DRESS,,AVAIL,N,440
250607E,131,Q,3,21,19,F,44.00,836.00,DRESS,,AVAIL,N,440
250607E,131,Q,22,23,2,F,44.00,88.00,DIST-OPEN,,AVAIL,N,440
250607E,131,P,4,10,7,F,44.00,308.00,DRESS,,AVAIL,N,440
250607E,131,B,15,17,3,F,44.00,132.00,DIST-OPEN,,AVAIL,N,440
250607E,131,N,19,23,5,F,44.00,220.00,DIST-OPEN,,AVAIL,N,440
250607E,131,K,15,18,4,F,44.00,176.00,DRESS,,AVAIL,N,440
250607E,131,J,15,20,6,F,44.00,264.00,DIST-OPEN,,AVAIL,N,440
250607E,131,E,21,21,1,F,44.00,44.00,DIST-OPEN,,AVAIL,N,440
250607E,131,P,11,23,13,F,44.00,572.00,DIST-OPEN,,AVAIL,N,440
250607E,131,K,19,22,4,F,44.00,176.00,DIST-OPEN,,AVAIL,N,440
250607E,131,H,19,21,3,F,44.00,132.00,DIST-OPEN,,AVAIL,N,440
250607E,131,G,19,21,3,F,44.00,132.00,DIST-OPEN,,AVAIL,N,440
250607E,131,N,5,10,6,F,44.00,264.00,DIST-OPEN,,AVAIL,N,440
250607E,131,D,13,17,5,F,44.00,220.00,DIST-OPEN,,AVAIL,N,440
250607E,131,K,7,10,4,F,44.00,176.00,SEAN HOLD,,AVAIL,N,440
250607E,132,E,9,10,2,G,36.00,72.00,SEAN HOLD,,AVAIL,N,480
250607E,132,P,22,22,1,G,36.00,36.00,DOQ-VETTX1HOLD,VETTX1HOLD,AVAIL,N,480
250607E,132,Q,21,21,1,G,36.00,36.00,DOQ-VETTX1HOLD,VETTX1HOLD,AVAIL,N,480
250607E,132,E,14,17,4,G,36.00,144.00,SEAN HOLD,,AVAIL,N,480
250607E,132,C,9,15,7,G,36.00,252.00,DIST-OPEN,,AVAIL,N,480
250607E,132,J,19,19,1,G,36.00,36.00,DOQ-VETTX1HOLD,VETTX1HOLD,AVAIL,N,480
250607E,133,N,1,18,18,G,36.00,648.00,DRESS,,AVAIL,N,520
250607E,133,M,1,8,8,G,36.00,288.00,DRESS,,AVAIL,N,520
250607E,133,G,7,10,4,G,36.00,144.00,SEAN HOLD,,AVAIL,N,520
250607E,133,J,9,12,4,G,36.00,144.00,DRESS,,AVAIL,N,520
250607E,133,K,5,8,4,G,36.00,144.00,DRESS,,AVAIL,N,520
250607E,133,F,1,13,13,G,36.00,468.00,SIGNAGE HOLD,,AVAIL,N,520
250607E,133,H,3,8,6,G,36.00,216.00,DRESS,,AVAIL,N,520
250607E,133,L,9,17,9,G,36.00,324.00,DRESS,,AVAIL,N,520
250607E,133,J,8,8,1,G,36.00,36.00,DIST-OPEN,,AVAIL,N,520
250607E,133,G,3,4,2,G,36.00,72.00,SEAN HOLD,,AVAIL,N,520
250607E,133,D,1,12,12,G,36.00,432.00,SIGNAGE HOLD,,AVAIL,N,520
250607E,133,C,1,11,11,G,36.00,396.00,SIGNAGE HOLD,,AVAIL,N,520
250607E,133,E,3,13,11,G,36.00,396.00,SIGNAGE HOLD,,AVAIL,N,520
250607E,133,B,1,10,10,G,36.00,360.00,SIGNAGE HOLD,,AVAIL,N,520
250607E,133,A,1,6,6,G,36.00,216.00,SIGNAGE HOLD,,AVAIL,N,520
250607E,133,P,1,14,14,G,36.00,504.00,DOQ-WHEELCHAIR,WCACC,AVAIL,N,520
250607E,133,M,9,18,10,G,36.00,360.00,DIST-OPEN,,AVAIL,N,520
250607E,133,L,1,8,8,G,36.00,288.00,DIST-OPEN,,AVAIL,N,520
250607E,FLD1,A,29,29,1,A,232.00,232.00,DIST-OPEN,,AVAIL,N,10
250607E,FLD1,A,20,20,1,A,232.00,232.00,DIST-OPEN,,AVAIL,N,10
250607E,FLD1,A,7,8,2,A,232.00,464.00,DIST-OPEN,,AVAIL,N,10
250607E,FLD1,A,24,24,1,A,232.00,232.00,DIST-OPEN,,AVAIL,N,10
250607E,FLD2,A,15,16,2,A,232.00,464.00,DIST-OPEN,,AVAIL,N,20
250607E,FLD2,A,8,12,5,A,232.00,1160.00,BIZDEV,,AVAIL,N,20
250607E,TSL,GA0,40,40,1,K,148.00,148.00,TOP SHELF LOUNGE,,AVAIL,N,690
250607E,TSL,GA0,41,50,10,K,148.00,1480.00,BOX OFFICE HOLD,,AVAIL,N,690
250607EF,GA1,GA0,19,22,4,A,60.00,240.00,DIST-OPEN,,AVAIL,N,10
250607EG,GA1,GA0,1,50,50,A,0,0,OPEN,,AVAIL,N,10
250607EH,GA1,GA0,1,4,4,A,125.00,500.00,OPEN,,AVAIL,N,10
250607EM,GA1,GA0,29,50,22,A,50.00,1100.00,KILL,,AVAIL,Y,10
250613,FLD1,B,1,30,30,A,229.00,6870.00,KILL,,AVAIL,Y,360
250613,FLD2,B,1,30,30,A,229.00,6870.00,KILL,,AVAIL,Y,370
250613,INDST1,GA0,3,50,48,J,60.00,2880.00,SUITES,,AVAIL,N,100
250613,NA,7,1,34,34,D,42.00,1428.00,DIST-OPEN,,AVAIL,N,30
250613,NA,4,26,26,1,D,42.00,42.00,DRESS,,AVAIL,N,30
250613,NA,9,1,29,29,D,42.00,1218.00,DIST-OPEN,,AVAIL,N,30
250613,NA,2,1,10,10,D,42.00,420.00,SEAN HOLD,,AVAIL,N,30
250613,NA,6,15,36,22,D,42.00,924.00,DIST-OPEN,,AVAIL,N,30
250613,NB,7,26,33,8,D,42.00,336.00,DIST-OPEN,,AVAIL,N,50
250613,NB,17,31,31,1,E,41.00,41.00,DIST-OPEN,,AVAIL,N,60
250613,NB,5,20,22,3,D,42.00,126.00,DIST-OPEN,,AVAIL,N,50
250613,NB,7,9,14,6,D,42.00,252.00,DIST-OPEN,,AVAIL,N,50
250613,NB,8,9,29,21,D,42.00,882.00,DIST-OPEN,,AVAIL,N,50
250613,NB,6,24,25,2,D,42.00,84.00,DIST-OPEN,,AVAIL,N,50
250613,NB,10,21,22,2,D,42.00,84.00,DIST-OPEN,,AVAIL,N,50
250613,NB,6,17,17,1,D,42.00,42.00,DIST-OPEN,,AVAIL,N,50
250613,NB,10,12,13,2,D,42.00,84.00,DIST-OPEN,,AVAIL,N,50
250613,NB,20,16,37,22,E,41.00,902.00,DOQ-VETTX1HOLD,VETTX1HOLD,AVAIL,N,60
250613,NB,9,9,26,18,D,42.00,756.00,DIST-OPEN,,AVAIL,N,50
250613,NB,8,5,6,2,D,42.00,84.00,DIST-OPEN,,AVAIL,N,50
250613,NC,3,35,35,1,B,61.00,61.00,DIST-OPEN,,AVAIL,N,70
250613,NC,1,1,6,6,B,61.00,366.00,SEAN HOLD,,AVAIL,N,70
250613,NC,1,29,29,1,B,61.00,61.00,DIST-OPEN,,AVAIL,N,70
250613,NC,5,25,34,10,B,61.00,610.00,DIST-OPEN,,AVAIL,N,70
250613,NC,17,10,11,2,C,58.00,116.00,DIST-OPEN,,AVAIL,N,80
250613,NC,7,25,37,13,B,61.00,793.00,DIST-OPEN,,AVAIL,N,70
250613,NC,19,5,34,30,C,58.00,1740.00,DIST-OPEN,,AVAIL,N,80
250613,NC,5,1,13,13,B,61.00,793.00,DIST-OPEN,,AVAIL,N,70
250613,NC,15,21,30,10,C,58.00,580.00,DIST-OPEN,,AVAIL,N,80
250613,NC,11,1,35,35,B,61.00,2135.00,DIST-OPEN,,AVAIL,N,70
250613,NC,4,10,10,1,B,61.00,61.00,DIST-OPEN,,AVAIL,N,70
250613,NC,6,25,37,13,B,61.00,793.00,DIST-OPEN,,AVAIL,N,70
250613,NC,6,1,13,13,B,61.00,793.00,DIST-OPEN,,AVAIL,N,70
250613,NC,9,6,37,32,B,61.00,1952.00,DIST-OPEN,,AVAIL,N,70
250613,NC,8,21,33,13,B,61.00,793.00,DIST-OPEN,,AVAIL,N,70
250613,NC,8,7,18,12,B,61.00,732.00,DIST-OPEN,,AVAIL,N,70
250613,NC,14,11,32,22,C,58.00,1276.00,DIST-OPEN,,AVAIL,N,80
250613,NC,24,26,37,12,C,58.00,696.00,DIST-OPEN,,AVAIL,N,80
250613,NC,12,1,37,37,B,61.00,2257.00,DIST-OPEN,,AVAIL,N,70
250613,NC,4,30,35,6,B,61.00,366.00,DIST-OPEN,,AVAIL,N,70
250613,NC,10,6,37,32,B,61.00,1952.00,DIST-OPEN,,AVAIL,N,70
250613,NC,25,3,9,7,C,58.00,406.00,DIST-OPEN,,AVAIL,N,80
250613,NC,2,13,13,1,B,61.00,61.00,DIST-OPEN,,AVAIL,N,70
250613,NC,17,15,33,19,C,58.00,1102.00,DIST-OPEN,,AVAIL,N,80
250613,NC,24,1,12,12,C,58.00,696.00,DIST-OPEN,,AVAIL,N,80
250613,NC,16,18,27,10,C,58.00,580.00,DIST-OPEN,,AVAIL,N,80
250613,NC,2,34,34,1,B,61.00,61.00,DIST-OPEN,,AVAIL,N,70
250613,NC,7,1,13,13,B,61.00,793.00,DIST-OPEN,,AVAIL,N,70
250613,ND,17,4,5,2,C,58.00,116.00,DIST-OPEN,,AVAIL,N,100
250613,ND,6,3,6,4,B,61.00,244.00,DIST-OPEN,,AVAIL,N,90
250613,ND,5,22,35,14,B,61.00,854.00,DIST-OPEN,,AVAIL,N,90
250613,ND,10,10,23,14,B,61.00,854.00,DIST-OPEN,,AVAIL,N,90
250613,ND,12,3,35,33,B,61.00,2013.00,DIST-OPEN,,AVAIL,N,90
250613,ND,8,21,33,13,B,61.00,793.00,DIST-OPEN,,AVAIL,N,90
250613,ND,7,3,4,2,B,61.00,122.00,DIST-OPEN,,AVAIL,N,90
250613,ND,9,28,35,8,B,61.00,488.00,DIST-OPEN,,AVAIL,N,90
250613,ND,20,9,12,4,C,58.00,232.00,DIST-OPEN,,AVAIL,N,100
250613,ND,18,11,23,13,C,58.00,754.00,DIST-OPEN,,AVAIL,N,100
250613,ND,16,15,16,2,C,58.00,116.00,DIST-OPEN,,AVAIL,N,100
250613,ND,10,7,8,2,B,61.00,122.00,DIST-OPEN,,AVAIL,N,90
250613,ND,22,17,37,21,C,58.00,1218.00,DIST-OPEN,,AVAIL,N,100
250613,ND,8,15,17,3,B,61.00,183.00,DIST-OPEN,,AVAIL,N,90
250613,ND,6,11,15,5,B,61.00,305.00,DIST-OPEN,,AVAIL,N,90
250613,ND,8,8,11,4,B,61.00,244.00,DIST-OPEN,,AVAIL,N,90
250613,ND,10,26,35,10,B,61.00,610.00,DIST-OPEN,,AVAIL,N,90
250613,ND,25,21,30,10,C,58.00,580.00,DIST-OPEN,,AVAIL,N,100
250613,ND,24,5,6,2,C,58.00,116.00,DIST-OPEN,,AVAIL,N,100
250613,ND,20,25,32,8,C,58.00,464.00,DIST-OPEN,,AVAIL,N,100
250613,ND,22,1,1,1,C,58.00,58.00,DIST-OPEN,,AVAIL,N,100
250613,ND,25,12,18,7,C,58.00,406.00,DIST-OPEN,,AVAIL,N,100
250613,ND,3,6,6,1,B,61.00,61.00,DIST-OPEN,,AVAIL,N,90
250613,ND,11,4,34,31,B,61.00,1891.00,DIST-OPEN,,AVAIL,N,90
250613,ND,4,21,27,7,B,61.00,427.00,DIST-OPEN,,AVAIL,N,90
250613,ND,4,3,4,2,B,61.00,122.00,DIST-OPEN,,AVAIL,N,90
250613,ND,7,15,18,4,B,61.00,244.00,DIST-OPEN,,AVAIL,N,90
250613,ND,6,25,35,11,B,61.00,671.00,DIST-OPEN,,AVAIL,N,90
250613,ND,24,13,35,23,C,58.00,1334.00,DIST-OPEN,,AVAIL,N,100
250613,ND,21,24,24,1,C,58.00,58.00,DIST-OPEN,,AVAIL,N,100
250613,ND,4,13,14,2,B,61.00,122.00,DIST-OPEN,,AVAIL,N,90
250613,ND,7,21,35,15,B,61.00,915.00,DIST-OPEN,,AVAIL,N,90
250613,ND,13,14,14,1,C,58.00,58.00,DIST-OPEN,,AVAIL,N,100
250613,ND,2,17,17,1,B,61.00,61.00,DIST-OPEN,,AVAIL,N,90
250613,ND,4,5,12,8,B,61.00,488.00,SEAN HOLD,,AVAIL,N,90
250613,NE,1,18,18,1,B,61.00,61.00,DIST-OPEN,,AVAIL,N,110
250613,NE,14,16,26,11,C,58.00,638.00,DIST-OPEN,,AVAIL,N,120
250613,NE,5,5,36,32,B,61.00,1952.00,DIST-OPEN,,AVAIL,N,110
250613,NE,17,10,26,17,C,58.00,986.00,DIST-OPEN,,AVAIL,N,120
250613,NE,12,1,10,10,B,61.00,610.00,SEAN HOLD,,AVAIL,N,110
250613,NE,6,11,34,24,B,61.00,1464.00,DIST-OPEN,,AVAIL,N,110
250613,NE,24,1,36,36,C,58.00,2088.00,DIST-OPEN,,AVAIL,N,120
250613,NE,11,7,10,4,B,61.00,244.00,DIST-OPEN,,AVAIL,N,110
250613,NE,22,1,36,36,C,58.00,2088.00,DIST-OPEN,,AVAIL,N,120
250613,NE,7,9,36,28,B,61.00,1708.00,DIST-OPEN,,AVAIL,N,110
250613,NE,9,21,36,16,B,61.00,976.00,DIST-OPEN,,AVAIL,N,110
250613,NE,3,23,33,11,B,61.00,671.00,DIST-OPEN,,AVAIL,N,110
250613,NE,10,21,36,16,B,61.00,976.00,DIST-OPEN,,AVAIL,N,110
250613,NE,16,3,4,2,C,58.00,116.00,DIST-OPEN,,AVAIL,N,120
250613,NE,8,21,33,13,B,61.00,793.00,DIST-OPEN,,AVAIL,N,110
250613,NE,13,24,27,4,C,58.00,232.00,DIST-OPEN,,AVAIL,N,120
250613,NE,8,8,10,3,B,61.00,183.00,DIST-OPEN,,AVAIL,N,110
250613,NE,4,7,34,28,B,61.00,1708.00,DIST-OPEN,,AVAIL,N,110
250613,NE,9,5,10,6,B,61.00,366.00,DIST-OPEN,,AVAIL,N,110
250613,NE,19,5,36,32,C,58.00,1856.00,DIST-OPEN,,AVAIL,N,120
250613,NE,18,1,26,26,C,58.00,1508.00,DIST-OPEN,,AVAIL,N,120
250613,NE,16,13,26,14,C,58.00,812.00,DIST-OPEN,,AVAIL,N,120
250613,NE,11,21,26,6,B,61.00,366.00,DIST-OPEN,,AVAIL,N,110
250613,NE,20,1,36,36,C,58.00,2088.00,DIST-OPEN,,AVAIL,N,120
250613,NE,12,11,27,17,B,61.00,1037.00,DIST-OPEN,,AVAIL,N,110
250613,NE,21,1,36,36,C,58.00,2088.00,DIST-OPEN,,AVAIL,N,120
250613,NE,23,1,36,36,C,58.00,2088.00,DIST-OPEN,,AVAIL,N,120
250613,NE,15,15,15,1,C,58.00,58.00,DIST-OPEN,,AVAIL,N,120
250613,NE,2,29,32,4,B,61.00,244.00,DIST-OPEN,,AVAIL,N,110
250613,NF,16,12,12,1,E,41.00,41.00,DIST-OPEN,,AVAIL,N,140
250613,NF,1,21,28,8,D,42.00,336.00,SEAN HOLD,,AVAIL,N,130
250613,NF,1,13,13,1,D,42.00,42.00,DIST-OPEN,,AVAIL,N,130
250613,NF,16,15,15,1,E,41.00,41.00,DIST-OPEN,,AVAIL,N,140
250613,NF,3,24,25,2,D,42.00,84.00,DIST-OPEN,,AVAIL,N,130
250613,NF,11,13,13,1,D,42.00,42.00,DIST-OPEN,,AVAIL,N,130
250613,NF,11,8,10,3,D,42.00,126.00,DIST-OPEN,,AVAIL,N,130
250613,NF,10,7,7,1,D,42.00,42.00,DIST-OPEN,,AVAIL,N,130
250613,NF,9,11,14,4,D,42.00,168.00,DIST-OPEN,,AVAIL,N,130
250613,NF,2,29,29,1,D,42.00,42.00,DIST-OPEN,,AVAIL,N,130
250613,NF,7,12,12,1,D,42.00,42.00,DIST-OPEN,,AVAIL,N,130
250613,NF,4,25,26,2,D,42.00,84.00,DIST-OPEN,,AVAIL,N,130
250613,NF,3,27,27,1,D,42.00,42.00,DIST-OPEN,,AVAIL,N,130
250613,NF,2,3,3,1,D,42.00,42.00,DIST-OPEN,,AVAIL,N,130
250613,NF,8,29,35,7,D,42.00,294.00,DIST-OPEN,,AVAIL,N,130
250613,NF,11,29,35,7,D,42.00,294.00,DIST-OPEN,,AVAIL,N,130
250613,NF,6,32,33,2,D,42.00,84.00,DIST-OPEN,,AVAIL,N,130
250613,NF,7,31,35,5,D,42.00,210.00,DIST-OPEN,,AVAIL,N,130
250613,NF,9,24,37,14,D,42.00,588.00,DIST-OPEN,,AVAIL,N,130
250613,NG,11,36,36,1,F,29.00,29.00,DIST-OPEN,,AVAIL,N,150
250613,NG,1,21,30,10,F,29.00,290.00,OPEN,,AVAIL,N,150
250613,SA,4,1,14,14,D,42.00,588.00,KILL SOUTH,,AVAIL,Y,170
250613,SA,13,1,36,36,E,41.00,1476.00,KILL SOUTH,,AVAIL,Y,180
250613,SA,21,1,36,36,E,41.00,1476.00,KILL SOUTH,,AVAIL,Y,180
250613,SA,9,1,36,36,D,42.00,1512.00,KILL SOUTH,,AVAIL,Y,170
250613,SA,7,1,14,14,D,42.00,588.00,KILL SOUTH,,AVAIL,Y,170
250613,SA,5,1,14,14,D,42.00,588.00,KILL SOUTH,,AVAIL,Y,170
250613,SA,12,1,36,36,E,41.00,1476.00,KILL SOUTH,,AVAIL,Y,180
250613,SA,18,1,36,36,E,41.00,1476.00,KILL SOUTH,,AVAIL,Y,180
250613,SA,19,1,36,36,E,41.00,1476.00,KILL SOUTH,,AVAIL,Y,180
250613,SA,22,1,36,36,E,41.00,1476.00,KILL SOUTH,,AVAIL,Y,180
250613,SA,14,1,36,36,E,41.00,1476.00,KILL SOUTH,,AVAIL,Y,180
250613,SA,10,1,14,14,D,42.00,588.00,KILL SOUTH,,AVAIL,Y,170
250613,SA,4,22,36,15,D,42.00,630.00,KILL SOUTH,,AVAIL,Y,170
250613,SA,6,22,36,15,D,42.00,630.00,KILL SOUTH,,AVAIL,Y,170
250613,SA,5,22,36,15,D,42.00,630.00,KILL SOUTH,,AVAIL,Y,170
250613,SA,17,1,36,36,E,41.00,1476.00,KILL SOUTH,,AVAIL,Y,180
250613,SA,15,1,36,36,E,41.00,1476.00,KILL SOUTH,,AVAIL,Y,180
250613,SA,11,1,36,36,D,42.00,1512.00,KILL SOUTH,,AVAIL,Y,170
250613,SA,8,1,14,14,D,42.00,588.00,KILL SOUTH,,AVAIL,Y,170
250613,SA,6,1,14,14,D,42.00,588.00,KILL SOUTH,,AVAIL,Y,170
250613,SA,20,1,36,36,E,41.00,1476.00,KILL SOUTH,,AVAIL,Y,180
250613,SA,8,22,36,15,D,42.00,630.00,KILL SOUTH,,AVAIL,Y,170
250613,SA,16,1,36,36,E,41.00,1476.00,KILL SOUTH,,AVAIL,Y,180
250613,SA,10,22,36,15,D,42.00,630.00,KILL SOUTH,,AVAIL,Y,170
250613,SA,7,22,36,15,D,42.00,630.00,KILL SOUTH,,AVAIL,Y,170
250613,SB,11,1,37,37,D,42.00,1554.00,KILL SOUTH,,AVAIL,Y,190
250613,SB,20,1,37,37,E,41.00,1517.00,KILL SOUTH,,AVAIL,Y,200
250613,SB,21,1,37,37,E,41.00,1517.00,KILL SOUTH,,AVAIL,Y,200
250613,SB,19,1,37,37,E,41.00,1517.00,KILL SOUTH,,AVAIL,Y,200
250613,SB,17,3,37,35,E,41.00,1435.00,KILL SOUTH,,AVAIL,Y,200
250613,SB,10,3,37,35,D,42.00,1470.00,KILL SOUTH,,AVAIL,Y,190
250613,SB,18,1,37,37,E,41.00,1517.00,KILL SOUTH,,AVAIL,Y,200
250613,SB,22,1,37,37,E,41.00,1517.00,KILL SOUTH,,AVAIL,Y,200
250613,SC,5,11,13,3,B,61.00,183.00,KILL SOUTH,,AVAIL,Y,220
250613,SC,4,11,13,3,B,61.00,183.00,KILL SOUTH,,AVAIL,Y,220
250613,SC,11,11,37,27,B,61.00,1647.00,KILL SOUTH,,AVAIL,Y,220
250613,SC,5,25,37,13,B,61.00,793.00,KILL SOUTH,,AVAIL,Y,220
250613,SC,6,11,13,3,B,61.00,183.00,KILL SOUTH,,AVAIL,Y,220
250613,SC,7,11,13,3,B,61.00,183.00,KILL SOUTH,,AVAIL,Y,220
250613,SC,ADA,3,12,10,B,61.00,610.00,DOQ-WHEELCHAIR,WCACC,AVAIL,N,210
250613,SC,14,1,1,1,C,58.00,58.00,KILL SOUTH,,AVAIL,Y,230
250613,SC,4,25,35,11,B,61.00,671.00,KILL SOUTH,,AVAIL,Y,220
250613,SC,20,1,37,37,C,58.00,2146.00,KILL SOUTH,,AVAIL,Y,230
250613,SC,9,25,37,13,B,61.00,793.00,KILL SOUTH,,AVAIL,Y,220
250613,SC,21,26,37,12,C,58.00,696.00,KILL SOUTH,,AVAIL,Y,230
250613,SC,22,26,35,10,C,58.00,580.00,KILL SOUTH,,AVAIL,Y,230
250613,SC,6,25,37,13,B,61.00,793.00,KILL SOUTH,,AVAIL,Y,220
250613,SC,8,11,13,3,B,61.00,183.00,KILL SOUTH,,AVAIL,Y,220
250613,SC,9,11,13,3,B,61.00,183.00,KILL SOUTH,,AVAIL,Y,220
250613,SC,10,11,13,3,B,61.00,183.00,KILL SOUTH,,AVAIL,Y,220
250613,SC,22,3,10,8,C,58.00,464.00,KILL SOUTH,,AVAIL,Y,230
250613,SC,7,25,37,13,B,61.00,793.00,KILL SOUTH,,AVAIL,Y,220
250613,SC,8,25,37,13,B,61.00,793.00,KILL SOUTH,,AVAIL,Y,220
250613,SC,21,1,12,12,C,58.00,696.00,KILL SOUTH,,AVAIL,Y,230
250613,SC,10,25,37,13,B,61.00,793.00,KILL SOUTH,,AVAIL,Y,220
250613,SC,12,1,2,2,C,58.00,116.00,KILL SOUTH,,AVAIL,Y,230
250613,SD,17,34,37,4,C,58.00,232.00,KILL SOUTH,,AVAIL,Y,250
250613,SD,13,1,14,14,C,58.00,812.00,KILL SOUTH,,AVAIL,Y,250
250613,SD,20,1,34,34,C,58.00,1972.00,KILL SOUTH,,AVAIL,Y,250
250613,SD,18,1,14,14,C,58.00,812.00,KILL SOUTH,,AVAIL,Y,250
250613,SD,16,36,37,2,C,58.00,116.00,KILL SOUTH,,AVAIL,Y,250
250613,SD,22,1,34,34,C,58.00,1972.00,KILL SOUTH,,AVAIL,Y,250
250613,SD,21,1,34,34,C,58.00,1972.00,KILL SOUTH,,AVAIL,Y,250
250613,SD,4,32,35,4,B,61.00,244.00,KILL SOUTH,,AVAIL,Y,240
250613,SD,17,1,14,14,C,58.00,812.00,KILL SOUTH,,AVAIL,Y,250
250613,SD,19,1,14,14,C,58.00,812.00,KILL SOUTH,,AVAIL,Y,250
250613,SD,11,1,14,14,B,61.00,854.00,KILL SOUTH,,AVAIL,Y,240
250613,SD,5,1,14,14,B,61.00,854.00,KILL SOUTH,,AVAIL,Y,240
250613,SD,9,1,14,14,B,61.00,854.00,KILL SOUTH,,AVAIL,Y,240
250613,SD,4,22,30,9,B,61.00,549.00,KILL SOUTH,,AVAIL,Y,240
250613,SD,16,1,4,4,C,58.00,232.00,KILL SOUTH,,AVAIL,Y,250
250613,SD,18,34,37,4,C,58.00,232.00,KILL SOUTH,,AVAIL,Y,250
250613,SD,15,1,14,14,C,58.00,812.00,KILL SOUTH,,AVAIL,Y,250
250613,SD,4,9,19,11,B,61.00,671.00,KILL SOUTH,,AVAIL,Y,240
250613,SD,12,1,14,14,C,58.00,812.00,KILL SOUTH,,AVAIL,Y,250
250613,SD,14,1,14,14,C,58.00,812.00,KILL SOUTH,,AVAIL,Y,250
250613,SD,8,3,14,12,B,61.00,732.00,KILL SOUTH,,AVAIL,Y,240
250613,SD,7,1,14,14,B,61.00,854.00,KILL SOUTH,,AVAIL,Y,240
250613,SD,10,1,14,14,B,61.00,854.00,KILL SOUTH,,AVAIL,Y,240
250613,SD,5,35,37,3,B,61.00,183.00,KILL SOUTH,,AVAIL,Y,240
250613,SD,13,34,37,4,C,58.00,232.00,KILL SOUTH,,AVAIL,Y,250
250613,SD,15,34,37,4,C,58.00,232.00,KILL SOUTH,,AVAIL,Y,250
250613,SD,4,1,2,2,B,61.00,122.00,KILL SOUTH,,AVAIL,Y,240
250613,SD,6,1,14,14,B,61.00,854.00,KILL SOUTH,,AVAIL,Y,240
250613,SE,22,1,23,23,C,58.00,1334.00,KILL SOUTH,,AVAIL,Y,270
250613,SE,6,22,36,15,B,61.00,915.00,KILL SOUTH,,AVAIL,Y,260
250613,SE,6,1,13,13,B,61.00,793.00,KILL SOUTH,,AVAIL,Y,260
250613,SE,13,1,36,36,C,58.00,2088.00,KILL SOUTH,,AVAIL,Y,270
250613,SE,12,1,36,36,C,58.00,2088.00,KILL SOUTH,,AVAIL,Y,270
250613,SE,10,1,13,13,B,61.00,793.00,KILL SOUTH,,AVAIL,Y,260
250613,SE,11,1,36,36,B,61.00,2196.00,KILL SOUTH,,AVAIL,Y,260
250613,SE,4,3,13,11,B,61.00,671.00,KILL SOUTH,,AVAIL,Y,260
250613,SE,16,1,36,36,C,58.00,2088.00,KILL SOUTH,,AVAIL,Y,270
250613,SE,9,1,13,13,B,61.00,793.00,KILL SOUTH,,AVAIL,Y,260
250613,SE,14,1,36,36,C,58.00,2088.00,KILL SOUTH,,AVAIL,Y,270
250613,SE,15,1,36,36,C,58.00,2088.00,KILL SOUTH,,AVAIL,Y,270
250613,SE,22,25,40,16,C,58.00,928.00,KILL SOUTH,,AVAIL,Y,270
250613,SE,7,22,36,15,B,61.00,915.00,KILL SOUTH,,AVAIL,Y,260
250613,SE,9,22,36,15,B,61.00,915.00,KILL SOUTH,,AVAIL,Y,260
250613,SE,8,22,36,15,B,61.00,915.00,KILL SOUTH,,AVAIL,Y,260
250613,SE,8,1,13,13,B,61.00,793.00,KILL SOUTH,,AVAIL,Y,260
250613,SE,7,1,13,13,B,61.00,793.00,KILL SOUTH,,AVAIL,Y,260
250613,SE,5,1,13,13,B,61.00,793.00,KILL SOUTH,,AVAIL,Y,260
250613,SE,20,1,36,36,C,58.00,2088.00,KILL SOUTH,,AVAIL,Y,270
250613,SE,18,1,36,36,C,58.00,2088.00,KILL SOUTH,,AVAIL,Y,270
250613,SE,5,22,36,15,B,61.00,915.00,KILL SOUTH,,AVAIL,Y,260
250613,SE,19,1,36,36,C,58.00,2088.00,KILL SOUTH,,AVAIL,Y,270
250613,SE,17,1,36,36,C,58.00,2088.00,KILL SOUTH,,AVAIL,Y,270
250613,SE,10,22,36,15,B,61.00,915.00,KILL SOUTH,,AVAIL,Y,260
250613,SE,4,22,31,10,B,61.00,610.00,KILL SOUTH,,AVAIL,Y,260
250613,SE,21,1,36,36,C,58.00,2088.00,KILL SOUTH,,AVAIL,Y,270
250613,SF,15,1,18,18,E,41.00,738.00,KILL SOUTH,,AVAIL,Y,290
250613,SF,24,21,39,19,E,41.00,779.00,KILL SOUTH,,AVAIL,Y,300
250613,SF,11,38,39,2,E,41.00,82.00,KILL SOUTH,,AVAIL,Y,290
250613,SF,14,1,18,18,E,41.00,738.00,KILL SOUTH,,AVAIL,Y,290
250613,SF,9,38,39,2,E,41.00,82.00,KILL SOUTH,,AVAIL,Y,290
250613,SF,12,1,18,18,E,41.00,738.00,KILL SOUTH,,AVAIL,Y,290
250613,SF,21,1,18,18,E,41.00,738.00,KILL SOUTH,,AVAIL,Y,290
250613,SF,25,1,18,18,E,41.00,738.00,KILL SOUTH,,AVAIL,Y,300
250613,SF,8,1,15,15,D,42.00,630.00,KILL SOUTH,,AVAIL,Y,280
250613,SF,21,21,39,19,E,41.00,779.00,KILL SOUTH,,AVAIL,Y,290
250613,SF,25,21,39,19,E,41.00,779.00,KILL SOUTH,,AVAIL,Y,300
250613,SF,17,21,39,19,E,41.00,779.00,KILL SOUTH,,AVAIL,Y,290
250613,SF,19,21,39,19,E,41.00,779.00,KILL SOUTH,,AVAIL,Y,290
250613,SF,23,21,39,19,E,41.00,779.00,KILL SOUTH,,AVAIL,Y,300
250613,SF,22,21,39,19,E,41.00,779.00,KILL SOUTH,,AVAIL,Y,300
250613,SF,15,21,39,19,E,41.00,779.00,KILL SOUTH,,AVAIL,Y,290
250613,SF,7,21,26,6,D,42.00,252.00,KILL SOUTH,,AVAIL,Y,280
250613,SF,6,21,26,6,D,42.00,252.00,KILL SOUTH,,AVAIL,Y,280
250613,SF,8,21,26,6,D,42.00,252.00,KILL SOUTH,,AVAIL,Y,280
250613,SF,7,36,39,4,D,42.00,168.00,KILL SOUTH,,AVAIL,Y,280
250613,SF,8,36,39,4,D,42.00,168.00,KILL SOUTH,,AVAIL,Y,280
250613,SF,6,36,39,4,D,42.00,168.00,KILL SOUTH,,AVAIL,Y,280
250613,SF,18,1,18,18,E,41.00,738.00,KILL SOUTH,,AVAIL,Y,290
250613,SF,13,21,39,19,E,41.00,779.00,KILL SOUTH,,AVAIL,Y,290
250613,SF,7,1,15,15,D,42.00,630.00,KILL SOUTH,,AVAIL,Y,280
250613,SF,6,1,15,15,D,42.00,630.00,KILL SOUTH,,AVAIL,Y,280
250613,SF,13,1,18,18,E,41.00,738.00,KILL SOUTH,,AVAIL,Y,290
250613,SF,24,1,18,18,E,41.00,738.00,KILL SOUTH,,AVAIL,Y,300
250613,SF,22,1,18,18,E,41.00,738.00,KILL SOUTH,,AVAIL,Y,300
250613,SF,16,1,18,18,E,41.00,738.00,KILL SOUTH,,AVAIL,Y,290
250613,SF,6,16,18,3,D,42.00,126.00,KILL,,AVAIL,Y,280
250613,SF,20,1,18,18,E,41.00,738.00,KILL SOUTH,,AVAIL,Y,290
250613,SF,19,1,18,18,E,41.00,738.00,KILL SOUTH,,AVAIL,Y,290
250613,SF,17,1,18,18,E,41.00,738.00,KILL SOUTH,,AVAIL,Y,290
250613,SF,14,21,39,19,E,41.00,779.00,KILL SOUTH,,AVAIL,Y,290
250613,SF,12,21,39,19,E,41.00,779.00,KILL SOUTH,,AVAIL,Y,290
250613,SF,23,1,18,18,E,41.00,738.00,KILL SOUTH,,AVAIL,Y,300
250613,SF,7,16,18,3,D,42.00,126.00,KILL,,AVAIL,Y,280
250613,SF,18,21,39,19,E,41.00,779.00,KILL SOUTH,,AVAIL,Y,290
250613,SF,8,16,18,3,D,42.00,126.00,KILL,,AVAIL,Y,280
250613,SF,16,21,39,19,E,41.00,779.00,KILL SOUTH,,AVAIL,Y,290
250613,SF,20,21,39,19,E,41.00,779.00,KILL SOUTH,,AVAIL,Y,290
250613,SF,1,25,26,2,D,42.00,84.00,KILL SOUTH,,AVAIL,Y,280
250613,SF,1,17,18,2,D,42.00,84.00,KILL SOUTH,,AVAIL,Y,280
250613,SG,1,16,16,1,F,29.00,29.00,KILL SOUTH,,AVAIL,Y,310
250613,SG,18,1,4,4,F,29.00,116.00,KILL SOUTH,,AVAIL,Y,320
250613,SG,24,1,34,34,F,29.00,986.00,KILL SOUTH,,AVAIL,Y,320
250613,SG,8,1,23,23,F,29.00,667.00,KILL SOUTH,,AVAIL,Y,310
250613,SG,13,1,26,26,F,29.00,754.00,KILL SOUTH,,AVAIL,Y,320
250613,SG,19,1,31,31,F,29.00,899.00,KILL SOUTH,,AVAIL,Y,320
250613,SG,12,1,26,26,F,29.00,754.00,KILL SOUTH,,AVAIL,Y,310
250613,SG,7,1,22,22,F,29.00,638.00,KILL SOUTH,,AVAIL,Y,310
250613,SG,20,1,31,31,F,29.00,899.00,KILL SOUTH,,AVAIL,Y,320
250613,SG,25,1,35,35,F,29.00,1015.00,KILL SOUTH,,AVAIL,Y,320
250613,SG,6,1,22,22,F,29.00,638.00,KILL SOUTH,,AVAIL,Y,310
250613,SG,23,1,33,33,F,29.00,957.00,KILL SOUTH,,AVAIL,Y,320
250613,SG,18,6,30,25,F,29.00,725.00,KILL SOUTH,,AVAIL,Y,320
250613,SG,15,1,28,28,F,29.00,812.00,KILL SOUTH,,AVAIL,Y,320
250613,SG,16,1,29,29,F,29.00,841.00,KILL SOUTH,,AVAIL,Y,320
250613,SG,22,1,33,33,F,29.00,957.00,KILL SOUTH,,AVAIL,Y,320
250613,SG,11,1,25,25,F,29.00,725.00,KILL SOUTH,,AVAIL,Y,310
250613,SG,21,1,32,32,F,29.00,928.00,KILL SOUTH,,AVAIL,Y,320
250613,SG,14,1,27,27,F,29.00,783.00,KILL SOUTH,,AVAIL,Y,320
250613,SG,9,1,24,24,F,29.00,696.00,KILL SOUTH,,AVAIL,Y,310
250613,SG,10,1,24,24,F,29.00,696.00,KILL SOUTH,,AVAIL,Y,310
250613,SG,17,1,29,29,F,29.00,841.00,KILL SOUTH,,AVAIL,Y,320
250613,SH,15,1,18,18,F,29.00,522.00,KILL SOUTH,,AVAIL,Y,340
250613,SH,20,1,18,18,F,29.00,522.00,KILL SOUTH,,AVAIL,Y,340
250613,SH,24,1,18,18,F,29.00,522.00,KILL SOUTH,,AVAIL,Y,340
250613,SH,11,1,18,18,F,29.00,522.00,KILL SOUTH,,AVAIL,Y,330
250613,SH,22,1,18,18,F,29.00,522.00,KILL SOUTH,,AVAIL,Y,340
250613,SH,16,1,18,18,F,29.00,522.00,KILL SOUTH,,AVAIL,Y,340
250613,SH,18,1,18,18,F,29.00,522.00,KILL SOUTH,,AVAIL,Y,340
250613,SH,25,1,18,18,F,29.00,522.00,KILL SOUTH,,AVAIL,Y,340
250613,SH,23,1,18,18,F,29.00,522.00,KILL SOUTH,,AVAIL,Y,340
250613,SH,17,1,18,18,F,29.00,522.00,KILL SOUTH,,AVAIL,Y,340
250613,SH,19,1,18,18,F,29.00,522.00,KILL SOUTH,,AVAIL,Y,340
250613,SH,9,1,18,18,F,29.00,522.00,KILL SOUTH,,AVAIL,Y,330
250613,SH,21,1,18,18,F,29.00,522.00,KILL SOUTH,,AVAIL,Y,340
250613,SH,6,1,18,18,F,29.00,522.00,KILL SOUTH,,AVAIL,Y,330
250613,SH,13,1,18,18,F,29.00,522.00,KILL SOUTH,,AVAIL,Y,340
250613,SH,14,1,18,18,F,29.00,522.00,KILL SOUTH,,AVAIL,Y,340
250613,SH,8,1,18,18,F,29.00,522.00,KILL SOUTH,,AVAIL,Y,330
250613,SH,12,1,18,18,F,29.00,522.00,KILL SOUTH,,AVAIL,Y,330
250613,SH,10,1,18,18,F,29.00,522.00,KILL SOUTH,,AVAIL,Y,330
250613,SH,7,1,18,18,F,29.00,522.00,KILL SOUTH,,AVAIL,Y,330
250613,SH,1,17,18,2,F,29.00,58.00,KILL SOUTH,,AVAIL,Y,330
250613,SH,1,1,2,2,F,29.00,58.00,KILL SOUTH,,AVAIL,Y,330
250613,STE5,GA0,1,25,25,J,60.00,1500.00,SUITES,,AVAIL,N,100
250613,TSL,GA0,26,40,15,G,173.00,2595.00,DIST-OPEN,,AVAIL,N,350
250613F,GA1,GA0,20,25,6,A,0,0,DIST-OPEN,,AVAIL,N,10
250613F,GA1,GA0,17,18,2,A,0,0,DIST-OPEN,,AVAIL,N,10
250613G,GA1,GA0,1,50,50,A,0,0,OPEN,,AVAIL,N,10
250613H,GA1,GA0,2,4,3,A,0,0,DIST-OPEN,,AVAIL,N,10
250613M,GA1,GA0,20,25,6,A,50.00,300.00,DIST-OPEN,,AVAIL,N,10
250613V,GA1,GA7,1,50,50,A,0,0,OPEN,,AVAIL,N,10
250613V,GA1,GA9,1,50,50,A,0,0,OPEN,,AVAIL,N,10
250613V,GA1,GA1,1,50,50,A,0,0,OPEN,,AVAIL,N,10
250613V,GA1,GA8,1,50,50,A,0,0,OPEN,,AVAIL,N,10
250613V,GA1,GA0,1,50,50,A,0,0,OPEN,,AVAIL,N,10
250613V,GA1,GA2,1,50,50,A,0,0,OPEN,,AVAIL,N,10
250613V,GA1,GA6,1,50,50,A,0,0,OPEN,,AVAIL,N,10
250613V,GA1,GA4,1,50,50,A,0,0,OPEN,,AVAIL,N,10
250613V,GA1,GA3,1,50,50,A,0,0,OPEN,,AVAIL,N,10
250613V,GA1,GA5,1,50,50,A,0,0,OPEN,,AVAIL,N,10
250614A,FLD1,A,2,4,3,A,144.00,432.00,DIST-OPEN,,AVAIL,N,10
250614A,FLD1,A,13,21,9,A,144.00,1296.00,DIST-OPEN,,AVAIL,N,10
250614A,FLD1,B,1,30,30,A,144.00,4320.00,KILL,,AVAIL,Y,360
250614A,FLD1,A,27,30,4,A,144.00,576.00,BIZDEV,,AVAIL,N,10
250614A,FLD2,A,13,17,5,A,144.00,720.00,DIST-OPEN,,AVAIL,N,20
250614A,FLD2,A,18,27,10,A,144.00,1440.00,AK HOLD,,AVAIL,N,20
250614A,FLD2,B,1,30,30,A,144.00,4320.00,KILL,,AVAIL,Y,370
250614A,INDST1,GA0,1,50,50,J,80.00,4000.00,SUITES,,AVAIL,N,100
250614A,NA,24,1,36,36,E,33.00,1188.00,DRESS,,AVAIL,N,40
250614A,NA,13,10,10,1,E,33.00,33.00,DIST-OPEN,,AVAIL,N,40
250614A,NA,5,23,36,14,D,34.00,476.00,DIST-OPEN,,AVAIL,N,30
250614A,NA,13,36,36,1,E,33.00,33.00,DIST-OPEN,,AVAIL,N,40
250614A,NA,23,1,36,36,E,33.00,1188.00,DRESS,,AVAIL,N,40
250614A,NA,22,1,20,20,E,33.00,660.00,DRESS,,AVAIL,N,40
250614A,NA,3,1,10,10,D,34.00,340.00,DIST-OPEN,,AVAIL,N,30
250614A,NA,22,22,36,15,E,33.00,495.00,DRESS,,AVAIL,N,40
250614A,NA,9,1,29,29,D,34.00,986.00,DIST-OPEN,,AVAIL,N,30
250614A,NA,7,1,15,15,D,34.00,510.00,DIST-OPEN,,AVAIL,N,30
250614A,NA,11,30,36,7,D,34.00,238.00,DIST-OPEN,,AVAIL,N,30
250614A,NA,1,12,36,25,D,34.00,850.00,DIST-OPEN,,AVAIL,N,30
250614A,NA,6,11,25,15,D,34.00,510.00,DIST-OPEN,,AVAIL,N,30
250614A,NA,5,1,10,10,D,34.00,340.00,DIST-OPEN,,AVAIL,N,30
250614A,NA,3,22,36,15,D,34.00,510.00,DIST-OPEN,,AVAIL,N,30
250614A,NA,2,11,36,26,D,34.00,884.00,DIST-OPEN,,AVAIL,N,30
250614A,NA,6,1,10,10,D,34.00,340.00,DRESS,,AVAIL,N,30
250614A,NA,11,22,29,8,D,34.00,272.00,DRESS,,AVAIL,N,30
250614A,NA,17,20,29,10,E,33.00,330.00,DRESS,,AVAIL,N,40
250614A,NA,5,11,22,12,D,34.00,408.00,DRESS,,AVAIL,N,30
250614A,NA,7,16,24,9,D,34.00,306.00,DRESS,,AVAIL,N,30
250614A,NA,6,26,34,9,D,34.00,306.00,DRESS,,AVAIL,N,30
250614A,NA,3,11,21,11,D,34.00,374.00,DRESS,,AVAIL,N,30
250614A,NA,9,30,34,5,D,34.00,170.00,DRESS,,AVAIL,N,30
250614A,NA,17,5,11,7,E,33.00,231.00,DRESS,,AVAIL,N,40
250614A,NA,17,30,36,7,E,33.00,231.00,DIST-OPEN,,AVAIL,N,40
250614A,NA,17,14,19,6,E,33.00,198.00,DIST-OPEN,,AVAIL,N,40
250614A,NA,9,35,36,2,D,34.00,68.00,DIST-OPEN,,AVAIL,N,30
250614A,NA,7,25,36,12,D,34.00,408.00,DIST-OPEN,,AVAIL,N,30
250614A,NA,6,35,36,2,D,34.00,68.00,DIST-OPEN,,AVAIL,N,30
250614A,NA,2,1,10,10,D,34.00,340.00,SEAN HOLD,,AVAIL,N,30
250614A,NA,1,1,8,8,D,34.00,272.00,SEAN HOLD,,AVAIL,N,30
250614A,NA,8,1,36,36,D,34.00,1224.00,DRESS,,AVAIL,N,30
250614A,NA,4,26,36,11,D,34.00,374.00,DRESS,,AVAIL,N,30
250614A,NA,25,1,36,36,E,33.00,1188.00,DRESS,,AVAIL,N,40
250614A,NA,21,1,36,36,E,33.00,1188.00,DRESS,,AVAIL,N,40
250614A,NB,15,29,32,4,E,33.00,132.00,DIST-OPEN,,AVAIL,N,60
250614A,NB,13,13,14,2,E,33.00,66.00,DIST-OPEN,,AVAIL,N,60
250614A,NB,24,1,37,37,E,33.00,1221.00,DRESS,,AVAIL,N,60
250614A,NB,5,1,7,7,D,34.00,238.00,DIST-OPEN,,AVAIL,N,50
250614A,NB,11,6,14,9,D,34.00,306.00,DIST-OPEN,,AVAIL,N,50
250614A,NB,19,1,37,37,E,33.00,1221.00,DIST-OPEN,,AVAIL,N,60
250614A,NB,6,7,35,29,D,34.00,986.00,DIST-OPEN,,AVAIL,N,50
250614A,NB,3,1,8,8,D,34.00,272.00,DIST-OPEN,,AVAIL,N,50
250614A,NB,13,29,30,2,E,33.00,66.00,DIST-OPEN,,AVAIL,N,60
250614A,NB,8,11,18,8,D,34.00,272.00,DRESS,,AVAIL,N,50
250614A,NB,10,32,35,4,D,34.00,136.00,DIST-OPEN,,AVAIL,N,50
250614A,NB,7,5,10,6,D,34.00,204.00,DRESS,,AVAIL,N,50
250614A,NB,7,11,14,4,D,34.00,136.00,DIST-OPEN,,AVAIL,N,50
250614A,NB,4,5,10,6,D,34.00,204.00,DRESS,,AVAIL,N,50
250614A,NB,4,11,14,4,D,34.00,136.00,DIST-OPEN,,AVAIL,N,50
250614A,NB,10,1,14,14,D,34.00,476.00,DRESS,,AVAIL,N,50
250614A,NB,15,37,37,1,E,33.00,33.00,DIST-OPEN,,AVAIL,N,60
250614A,NB,11,23,31,9,D,34.00,306.00,DIST-OPEN,,AVAIL,N,50
250614A,NB,3,9,14,6,D,34.00,204.00,DRESS,,AVAIL,N,50
250614A,NB,9,29,37,9,D,34.00,306.00,DIST-OPEN,,AVAIL,N,50
250614A,NB,8,19,37,19,D,34.00,646.00,DIST-OPEN,,AVAIL,N,50
250614A,NB,6,1,6,6,D,34.00,204.00,DRESS,,AVAIL,N,50
250614A,NB,9,23,28,6,D,34.00,204.00,DRESS,,AVAIL,N,50
250614A,NB,7,15,37,23,D,34.00,782.00,DRESS,,AVAIL,N,50
250614A,NB,13,9,10,2,E,33.00,66.00,DIST-OPEN,,AVAIL,N,60
250614A,NB,10,15,19,5,D,34.00,170.00,DIST-OPEN,,AVAIL,N,50
250614A,NB,18,36,37,2,E,33.00,66.00,DIST-OPEN,,AVAIL,N,60
250614A,NB,1,22,23,2,D,34.00,68.00,DIST-OPEN,,AVAIL,N,50
250614A,NB,5,16,37,22,D,34.00,748.00,DIST-OPEN,,AVAIL,N,50
250614A,NB,7,1,4,4,D,34.00,136.00,DIST-OPEN,,AVAIL,N,50
250614A,NB,14,15,33,19,E,33.00,627.00,DIST-OPEN,,AVAIL,N,60
250614A,NB,9,5,22,18,D,34.00,612.00,DIST-OPEN,,AVAIL,N,50
250614A,NB,17,20,35,16,E,33.00,528.00,DIST-OPEN,,AVAIL,N,60
250614A,NB,12,11,14,4,D,34.00,136.00,DIST-OPEN,,AVAIL,N,50
250614A,NB,12,5,10,6,D,34.00,204.00,LMS,,AVAIL,N,50
250614A,NB,1,11,14,4,D,34.00,136.00,DIST-OPEN,,AVAIL,N,50
250614A,NB,5,10,11,2,D,34.00,68.00,DIST-OPEN,,AVAIL,N,50
250614A,NB,22,4,33,30,E,33.00,990.00,DRESS,,AVAIL,N,60
250614A,NB,1,7,8,2,D,34.00,68.00,DIST-OPEN,,AVAIL,N,50
250614A,NB,23,1,37,37,E,33.00,1221.00,DRESS,,AVAIL,N,60
250614A,NB,22,1,2,2,E,33.00,66.00,DRESS,,AVAIL,N,60
250614A,NB,2,15,22,8,D,34.00,272.00,SEAN HOLD,,AVAIL,N,50
250614A,NB,25,3,34,32,E,33.00,1056.00,DRESS,,AVAIL,N,60
250614A,NB,12,1,4,4,D,34.00,136.00,DIST-OPEN,,AVAIL,N,50
250614A,NB,8,5,10,6,D,34.00,204.00,DIST-OPEN,,AVAIL,N,50
250614A,NB,3,15,37,23,D,34.00,782.00,DIST-OPEN,,AVAIL,N,50
250614A,NB,2,23,35,13,D,34.00,442.00,DIST-OPEN,,AVAIL,N,50
250614A,NB,11,15,22,8,D,34.00,272.00,DRESS,,AVAIL,N,50
250614A,NB,4,1,4,4,D,34.00,136.00,DIST-OPEN,,AVAIL,N,50
250614A,NB,4,15,35,21,D,34.00,714.00,DRESS,,AVAIL,N,50
250614A,NB,18,16,35,20,E,33.00,660.00,DOQ-VETTX1HOLD,VETTX1HOLD,AVAIL,N,60
250614A,NB,2,1,14,14,D,34.00,476.00,DIST-OPEN,,AVAIL,N,50
250614A,NC,24,26,37,12,C,34.00,408.00,DRESS,,AVAIL,N,80
250614A,NC,2,13,13,1,B,39.00,39.00,DIST-OPEN,,AVAIL,N,70
250614A,NC,2,34,34,1,B,39.00,39.00,DIST-OPEN,,AVAIL,N,70
250614A,NC,7,25,37,13,B,39.00,507.00,DIST-OPEN,,AVAIL,N,70
250614A,NC,13,17,33,17,C,34.00,578.00,DIST-OPEN,,AVAIL,N,80
250614A,NC,25,1,9,9,C,34.00,306.00,DRESS,,AVAIL,N,80
250614A,NC,17,1,37,37,C,34.00,1258.00,DIST-OPEN,,AVAIL,N,80
250614A,NC,18,1,37,37,C,34.00,1258.00,DRESS,,AVAIL,N,80
250614A,NC,24,1,12,12,C,34.00,408.00,DRESS,,AVAIL,N,80
250614A,NC,19,1,37,37,C,34.00,1258.00,DIST-OPEN,,AVAIL,N,80
250614A,NC,15,1,37,37,C,34.00,1258.00,DIST-OPEN,,AVAIL,N,80
250614A,NC,4,25,37,13,B,39.00,507.00,DRESS,,AVAIL,N,70
250614A,NC,6,5,13,9,B,39.00,351.00,DRESS,,AVAIL,N,70
250614A,NC,10,1,37,37,B,39.00,1443.00,DRESS,,AVAIL,N,70
250614A,NC,6,25,37,13,B,39.00,507.00,DRESS,,AVAIL,N,70
250614A,NC,4,1,13,13,B,39.00,507.00,DRESS,,AVAIL,N,70
250614A,NC,14,1,37,37,C,34.00,1258.00,DRESS,,AVAIL,N,80
250614A,NC,7,1,13,13,B,39.00,507.00,DIST-OPEN,,AVAIL,N,70
250614A,NC,5,9,13,5,B,39.00,195.00,DIST-OPEN,,AVAIL,N,70
250614A,NC,5,25,37,13,B,39.00,507.00,DIST-OPEN,,AVAIL,N,70
250614A,NC,11,1,37,37,B,39.00,1443.00,DIST-OPEN,,AVAIL,N,70
250614A,NC,25,29,37,9,C,34.00,306.00,DRESS,,AVAIL,N,80
250614A,NC,23,26,37,12,C,34.00,408.00,DRESS,,AVAIL,N,80
250614A,NC,23,1,12,12,C,34.00,408.00,DRESS,,AVAIL,N,80
250614A,NC,21,1,37,37,C,34.00,1258.00,DRESS,,AVAIL,N,80
250614A,NC,1,5,11,7,B,39.00,273.00,SEAN HOLD,,AVAIL,N,70
250614A,NC,16,1,37,37,C,34.00,1258.00,DRESS,,AVAIL,N,80
250614A,NC,8,1,37,37,B,39.00,1443.00,DRESS,,AVAIL,N,70
250614A,NC,12,1,37,37,B,39.00,1443.00,DRESS,,AVAIL,N,70
250614A,NC,9,1,37,37,B,39.00,1443.00,DIST-OPEN,,AVAIL,N,70
250614A,NC,3,35,35,1,B,39.00,39.00,DIST-OPEN,,AVAIL,N,70
250614A,ND,15,1,4,4,C,34.00,136.00,DIST-OPEN,,AVAIL,N,100
250614A,ND,7,1,18,18,B,39.00,702.00,OBSTRUCTED,,AVAIL,N,90
250614A,ND,6,32,37,6,B,39.00,234.00,OBSTRUCTED,,AVAIL,N,90
250614A,ND,6,22,30,9,B,39.00,351.00,OBSTRUCTED,,AVAIL,N,90
250614A,ND,8,1,4,4,B,39.00,156.00,OBSTRUCTED,,AVAIL,N,90
250614A,ND,8,8,17,10,B,39.00,390.00,OBSTRUCTED,,AVAIL,N,90
250614A,ND,6,9,15,7,B,39.00,273.00,OBSTRUCTED,,AVAIL,N,90
250614A,ND,5,9,32,24,B,39.00,936.00,OBSTRUCTED,,AVAIL,N,90
250614A,ND,4,13,32,20,B,39.00,780.00,OBSTRUCTED,,AVAIL,N,90
250614A,ND,4,3,4,2,B,39.00,78.00,OBSTRUCTED,,AVAIL,N,90
250614A,ND,3,7,35,29,B,39.00,1131.00,OBSTRUCTED,,AVAIL,N,90
250614A,ND,2,23,35,13,B,39.00,507.00,OBSTRUCTED,,AVAIL,N,90
250614A,ND,2,5,6,2,B,39.00,78.00,OBSTRUCTED,,AVAIL,N,90
250614A,ND,1,34,37,4,B,39.00,156.00,OBSTRUCTED,,AVAIL,N,90
250614A,ND,1,29,29,1,B,39.00,39.00,OBSTRUCTED,,AVAIL,N,90
250614A,ND,1,26,26,1,B,39.00,39.00,OBSTRUCTED,,AVAIL,N,90
250614A,ND,22,1,37,37,C,34.00,1258.00,DRESS,,AVAIL,N,100
250614A,ND,8,21,34,14,B,39.00,546.00,OBSTRUCTED,,AVAIL,N,90
250614A,ND,10,2,35,34,B,39.00,1326.00,DIST-OPEN,,AVAIL,N,90
250614A,ND,9,6,35,30,B,39.00,1170.00,DIST-OPEN,,AVAIL,N,90
250614A,ND,17,1,37,37,C,34.00,1258.00,DIST-OPEN,,AVAIL,N,100
250614A,ND,12,1,4,4,B,39.00,156.00,DIST-OPEN,,AVAIL,N,90
250614A,ND,19,1,37,37,C,34.00,1258.00,DIST-OPEN,,AVAIL,N,100
250614A,ND,11,1,35,35,B,39.00,1365.00,DIST-OPEN,,AVAIL,N,90
250614A,ND,13,21,28,8,C,34.00,272.00,DIST-OPEN,,AVAIL,N,100
250614A,ND,18,5,33,29,C,34.00,986.00,DRESS,,AVAIL,N,100
250614A,ND,13,5,14,10,C,34.00,340.00,DIST-OPEN,,AVAIL,N,100
250614A,ND,12,5,37,33,B,39.00,1287.00,DRESS,,AVAIL,N,90
250614A,ND,23,1,37,37,C,34.00,1258.00,DRESS,,AVAIL,N,100
250614A,ND,15,26,37,12,C,34.00,408.00,DIST-OPEN,,AVAIL,N,100
250614A,ND,14,14,35,22,C,34.00,748.00,DIST-OPEN,,AVAIL,N,100
250614A,ND,16,1,4,4,C,34.00,136.00,DIST-OPEN,,AVAIL,N,100
250614A,ND,24,1,37,37,C,34.00,1258.00,DRESS,,AVAIL,N,100
250614A,ND,21,1,37,37,C,34.00,1258.00,DRESS,,AVAIL,N,100
250614A,ND,4,5,12,8,B,39.00,312.00,SEAN HOLD,,AVAIL,N,90
250614A,ND,18,34,37,4,C,34.00,136.00,DIST-OPEN,,AVAIL,N,100
250614A,ND,7,32,35,4,B,39.00,156.00,OBSTRUCTED,,AVAIL,N,90
250614A,ND,16,14,35,22,C,34.00,748.00,DRESS,,AVAIL,N,100
250614A,ND,15,11,23,13,C,34.00,442.00,DIST-OPEN,,AVAIL,N,100
250614A,ND,25,3,37,35,C,34.00,1190.00,DRESS,,AVAIL,N,100
250614A,ND,6,1,6,6,B,39.00,234.00,OBSTRUCTED,,AVAIL,N,90
250614A,NE,5,1,26,26,B,39.00,1014.00,DRESS,,AVAIL,N,110
250614A,NE,17,1,36,36,C,34.00,1224.00,DIST-OPEN,,AVAIL,N,120
250614A,NE,2,13,14,2,B,39.00,78.00,DIST-OPEN,,AVAIL,N,110
250614A,NE,25,18,33,16,C,34.00,544.00,DIST-OPEN,,AVAIL,N,120
250614A,NE,21,1,36,36,C,34.00,1224.00,DRESS,,AVAIL,N,120
250614A,NE,22,1,36,36,C,34.00,1224.00,DRESS,,AVAIL,N,120
250614A,NE,6,27,32,6,B,39.00,234.00,DRESS,,AVAIL,N,110
250614A,NE,8,5,15,11,B,39.00,429.00,DRESS,,AVAIL,N,110
250614A,NE,12,11,36,26,B,39.00,1014.00,DRESS,,AVAIL,N,110
250614A,NE,9,29,36,8,B,39.00,312.00,DIST-OPEN,,AVAIL,N,110
250614A,NE,8,16,36,21,B,39.00,819.00,DIST-OPEN,,AVAIL,N,110
250614A,NE,15,3,10,8,C,34.00,272.00,DIST-OPEN,,AVAIL,N,120
250614A,NE,11,3,36,34,B,39.00,1326.00,DIST-OPEN,,AVAIL,N,110
250614A,NE,24,1,36,36,C,34.00,1224.00,DRESS,,AVAIL,N,120
250614A,NE,20,1,36,36,C,34.00,1224.00,DRESS,,AVAIL,N,120
250614A,NE,16,6,36,31,C,34.00,1054.00,DRESS,,AVAIL,N,120
250614A,NE,23,1,36,36,C,34.00,1224.00,DRESS,,AVAIL,N,120
250614A,NE,9,21,28,8,B,39.00,312.00,DRESS,,AVAIL,N,110
250614A,NE,14,4,23,20,C,34.00,680.00,DRESS,,AVAIL,N,120
250614A,NE,10,9,32,24,B,39.00,936.00,DRESS,,AVAIL,N,110
250614A,NE,10,1,8,8,B,39.00,312.00,DIST-OPEN,,AVAIL,N,110
250614A,NE,7,18,36,19,B,39.00,741.00,DRESS,,AVAIL,N,110
250614A,NE,6,11,26,16,B,39.00,624.00,DIST-OPEN,,AVAIL,N,110
250614A,NE,6,33,34,2,B,39.00,78.00,DIST-OPEN,,AVAIL,N,110
250614A,NE,3,27,36,10,B,39.00,390.00,DRESS,,AVAIL,N,110
250614A,NE,4,5,34,30,B,39.00,1170.00,DIST-OPEN,,AVAIL,N,110
250614A,NE,10,33,36,4,B,39.00,156.00,DIST-OPEN,,AVAIL,N,110
250614A,NE,8,1,4,4,B,39.00,156.00,DIST-OPEN,,AVAIL,N,110
250614A,NE,13,3,36,34,C,34.00,1156.00,DIST-OPEN,,AVAIL,N,120
250614A,NE,7,1,17,17,B,39.00,663.00,DIST-OPEN,,AVAIL,N,110
250614A,NE,3,26,26,1,B,39.00,39.00,DIST-OPEN,,AVAIL,N,110
250614A,NE,1,27,28,2,B,39.00,78.00,DIST-OPEN,,AVAIL,N,110
250614A,NE,9,3,20,18,B,39.00,702.00,DIST-OPEN,,AVAIL,N,110
250614A,NE,5,27,36,10,B,39.00,390.00,DIST-OPEN,,AVAIL,N,110
250614A,NE,18,1,36,36,C,34.00,1224.00,DRESS,,AVAIL,N,120
250614A,NE,25,7,13,7,C,34.00,238.00,DIST-OPEN,,AVAIL,N,120
250614A,NE,15,17,36,20,C,34.00,680.00,DIST-OPEN,,AVAIL,N,120
250614A,NE,14,24,36,13,C,34.00,442.00,DIST-OPEN,,AVAIL,N,120
250614A,NE,19,1,36,36,C,34.00,1224.00,DRESS,,AVAIL,N,120
250614A,NE,6,4,4,1,B,39.00,39.00,DIST-OPEN,,AVAIL,N,110
250614A,NE,2,35,36,2,B,39.00,78.00,DIST-OPEN,,AVAIL,N,110
250614A,NE,12,1,10,10,B,39.00,390.00,SEAN HOLD,,AVAIL,N,110
250614A,NE,16,3,5,3,C,34.00,102.00,DIST-OPEN,,AVAIL,N,120
250614A,NF,7,14,15,2,H,26.00,52.00,DIST-OPEN,,AVAIL,N,130
250614A,NF,15,1,2,2,I,21.00,42.00,DIST-OPEN,,AVAIL,N,140
250614A,NF,10,28,37,10,D,34.00,340.00,DIST-OPEN,,AVAIL,N,130
250614A,NF,21,16,37,22,E,33.00,726.00,PLAYERS,,AVAIL,N,140
250614A,NF,25,4,4,1,I,21.00,21.00,DRESS,,AVAIL,N,140
250614A,NF,23,1,37,37,E,33.00,1221.00,DRESS,,AVAIL,N,140
250614A,NF,11,17,37,21,D,34.00,714.00,DIST-OPEN,,AVAIL,N,130
250614A,NF,9,5,14,10,D,34.00,340.00,DIST-OPEN,,AVAIL,N,130
250614A,NF,17,5,18,14,E,33.00,462.00,DIST-OPEN,,AVAIL,N,140
250614A,NF,5,19,37,19,D,34.00,646.00,DIST-OPEN,,AVAIL,N,130
250614A,NF,1,29,37,9,D,34.00,306.00,DIST-OPEN,,AVAIL,N,130
250614A,NF,3,1,37,37,D,34.00,1258.00,DIST-OPEN,,AVAIL,N,130
250614A,NF,7,7,8,2,D,34.00,68.00,DIST-OPEN,,AVAIL,N,130
250614A,NF,8,5,7,3,D,34.00,102.00,DIST-OPEN,,AVAIL,N,130
250614A,NF,6,31,37,7,D,34.00,238.00,DIST-OPEN,,AVAIL,N,130
250614A,NF,7,12,12,1,D,34.00,34.00,DIST-OPEN,,AVAIL,N,130
250614A,NF,15,30,37,8,E,33.00,264.00,DIST-OPEN,,AVAIL,N,140
250614A,NF,7,19,35,17,D,34.00,578.00,DIST-OPEN,,AVAIL,N,130
250614A,NF,1,4,18,15,D,34.00,510.00,DIST-OPEN,,AVAIL,N,130
250614A,NF,4,3,9,7,D,34.00,238.00,DIST-OPEN,,AVAIL,N,130
250614A,NF,5,1,13,13,D,34.00,442.00,DIST-OPEN,,AVAIL,N,130
250614A,NF,7,5,5,1,D,34.00,34.00,DIST-OPEN,,AVAIL,N,130
250614A,NF,13,15,16,2,E,33.00,66.00,DRESS,,AVAIL,N,140
250614A,NF,6,1,30,30,D,34.00,1020.00,DRESS,,AVAIL,N,130
250614A,NF,4,29,37,9,D,34.00,306.00,DIST-OPEN,,AVAIL,N,130
250614A,NF,13,1,1,1,E,33.00,33.00,DRESS,,AVAIL,N,140
250614A,NF,11,3,16,14,D,34.00,476.00,DRESS,,AVAIL,N,130
250614A,NF,2,31,37,7,D,34.00,238.00,DIST-OPEN,,AVAIL,N,130
250614A,NF,2,3,11,9,D,34.00,306.00,DRESS,,AVAIL,N,130
250614A,NF,2,12,21,10,D,34.00,340.00,DIST-OPEN,,AVAIL,N,130
250614A,NF,7,3,4,2,H,26.00,52.00,DIST-OPEN,,AVAIL,N,130
250614A,NF,7,6,6,1,H,26.00,26.00,DIST-OPEN,,AVAIL,N,130
250614A,NF,17,19,29,11,E,33.00,363.00,DRESS,,AVAIL,N,140
250614A,NF,15,19,29,11,E,33.00,363.00,DRESS,,AVAIL,N,140
250614A,NF,13,9,12,4,E,33.00,132.00,DRESS,,AVAIL,N,140
250614A,NF,15,9,18,10,E,33.00,330.00,DIST-OPEN,,AVAIL,N,140
250614A,NF,25,18,20,3,I,21.00,63.00,DRESS,,AVAIL,N,140
250614A,NF,7,36,37,2,H,26.00,52.00,DIST-OPEN,,AVAIL,N,130
250614A,NF,25,21,37,17,E,33.00,561.00,DRESS,,AVAIL,N,140
250614A,NF,25,6,17,12,E,33.00,396.00,DRESS,,AVAIL,N,140
250614A,NF,24,19,20,2,I,21.00,42.00,DRESS,,AVAIL,N,140
250614A,NF,25,1,3,3,E,33.00,99.00,DRESS,,AVAIL,N,140
250614A,NF,24,21,37,17,E,33.00,561.00,DRESS,,AVAIL,N,140
250614A,NF,24,3,18,16,E,33.00,528.00,DRESS,,AVAIL,N,140
250614A,NF,19,5,37,33,E,33.00,1089.00,DIST-OPEN,,AVAIL,N,140
250614A,NF,9,19,37,19,D,34.00,646.00,DIST-OPEN,,AVAIL,N,130
250614A,NF,13,23,37,15,E,33.00,495.00,DIST-OPEN,,AVAIL,N,140
250614A,NF,17,30,37,8,E,33.00,264.00,DIST-OPEN,,AVAIL,N,140
250614A,NF,2,1,2,2,D,34.00,68.00,DIST-OPEN,,AVAIL,N,130
250614A,NF,22,1,15,15,E,33.00,495.00,PLAYERS,,AVAIL,N,140
250614A,NF,11,1,2,2,H,26.00,52.00,DRESS,,AVAIL,N,130
250614A,NF,1,21,28,8,D,34.00,272.00,SEAN HOLD,,AVAIL,N,130
250614A,NF,9,17,18,2,H,26.00,52.00,DIST-OPEN,,AVAIL,N,130
250614A,NF,24,1,2,2,I,21.00,42.00,DRESS,,AVAIL,N,140
250614A,NF,4,10,28,19,D,34.00,646.00,DRESS,,AVAIL,N,130
250614A,NF,8,8,35,28,D,34.00,952.00,DRESS,,AVAIL,N,130
250614A,NF,22,18,37,20,E,33.00,660.00,PLAYERS,,AVAIL,N,140
250614A,NF,2,22,30,9,D,34.00,306.00,DRESS,,AVAIL,N,130
250614A,NG,1,37,37,1,F,26.00,26.00,DIST-OPEN,,AVAIL,N,150
250614A,NG,19,1,37,37,F,26.00,962.00,DRESS,,AVAIL,N,160
250614A,NG,8,21,37,17,F,26.00,442.00,DRESS,,AVAIL,N,150
250614A,NG,11,3,37,35,F,26.00,910.00,DIST-OPEN,,AVAIL,N,150
250614A,NG,17,4,19,16,F,26.00,416.00,DIST-OPEN,,AVAIL,N,160
250614A,NG,9,1,10,10,F,26.00,260.00,DIST-OPEN,,AVAIL,N,150
250614A,NG,7,17,37,21,F,26.00,546.00,DIST-OPEN,,AVAIL,N,150
250614A,NG,22,16,37,22,F,26.00,572.00,DRESS,,AVAIL,N,160
250614A,NG,14,1,6,6,F,26.00,156.00,DRESS,,AVAIL,N,160
250614A,NG,5,19,36,18,F,26.00,468.00,DIST-OPEN,,AVAIL,N,150
250614A,NG,6,1,18,18,F,26.00,468.00,DRESS,,AVAIL,N,150
250614A,NG,4,21,37,17,F,26.00,442.00,DRESS,,AVAIL,N,150
250614A,NG,9,11,11,1,F,26.00,26.00,DRESS,,AVAIL,N,150
250614A,NG,9,12,18,7,F,26.00,182.00,DIST-OPEN,,AVAIL,N,150
250614A,NG,2,37,37,1,F,26.00,26.00,DIST-OPEN,,AVAIL,N,150
250614A,NG,15,2,36,35,F,26.00,910.00,DIST-OPEN,,AVAIL,N,160
250614A,NG,6,19,31,13,F,26.00,338.00,DIST-OPEN,,AVAIL,N,150
250614A,NG,25,32,37,6,F,26.00,156.00,DRESS,,AVAIL,N,160
250614A,NG,23,7,37,31,F,26.00,806.00,DRESS,,AVAIL,N,160
250614A,NG,21,1,37,37,F,26.00,962.00,DRESS,,AVAIL,N,160
250614A,NG,6,33,37,5,F,26.00,130.00,DIST-OPEN,,AVAIL,N,150
250614A,NG,9,22,37,16,F,26.00,416.00,DIST-OPEN,,AVAIL,N,150
250614A,NG,13,1,6,6,F,26.00,156.00,DIST-OPEN,,AVAIL,N,160
250614A,NG,18,3,37,35,F,26.00,910.00,DRESS,,AVAIL,N,160
250614A,NG,20,1,37,37,F,26.00,962.00,DRESS,,AVAIL,N,160
250614A,NG,12,13,37,25,F,26.00,650.00,DRESS,,AVAIL,N,150
250614A,NG,16,1,37,37,F,26.00,962.00,DRESS,,AVAIL,N,160
250614A,NG,14,8,37,30,F,26.00,780.00,DRESS,,AVAIL,N,160
250614A,NG,13,22,37,16,F,26.00,416.00,DIST-OPEN,,AVAIL,N,160
250614A,NG,13,10,15,6,F,26.00,156.00,DIST-OPEN,,AVAIL,N,160
250614A,NG,8,1,2,2,F,26.00,52.00,SEAN HOLD,,AVAIL,N,150
250614A,NG,7,1,2,2,F,26.00,52.00,DIST-OPEN,,AVAIL,N,150
250614A,NG,8,12,20,9,F,26.00,234.00,DIST-OPEN,,AVAIL,N,150
250614A,SA,19,1,36,36,E,33.00,1188.00,KILL SOUTH,,AVAIL,Y,180
250614A,SA,8,1,14,14,D,34.00,476.00,KILL SOUTH,,AVAIL,Y,170
250614A,SA,10,1,14,14,D,34.00,476.00,KILL SOUTH,,AVAIL,Y,170
250614A,SA,6,22,36,15,D,34.00,510.00,KILL SOUTH,,AVAIL,Y,170
250614A,SA,4,1,14,14,D,34.00,476.00,KILL SOUTH,,AVAIL,Y,170
250614A,SA,12,1,36,36,E,33.00,1188.00,KILL SOUTH,,AVAIL,Y,180
250614A,SA,16,1,36,36,E,33.00,1188.00,KILL SOUTH,,AVAIL,Y,180
250614A,SA,11,1,36,36,D,34.00,1224.00,KILL SOUTH,,AVAIL,Y,170
250614A,SA,20,1,36,36,E,33.00,1188.00,KILL SOUTH,,AVAIL,Y,180
250614A,SA,15,1,36,36,E,33.00,1188.00,KILL SOUTH,,AVAIL,Y,180
250614A,SA,9,1,36,36,D,34.00,1224.00,KILL SOUTH,,AVAIL,Y,170
250614A,SA,13,1,36,36,E,33.00,1188.00,KILL SOUTH,,AVAIL,Y,180
250614A,SA,7,1,14,14,D,34.00,476.00,KILL SOUTH,,AVAIL,Y,170
250614A,SA,7,22,36,15,D,34.00,510.00,KILL SOUTH,,AVAIL,Y,170
250614A,SA,10,22,36,15,D,34.00,510.00,KILL SOUTH,,AVAIL,Y,170
250614A,SA,8,22,36,15,D,34.00,510.00,KILL SOUTH,,AVAIL,Y,170
250614A,SA,6,1,14,14,D,34.00,476.00,KILL SOUTH,,AVAIL,Y,170
250614A,SA,5,1,14,14,D,34.00,476.00,KILL SOUTH,,AVAIL,Y,170
250614A,SA,14,1,36,36,E,33.00,1188.00,KILL SOUTH,,AVAIL,Y,180
250614A,SA,4,22,36,15,D,34.00,510.00,KILL SOUTH,,AVAIL,Y,170
250614A,SA,21,1,36,36,E,33.00,1188.00,KILL SOUTH,,AVAIL,Y,180
250614A,SA,5,22,36,15,D,34.00,510.00,KILL SOUTH,,AVAIL,Y,170
250614A,SA,22,1,36,36,E,33.00,1188.00,KILL SOUTH,,AVAIL,Y,180
250614A,SA,18,1,36,36,E,33.00,1188.00,KILL SOUTH,,AVAIL,Y,180
250614A,SA,17,1,36,36,E,33.00,1188.00,KILL SOUTH,,AVAIL,Y,180
250614A,SB,22,1,37,37,E,33.00,1221.00,KILL SOUTH,,AVAIL,Y,200
250614A,SB,20,1,37,37,E,33.00,1221.00,KILL SOUTH,,AVAIL,Y,200
250614A,SB,11,1,37,37,D,34.00,1258.00,KILL SOUTH,,AVAIL,Y,190
250614A,SB,19,1,37,37,E,33.00,1221.00,KILL SOUTH,,AVAIL,Y,200
250614A,SB,21,1,37,37,E,33.00,1221.00,KILL SOUTH,,AVAIL,Y,200
250614A,SB,17,3,37,35,E,33.00,1155.00,KILL SOUTH,,AVAIL,Y,200
250614A,SB,10,3,37,35,D,34.00,1190.00,KILL SOUTH,,AVAIL,Y,190
250614A,SB,18,1,37,37,E,33.00,1221.00,KILL SOUTH,,AVAIL,Y,200
250614A,SC,22,26,35,10,C,34.00,340.00,KILL SOUTH,,AVAIL,Y,230
250614A,SC,6,25,37,13,B,39.00,507.00,KILL SOUTH,,AVAIL,Y,220
250614A,SC,11,11,37,27,B,39.00,1053.00,KILL SOUTH,,AVAIL,Y,220
250614A,SC,5,25,37,13,B,39.00,507.00,KILL SOUTH,,AVAIL,Y,220
250614A,SC,8,25,37,13,B,39.00,507.00,KILL SOUTH,,AVAIL,Y,220
250614A,SC,8,11,13,3,B,39.00,117.00,KILL SOUTH,,AVAIL,Y,220
250614A,SC,21,1,12,12,C,34.00,408.00,KILL SOUTH,,AVAIL,Y,230
250614A,SC,6,11,13,3,B,39.00,117.00,KILL SOUTH,,AVAIL,Y,220
250614A,SC,ADA,1,12,12,B,39.00,468.00,DOQ-WHEELCHAIR,WCACC,AVAIL,N,210
250614A,SC,14,1,1,1,C,34.00,34.00,KILL SOUTH,,AVAIL,Y,230
250614A,SC,10,11,13,3,B,39.00,117.00,KILL SOUTH,,AVAIL,Y,220
250614A,SC,12,1,2,2,C,34.00,68.00,KILL SOUTH,,AVAIL,Y,230
250614A,SC,10,25,37,13,B,39.00,507.00,KILL SOUTH,,AVAIL,Y,220
250614A,SC,5,11,13,3,B,39.00,117.00,KILL SOUTH,,AVAIL,Y,220
250614A,SC,21,26,37,12,C,34.00,408.00,KILL SOUTH,,AVAIL,Y,230
250614A,SC,9,11,13,3,B,39.00,117.00,KILL SOUTH,,AVAIL,Y,220
250614A,SC,4,11,13,3,B,39.00,117.00,KILL SOUTH,,AVAIL,Y,220
250614A,SC,7,11,13,3,B,39.00,117.00,KILL SOUTH,,AVAIL,Y,220
250614A,SC,22,3,10,8,C,34.00,272.00,KILL SOUTH,,AVAIL,Y,230
250614A,SC,4,25,35,11,B,39.00,429.00,KILL SOUTH,,AVAIL,Y,220
250614A,SC,9,25,37,13,B,39.00,507.00,KILL SOUTH,,AVAIL,Y,220
250614A,SC,20,1,37,37,C,34.00,1258.00,KILL SOUTH,,AVAIL,Y,230
250614A,SC,7,25,37,13,B,39.00,507.00,KILL SOUTH,,AVAIL,Y,220
250614A,SD,4,9,19,11,B,39.00,429.00,KILL SOUTH,,AVAIL,Y,240
250614A,SD,7,1,14,14,B,39.00,546.00,KILL SOUTH,,AVAIL,Y,240
250614A,SD,19,1,14,14,C,34.00,476.00,KILL SOUTH,,AVAIL,Y,250
250614A,SD,4,32,35,4,B,39.00,156.00,KILL SOUTH,,AVAIL,Y,240
250614A,SD,4,22,30,9,B,39.00,351.00,KILL SOUTH,,AVAIL,Y,240
250614A,SD,5,1,14,14,B,39.00,546.00,KILL SOUTH,,AVAIL,Y,240
250614A,SD,6,1,14,14,B,39.00,546.00,KILL SOUTH,,AVAIL,Y,240
250614A,SD,12,1,14,14,C,34.00,476.00,KILL SOUTH,,AVAIL,Y,250
250614A,SD,17,34,35,2,C,34.00,68.00,KILL SOUTH,,AVAIL,Y,250
250614A,SD,16,1,4,4,C,34.00,136.00,KILL SOUTH,,AVAIL,Y,250
250614A,SD,18,34,37,4,C,34.00,136.00,KILL SOUTH,,AVAIL,Y,250
250614A,SD,8,3,14,12,B,39.00,468.00,KILL SOUTH,,AVAIL,Y,240
250614A,SD,14,1,14,14,C,34.00,476.00,KILL SOUTH,,AVAIL,Y,250
250614A,SD,13,1,14,14,C,34.00,476.00,KILL SOUTH,,AVAIL,Y,250
250614A,SD,16,36,37,2,C,34.00,68.00,KILL SOUTH,,AVAIL,Y,250
250614A,SD,18,1,14,14,C,34.00,476.00,KILL SOUTH,,AVAIL,Y,250
250614A,SD,22,1,34,34,C,34.00,1156.00,KILL SOUTH,,AVAIL,Y,250
250614A,SD,20,1,34,34,C,34.00,1156.00,KILL SOUTH,,AVAIL,Y,250
250614A,SD,17,1,14,14,C,34.00,476.00,KILL SOUTH,,AVAIL,Y,250
250614A,SD,21,1,34,34,C,34.00,1156.00,KILL SOUTH,,AVAIL,Y,250
250614A,SD,9,1,14,14,B,39.00,546.00,KILL SOUTH,,AVAIL,Y,240
250614A,SD,15,1,14,14,C,34.00,476.00,KILL SOUTH,,AVAIL,Y,250
250614A,SD,11,1,14,14,B,39.00,546.00,KILL SOUTH,,AVAIL,Y,240
250614A,SD,10,1,14,14,B,39.00,546.00,KILL SOUTH,,AVAIL,Y,240
250614A,SD,5,35,37,3,B,39.00,117.00,KILL SOUTH,,AVAIL,Y,240
250614A,SD,13,34,37,4,C,34.00,136.00,KILL SOUTH,,AVAIL,Y,250
250614A,SD,15,34,37,4,C,34.00,136.00,KILL SOUTH,,AVAIL,Y,250
250614A,SD,4,1,2,2,B,39.00,78.00,KILL SOUTH,,AVAIL,Y,240
250614A,SE,19,1,36,36,C,34.00,1224.00,KILL SOUTH,,AVAIL,Y,270
250614A,SE,22,25,40,16,C,34.00,544.00,KILL SOUTH,,AVAIL,Y,270
250614A,SE,6,22,36,15,B,39.00,585.00,KILL SOUTH,,AVAIL,Y,260
250614A,SE,9,22,36,15,B,39.00,585.00,KILL SOUTH,,AVAIL,Y,260
250614A,SE,20,1,36,36,C,34.00,1224.00,KILL SOUTH,,AVAIL,Y,270
250614A,SE,16,1,36,36,C,34.00,1224.00,KILL SOUTH,,AVAIL,Y,270
250614A,SE,7,1,13,13,B,39.00,507.00,KILL SOUTH,,AVAIL,Y,260
250614A,SE,15,1,36,36,C,34.00,1224.00,KILL SOUTH,,AVAIL,Y,270
250614A,SE,9,1,13,13,B,39.00,507.00,KILL SOUTH,,AVAIL,Y,260
250614A,SE,22,1,23,23,C,34.00,782.00,KILL SOUTH,,AVAIL,Y,270
250614A,SE,7,22,36,15,B,39.00,585.00,KILL SOUTH,,AVAIL,Y,260
250614A,SE,4,3,13,11,B,39.00,429.00,KILL SOUTH,,AVAIL,Y,260
250614A,SE,5,22,36,15,B,39.00,585.00,KILL SOUTH,,AVAIL,Y,260
250614A,SE,21,1,36,36,C,34.00,1224.00,KILL SOUTH,,AVAIL,Y,270
250614A,SE,8,22,36,15,B,39.00,585.00,KILL SOUTH,,AVAIL,Y,260
250614A,SE,13,1,36,36,C,34.00,1224.00,KILL SOUTH,,AVAIL,Y,270
250614A,SE,14,1,36,36,C,34.00,1224.00,KILL SOUTH,,AVAIL,Y,270
250614A,SE,11,1,36,36,B,39.00,1404.00,KILL SOUTH,,AVAIL,Y,260
250614A,SE,8,1,13,13,B,39.00,507.00,KILL SOUTH,,AVAIL,Y,260
250614A,SE,10,1,13,13,B,39.00,507.00,KILL SOUTH,,AVAIL,Y,260
250614A,SE,5,1,13,13,B,39.00,507.00,KILL SOUTH,,AVAIL,Y,260
250614A,SE,17,1,36,36,C,34.00,1224.00,KILL SOUTH,,AVAIL,Y,270
250614A,SE,6,1,13,13,B,39.00,507.00,KILL SOUTH,,AVAIL,Y,260
250614A,SE,4,22,31,10,B,39.00,390.00,KILL SOUTH,,AVAIL,Y,260
250614A,SE,18,1,36,36,C,34.00,1224.00,KILL SOUTH,,AVAIL,Y,270
250614A,SE,10,22,36,15,B,39.00,585.00,KILL SOUTH,,AVAIL,Y,260
250614A,SE,12,1,36,36,C,34.00,1224.00,KILL SOUTH,,AVAIL,Y,270
250614A,SF,20,21,39,19,E,33.00,627.00,KILL SOUTH,,AVAIL,Y,290
250614A,SF,6,36,39,4,D,34.00,136.00,KILL SOUTH,,AVAIL,Y,280
250614A,SF,24,21,39,19,E,33.00,627.00,KILL SOUTH,,AVAIL,Y,300
250614A,SF,17,1,18,18,E,33.00,594.00,KILL SOUTH,,AVAIL,Y,290
250614A,SF,21,1,18,18,E,33.00,594.00,KILL SOUTH,,AVAIL,Y,290
250614A,SF,19,1,18,18,E,33.00,594.00,KILL SOUTH,,AVAIL,Y,290
250614A,SF,15,1,18,18,E,33.00,594.00,KILL SOUTH,,AVAIL,Y,290
250614A,SF,14,1,18,18,E,33.00,594.00,KILL SOUTH,,AVAIL,Y,290
250614A,SF,7,1,15,15,D,34.00,510.00,KILL SOUTH,,AVAIL,Y,280
250614A,SF,14,21,39,19,E,33.00,627.00,KILL SOUTH,,AVAIL,Y,290
250614A,SF,1,17,18,2,D,34.00,68.00,KILL SOUTH,,AVAIL,Y,280
250614A,SF,9,38,39,2,E,33.00,66.00,KILL SOUTH,,AVAIL,Y,290
250614A,SF,21,21,39,19,E,33.00,627.00,KILL SOUTH,,AVAIL,Y,290
250614A,SF,11,38,39,2,E,33.00,66.00,KILL SOUTH,,AVAIL,Y,290
250614A,SF,6,21,26,6,D,34.00,204.00,KILL SOUTH,,AVAIL,Y,280
250614A,SF,13,21,39,19,E,33.00,627.00,KILL SOUTH,,AVAIL,Y,290
250614A,SF,18,21,39,19,E,33.00,627.00,KILL SOUTH,,AVAIL,Y,290
250614A,SF,15,21,39,19,E,33.00,627.00,KILL SOUTH,,AVAIL,Y,290
250614A,SF,8,36,39,4,D,34.00,136.00,KILL SOUTH,,AVAIL,Y,280
250614A,SF,7,36,39,4,D,34.00,136.00,KILL SOUTH,,AVAIL,Y,280
250614A,SF,22,1,18,18,E,33.00,594.00,KILL SOUTH,,AVAIL,Y,300
250614A,SF,23,1,18,18,E,33.00,594.00,KILL SOUTH,,AVAIL,Y,300
250614A,SF,20,1,18,18,E,33.00,594.00,KILL SOUTH,,AVAIL,Y,290
250614A,SF,6,1,15,15,D,34.00,510.00,KILL SOUTH,,AVAIL,Y,280
250614A,SF,24,1,18,18,E,33.00,594.00,KILL SOUTH,,AVAIL,Y,300
250614A,SF,12,1,18,18,E,33.00,594.00,KILL SOUTH,,AVAIL,Y,290
250614A,SF,13,1,18,18,E,33.00,594.00,KILL SOUTH,,AVAIL,Y,290
250614A,SF,8,1,15,15,D,34.00,510.00,KILL SOUTH,,AVAIL,Y,280
250614A,SF,7,16,18,3,D,34.00,102.00,KILL,,AVAIL,Y,280
250614A,SF,6,16,18,3,D,34.00,102.00,KILL,,AVAIL,Y,280
250614A,SF,25,21,39,19,E,33.00,627.00,KILL SOUTH,,AVAIL,Y,300
250614A,SF,17,21,39,19,E,33.00,627.00,KILL SOUTH,,AVAIL,Y,290
250614A,SF,12,21,39,19,E,33.00,627.00,KILL SOUTH,,AVAIL,Y,290
250614A,SF,16,21,39,19,E,33.00,627.00,KILL SOUTH,,AVAIL,Y,290
250614A,SF,7,21,26,6,D,34.00,204.00,KILL SOUTH,,AVAIL,Y,280
250614A,SF,19,21,39,19,E,33.00,627.00,KILL SOUTH,,AVAIL,Y,290
250614A,SF,22,21,39,19,E,33.00,627.00,KILL SOUTH,,AVAIL,Y,300
250614A,SF,16,1,18,18,E,33.00,594.00,KILL SOUTH,,AVAIL,Y,290
250614A,SF,23,21,39,19,E,33.00,627.00,KILL SOUTH,,AVAIL,Y,300
250614A,SF,25,1,18,18,E,33.00,594.00,KILL SOUTH,,AVAIL,Y,300
250614A,SF,18,1,18,18,E,33.00,594.00,KILL SOUTH,,AVAIL,Y,290
250614A,SF,8,16,18,3,D,34.00,102.00,KILL,,AVAIL,Y,280
250614A,SF,8,21,26,6,D,34.00,204.00,KILL SOUTH,,AVAIL,Y,280
250614A,SF,1,25,26,2,D,34.00,68.00,KILL SOUTH,,AVAIL,Y,280
250614A,SG,13,1,26,26,F,26.00,676.00,KILL SOUTH,,AVAIL,Y,320
250614A,SG,21,1,32,32,F,26.00,832.00,KILL SOUTH,,AVAIL,Y,320
250614A,SG,6,1,22,22,F,26.00,572.00,KILL SOUTH,,AVAIL,Y,310
250614A,SG,8,1,23,23,F,26.00,598.00,KILL SOUTH,,AVAIL,Y,310
250614A,SG,12,1,26,26,F,26.00,676.00,KILL SOUTH,,AVAIL,Y,310
250614A,SG,25,1,35,35,F,26.00,910.00,KILL SOUTH,,AVAIL,Y,320
250614A,SG,17,1,29,29,F,26.00,754.00,KILL SOUTH,,AVAIL,Y,320
250614A,SG,1,16,16,1,F,26.00,26.00,KILL SOUTH,,AVAIL,Y,310
250614A,SG,10,1,24,24,F,26.00,624.00,KILL SOUTH,,AVAIL,Y,310
250614A,SG,18,6,30,25,F,26.00,650.00,KILL SOUTH,,AVAIL,Y,320
250614A,SG,20,1,31,31,F,26.00,806.00,KILL SOUTH,,AVAIL,Y,320
250614A,SG,14,1,27,27,F,26.00,702.00,KILL SOUTH,,AVAIL,Y,320
250614A,SG,24,1,34,34,F,26.00,884.00,KILL SOUTH,,AVAIL,Y,320
250614A,SG,15,1,28,28,F,26.00,728.00,KILL SOUTH,,AVAIL,Y,320
250614A,SG,23,1,33,33,F,26.00,858.00,KILL SOUTH,,AVAIL,Y,320
250614A,SG,18,1,4,4,F,26.00,104.00,KILL SOUTH,,AVAIL,Y,320
250614A,SG,7,1,22,22,F,26.00,572.00,KILL SOUTH,,AVAIL,Y,310
250614A,SG,9,1,24,24,F,26.00,624.00,KILL SOUTH,,AVAIL,Y,310
250614A,SG,16,1,29,29,F,26.00,754.00,KILL SOUTH,,AVAIL,Y,320
250614A,SG,11,1,25,25,F,26.00,650.00,KILL SOUTH,,AVAIL,Y,310
250614A,SG,22,1,33,33,F,26.00,858.00,KILL SOUTH,,AVAIL,Y,320
250614A,SG,19,1,31,31,F,26.00,806.00,KILL SOUTH,,AVAIL,Y,320
250614A,SH,16,1,18,18,F,26.00,468.00,KILL SOUTH,,AVAIL,Y,340
250614A,SH,8,1,18,18,F,26.00,468.00,KILL SOUTH,,AVAIL,Y,330
250614A,SH,11,1,18,18,F,26.00,468.00,KILL SOUTH,,AVAIL,Y,330
250614A,SH,6,1,18,18,F,26.00,468.00,KILL SOUTH,,AVAIL,Y,330
250614A,SH,18,1,18,18,F,26.00,468.00,KILL SOUTH,,AVAIL,Y,340
250614A,SH,19,1,18,18,F,26.00,468.00,KILL SOUTH,,AVAIL,Y,340
250614A,SH,9,1,18,18,F,26.00,468.00,KILL SOUTH,,AVAIL,Y,330
250614A,SH,20,1,18,18,F,26.00,468.00,KILL SOUTH,,AVAIL,Y,340
250614A,SH,25,1,18,18,F,26.00,468.00,KILL SOUTH,,AVAIL,Y,340
250614A,SH,15,1,18,18,F,26.00,468.00,KILL SOUTH,,AVAIL,Y,340
250614A,SH,17,1,18,18,F,26.00,468.00,KILL SOUTH,,AVAIL,Y,340
250614A,SH,10,1,18,18,F,26.00,468.00,KILL SOUTH,,AVAIL,Y,330
250614A,SH,24,1,18,18,F,26.00,468.00,KILL SOUTH,,AVAIL,Y,340
250614A,SH,12,1,18,18,F,26.00,468.00,KILL SOUTH,,AVAIL,Y,330
250614A,SH,14,1,18,18,F,26.00,468.00,KILL SOUTH,,AVAIL,Y,340
250614A,SH,7,1,18,18,F,26.00,468.00,KILL SOUTH,,AVAIL,Y,330
250614A,SH,13,1,18,18,F,26.00,468.00,KILL SOUTH,,AVAIL,Y,340
250614A,SH,21,1,18,18,F,26.00,468.00,KILL SOUTH,,AVAIL,Y,340
250614A,SH,1,17,18,2,F,26.00,52.00,KILL SOUTH,,AVAIL,Y,330
250614A,SH,22,1,18,18,F,26.00,468.00,KILL SOUTH,,AVAIL,Y,340
250614A,SH,1,1,2,2,F,26.00,52.00,KILL SOUTH,,AVAIL,Y,330
250614A,SH,23,1,18,18,F,26.00,468.00,KILL SOUTH,,AVAIL,Y,340
250614A,STE2,GA0,1,25,25,J,80.00,2000.00,SUITES,,AVAIL,N,100
250614A,STE2,GA0,26,27,2,J,80.00,160.00,SUITE KILL,,AVAIL,Y,100
250614A,STE3,GA0,1,25,25,J,80.00,2000.00,SUITES,,AVAIL,N,100
250614A,STE4,GA0,1,25,25,J,80.00,2000.00,SUITES,,AVAIL,N,100
250614A,STE5,GA0,1,25,25,J,80.00,2000.00,SUITES,,AVAIL,N,100
250614A,TSL,GA0,25,40,16,G,115.00,1840.00,DIST-OPEN,,AVAIL,N,350
250614A,TSL,GA0,43,50,8,G,115.00,920.00,DIST-OPEN,,AVAIL,N,350
250614A,TSL,GA0,13,22,10,G,115.00,1150.00,DIST-OPEN,,AVAIL,N,350
250614AF,GA1,GA0,1,3,3,A,0,0,DIST-OPEN,,AVAIL,N,10
250614AF,GA1,GA0,8,25,18,A,0,0,DIST-OPEN,,AVAIL,N,10
250614AG,GA1,GA0,1,50,50,A,0,0,OPEN,,AVAIL,N,10
250614AH,GA1,GA0,1,4,4,A,0,0,DIST-OPEN,,AVAIL,N,10
250614AM,GA1,GA0,10,10,1,A,50.00,50.00,DIST-OPEN,,AVAIL,N,10
250614AM,GA1,GA0,12,25,14,A,50.00,700.00,DIST-OPEN,,AVAIL,N,10
250614E,FLD1,A,27,30,4,A,173.00,692.00,BIZDEV,,AVAIL,N,10
250614E,FLD1,B,1,30,30,A,173.00,5190.00,KILL,,AVAIL,Y,360
250614E,FLD2,B,1,30,30,A,173.00,5190.00,KILL,,AVAIL,Y,370
250614E,INDST1,GA0,1,50,50,J,80.00,4000.00,SUITES,,AVAIL,N,100
250614E,NA,9,11,36,26,D,49.00,1274.00,DIST-OPEN,,AVAIL,N,30
250614E,NA,5,1,36,36,D,49.00,1764.00,DIST-OPEN,,AVAIL,N,30
250614E,NA,8,11,36,26,D,49.00,1274.00,DIST-OPEN,,AVAIL,N,30
250614E,NA,4,27,36,10,D,49.00,490.00,DIST-OPEN,,AVAIL,N,30
250614E,NA,21,33,36,4,E,41.00,164.00,PLAYERS,,AVAIL,N,40
250614E,NA,25,9,36,28,E,41.00,1148.00,PLAYERS,,AVAIL,N,40
250614E,NA,24,35,36,2,E,41.00,82.00,PLAYERS,,AVAIL,N,40
250614E,NA,23,31,36,6,E,41.00,246.00,PLAYERS,,AVAIL,N,40
250614E,NA,20,35,35,1,E,41.00,41.00,PLAYERS,,AVAIL,N,40
250614E,NA,1,7,10,4,D,49.00,196.00,SEAN HOLD,,AVAIL,N,30
250614E,NA,7,1,36,36,D,49.00,1764.00,DIST-OPEN,,AVAIL,N,30
250614E,NA,11,32,36,5,D,49.00,245.00,DIST-OPEN,,AVAIL,N,30
250614E,NA,1,11,11,1,D,49.00,49.00,DIST-OPEN,,AVAIL,N,30
250614E,NA,3,3,36,34,D,49.00,1666.00,DIST-OPEN,,AVAIL,N,30
250614E,NA,4,26,26,1,D,49.00,49.00,DRESS,,AVAIL,N,30
250614E,NA,2,1,36,36,D,49.00,1764.00,DIST-OPEN,,AVAIL,N,30
250614E,NA,6,1,36,36,D,49.00,1764.00,DIST-OPEN,,AVAIL,N,30
250614E,NA,1,16,36,21,D,49.00,1029.00,DIST-OPEN,,AVAIL,N,30
250614E,NA,1,2,2,1,D,49.00,49.00,SEAN HOLD,,AVAIL,N,30
250614E,NB,5,1,2,2,D,49.00,98.00,DIST-OPEN,,AVAIL,N,50
250614E,NB,4,3,8,6,D,49.00,294.00,DIST-OPEN,,AVAIL,N,50
250614E,NB,4,14,14,1,D,49.00,49.00,DIST-OPEN,,AVAIL,N,50
250614E,NB,8,34,36,3,D,49.00,147.00,DIST-OPEN,,AVAIL,N,50
250614E,NB,18,24,32,9,E,41.00,369.00,DRESS,,AVAIL,N,60
250614E,NB,20,18,33,16,E,41.00,656.00,DRESS,,AVAIL,N,60
250614E,NB,8,5,14,10,D,49.00,490.00,DIST-OPEN,,AVAIL,N,50
250614E,NB,9,5,25,21,D,49.00,1029.00,DIST-OPEN,,AVAIL,N,50
250614E,NB,2,14,14,1,D,49.00,49.00,DIST-OPEN,,AVAIL,N,50
250614E,NB,22,1,2,2,E,41.00,82.00,DRESS,,AVAIL,N,60
250614E,NB,10,7,35,29,D,49.00,1421.00,DIST-OPEN,,AVAIL,N,50
250614E,NB,8,22,25,4,D,49.00,196.00,DIST-OPEN,,AVAIL,N,50
250614E,NB,22,4,37,34,E,41.00,1394.00,DRESS,,AVAIL,N,60
250614E,NB,24,1,37,37,E,41.00,1517.00,DRESS,,AVAIL,N,60
250614E,NB,1,14,14,1,D,49.00,49.00,DIST-OPEN,,AVAIL,N,50
250614E,NB,20,1,4,4,E,41.00,164.00,DRESS,,AVAIL,N,60
250614E,NB,25,3,34,32,E,41.00,1312.00,DRESS,,AVAIL,N,60
250614E,NB,21,1,37,37,E,41.00,1517.00,DRESS,,AVAIL,N,60
250614E,NB,23,1,37,37,E,41.00,1517.00,DRESS,,AVAIL,N,60
250614E,NC,23,1,12,12,C,50.00,600.00,DRESS,,AVAIL,N,80
250614E,NC,14,1,21,21,C,50.00,1050.00,DRESS,,AVAIL,N,80
250614E,NC,1,31,32,2,B,58.00,116.00,DIST-OPEN,,AVAIL,N,70
250614E,NC,3,6,6,1,B,58.00,58.00,DIST-OPEN,,AVAIL,N,70
250614E,NC,16,1,22,22,C,50.00,1100.00,DRESS,,AVAIL,N,80
250614E,NC,5,5,13,9,B,58.00,522.00,DIST-OPEN,,AVAIL,N,70
250614E,NC,3,13,13,1,B,58.00,58.00,DIST-OPEN,,AVAIL,N,70
250614E,NC,12,1,37,37,B,58.00,2146.00,DRESS,,AVAIL,N,70
250614E,NC,19,2,24,23,C,50.00,1150.00,DIST-OPEN,,AVAIL,N,80
250614E,NC,3,25,34,10,B,58.00,580.00,DIST-OPEN,,AVAIL,N,70
250614E,NC,17,1,22,22,C,50.00,1100.00,DIST-OPEN,,AVAIL,N,80
250614E,NC,15,1,24,24,C,50.00,1200.00,DIST-OPEN,,AVAIL,N,80
250614E,NC,11,1,37,37,B,58.00,2146.00,DIST-OPEN,,AVAIL,N,70
250614E,NC,4,1,13,13,B,58.00,754.00,DRESS,,AVAIL,N,70
250614E,NC,21,1,25,25,C,50.00,1250.00,DRESS,,AVAIL,N,80
250614E,NC,7,1,13,13,B,58.00,754.00,DIST-OPEN,,AVAIL,N,70
250614E,NC,7,25,33,9,B,58.00,522.00,DIST-OPEN,,AVAIL,N,70
250614E,NC,9,1,37,37,B,58.00,2146.00,DIST-OPEN,,AVAIL,N,70
250614E,NC,13,14,16,3,C,50.00,150.00,DIST-OPEN,,AVAIL,N,80
250614E,NC,25,1,9,9,C,50.00,450.00,DRESS,,AVAIL,N,80
250614E,NC,10,1,37,37,B,58.00,2146.00,DRESS,,AVAIL,N,70
250614E,NC,6,5,13,9,B,58.00,522.00,DRESS,,AVAIL,N,70
250614E,NC,13,19,23,5,C,50.00,250.00,DIST-OPEN,,AVAIL,N,80
250614E,NC,8,1,37,37,B,58.00,2146.00,DRESS,,AVAIL,N,70
250614E,NC,18,1,24,24,C,50.00,1200.00,DRESS,,AVAIL,N,80
250614E,NC,1,1,2,2,B,58.00,116.00,SEAN HOLD,,AVAIL,N,70
250614E,NC,24,1,12,12,C,50.00,600.00,DRESS,,AVAIL,N,80
250614E,NC,1,8,8,1,B,58.00,58.00,SEAN HOLD,,AVAIL,N,70
250614E,ND,18,5,33,29,C,50.00,1450.00,DIST-OPEN,,AVAIL,N,100
250614E,ND,19,16,34,19,C,50.00,950.00,DIST-OPEN,,AVAIL,N,100
250614E,ND,2,29,30,2,B,58.00,116.00,DIST-OPEN,,AVAIL,N,90
250614E,ND,4,11,12,2,B,58.00,116.00,SEAN HOLD,,AVAIL,N,90
250614E,ND,22,11,37,27,C,50.00,1350.00,DIST-OPEN,,AVAIL,N,100
250614E,ND,14,9,12,4,C,50.00,200.00,DIST-OPEN,,AVAIL,N,100
250614E,ND,17,21,32,12,C,50.00,600.00,DIST-OPEN,,AVAIL,N,100
250614E,ND,16,14,35,22,C,50.00,1100.00,DIST-OPEN,,AVAIL,N,100
250614E,ND,14,32,32,1,C,50.00,50.00,DIST-OPEN,,AVAIL,N,100
250614E,ND,12,6,37,32,B,58.00,1856.00,DIST-OPEN,,AVAIL,N,90
250614E,ND,8,21,37,17,B,58.00,986.00,OBSTRUCTED,,AVAIL,N,90
250614E,ND,6,28,37,10,B,58.00,580.00,OBSTRUCTED,,AVAIL,N,90
250614E,ND,7,1,18,18,B,58.00,1044.00,OBSTRUCTED,,AVAIL,N,90
250614E,ND,8,8,17,10,B,58.00,580.00,OBSTRUCTED,,AVAIL,N,90
250614E,ND,6,9,15,7,B,58.00,406.00,OBSTRUCTED,,AVAIL,N,90
250614E,ND,6,1,6,6,B,58.00,348.00,OBSTRUCTED,,AVAIL,N,90
250614E,ND,5,15,21,7,B,58.00,406.00,OBSTRUCTED,,AVAIL,N,90
250614E,ND,5,3,9,7,B,58.00,406.00,OBSTRUCTED,,AVAIL,N,90
250614E,ND,4,31,32,2,B,58.00,116.00,OBSTRUCTED,,AVAIL,N,90
250614E,ND,4,26,28,3,B,58.00,174.00,OBSTRUCTED,,AVAIL,N,90
250614E,ND,4,19,19,1,B,58.00,58.00,OBSTRUCTED,,AVAIL,N,90
250614E,ND,4,15,16,2,B,58.00,116.00,OBSTRUCTED,,AVAIL,N,90
250614E,ND,3,29,35,7,B,58.00,406.00,OBSTRUCTED,,AVAIL,N,90
250614E,ND,20,13,35,23,C,50.00,1150.00,DIST-OPEN,,AVAIL,N,100
250614E,ND,10,3,35,33,B,58.00,1914.00,DIST-OPEN,,AVAIL,N,90
250614E,ND,9,21,35,15,B,58.00,870.00,DIST-OPEN,,AVAIL,N,90
250614E,ND,4,13,14,2,B,58.00,116.00,DRESS,,AVAIL,N,90
250614E,ND,11,3,18,16,B,58.00,928.00,DIST-OPEN,,AVAIL,N,90
250614E,ND,8,3,4,2,B,58.00,116.00,OBSTRUCTED,,AVAIL,N,90
250614E,ND,24,1,37,37,C,50.00,1850.00,DRESS,,AVAIL,N,100
250614E,ND,11,21,33,13,B,58.00,754.00,DIST-OPEN,,AVAIL,N,90
250614E,ND,25,3,37,35,C,50.00,1750.00,DRESS,,AVAIL,N,100
250614E,ND,5,28,37,10,B,58.00,580.00,OBSTRUCTED,,AVAIL,N,90
250614E,ND,4,3,4,2,B,58.00,116.00,DIST-OPEN,,AVAIL,N,90
250614E,NE,7,21,36,16,B,58.00,928.00,DRESS,,AVAIL,N,110
250614E,NE,5,4,10,7,B,58.00,406.00,DIST-OPEN,,AVAIL,N,110
250614E,NE,3,28,30,3,B,58.00,174.00,DIST-OPEN,,AVAIL,N,110
250614E,NE,12,11,36,26,B,58.00,1508.00,DRESS,,AVAIL,N,110
250614E,NE,12,1,10,10,B,58.00,580.00,SEAN HOLD,,AVAIL,N,110
250614E,NE,15,8,25,18,C,50.00,900.00,DIST-OPEN,,AVAIL,N,120
250614E,NE,17,5,25,21,C,50.00,1050.00,DIST-OPEN,,AVAIL,N,120
250614E,NE,19,6,26,21,C,50.00,1050.00,DIST-OPEN,,AVAIL,N,120
250614E,NE,11,3,36,34,B,58.00,1972.00,DIST-OPEN,,AVAIL,N,110
250614E,NE,24,1,36,36,C,50.00,1800.00,DRESS,,AVAIL,N,120
250614E,NE,20,1,36,36,C,50.00,1800.00,DRESS,,AVAIL,N,120
250614E,NE,18,16,26,11,C,50.00,550.00,DRESS,,AVAIL,N,120
250614E,NE,16,16,25,10,C,50.00,500.00,DRESS,,AVAIL,N,120
250614E,NE,9,21,36,16,B,58.00,928.00,DRESS,,AVAIL,N,110
250614E,NE,8,21,36,16,B,58.00,928.00,DIST-OPEN,,AVAIL,N,110
250614E,NE,13,33,36,4,C,50.00,200.00,DIST-OPEN,,AVAIL,N,120
250614E,NE,14,4,25,22,C,50.00,1100.00,DRESS,,AVAIL,N,120
250614E,NE,13,22,28,7,C,50.00,350.00,DIST-OPEN,,AVAIL,N,120
250614E,NE,9,3,10,8,B,58.00,464.00,DRESS,,AVAIL,N,110
250614E,NE,7,1,10,10,B,58.00,580.00,DIST-OPEN,,AVAIL,N,110
250614E,NE,5,21,33,13,B,58.00,754.00,DIST-OPEN,,AVAIL,N,110
250614E,NE,10,1,36,36,B,58.00,2088.00,DIST-OPEN,,AVAIL,N,110
250614E,NE,4,9,34,26,B,58.00,1508.00,DIST-OPEN,,AVAIL,N,110
250614E,NE,3,22,24,3,B,58.00,174.00,DIST-OPEN,,AVAIL,N,110
250614E,NE,6,21,34,14,B,58.00,812.00,DIST-OPEN,,AVAIL,N,110
250614E,NE,23,1,36,36,C,50.00,1800.00,DRESS,,AVAIL,N,120
250614E,NE,21,1,36,36,C,50.00,1800.00,DRESS,,AVAIL,N,120
250614E,NE,22,1,36,36,C,50.00,1800.00,DRESS,,AVAIL,N,120
250614E,NE,8,1,10,10,B,58.00,580.00,DIST-OPEN,,AVAIL,N,110
250614E,NF,20,25,37,13,E,41.00,533.00,DRESS,,AVAIL,N,140
250614E,NF,17,30,32,3,E,41.00,123.00,DIST-OPEN,,AVAIL,N,140
250614E,NF,5,19,37,19,D,49.00,931.00,DIST-OPEN,,AVAIL,N,130
250614E,NF,11,19,37,19,D,49.00,931.00,DIST-OPEN,,AVAIL,N,130
250614E,NF,6,25,28,4,D,49.00,196.00,DRESS,,AVAIL,N,130
250614E,NF,4,19,37,19,D,49.00,931.00,RELO,,AVAIL,N,130
250614E,NF,3,19,37,19,D,49.00,931.00,RELO,,AVAIL,N,130
250614E,NF,4,3,5,3,D,49.00,147.00,RELO,,AVAIL,N,130
250614E,NF,3,3,5,3,D,49.00,147.00,RELO,,AVAIL,N,130
250614E,NF,2,19,37,19,D,49.00,931.00,RELO,,AVAIL,N,130
250614E,NF,2,1,4,4,D,49.00,196.00,RELO,,AVAIL,N,130
250614E,NF,19,11,18,8,E,41.00,328.00,DIST-OPEN,,AVAIL,N,140
250614E,NF,13,36,37,2,E,41.00,82.00,DIST-OPEN,,AVAIL,N,140
250614E,NF,9,25,37,13,D,49.00,637.00,DIST-OPEN,,AVAIL,N,130
250614E,NF,13,12,12,1,E,41.00,41.00,DIST-OPEN,,AVAIL,N,140
250614E,NF,24,1,2,2,I,26.00,52.00,DRESS,,AVAIL,N,140
250614E,NF,24,3,18,16,E,41.00,656.00,DRESS,,AVAIL,N,140
250614E,NF,1,21,28,8,D,49.00,392.00,SEAN HOLD,,AVAIL,N,130
250614E,NF,9,20,20,1,D,49.00,49.00,DIST-OPEN,,AVAIL,N,130
250614E,NF,5,12,13,2,D,49.00,98.00,DIST-OPEN,,AVAIL,N,130
250614E,NF,7,19,35,17,D,49.00,833.00,DIST-OPEN,,AVAIL,N,130
250614E,NF,5,1,2,2,D,49.00,98.00,DIST-OPEN,,AVAIL,N,130
250614E,NF,6,29,37,9,D,49.00,441.00,DIST-OPEN,,AVAIL,N,130
250614E,NF,8,5,8,4,D,49.00,196.00,DIST-OPEN,,AVAIL,N,130
250614E,NF,7,12,12,1,D,49.00,49.00,DIST-OPEN,,AVAIL,N,130
250614E,NF,6,12,18,7,D,49.00,343.00,DRESS,,AVAIL,N,130
250614E,NF,8,9,37,29,D,49.00,1421.00,DRESS,,AVAIL,N,130
250614E,NF,19,26,37,12,E,41.00,492.00,DIST-OPEN,,AVAIL,N,140
250614E,NF,9,5,14,10,D,49.00,490.00,DIST-OPEN,,AVAIL,N,130
250614E,NF,24,19,20,2,I,26.00,52.00,DRESS,,AVAIL,N,140
250614E,NF,25,4,4,1,I,26.00,26.00,DRESS,,AVAIL,N,140
250614E,NF,25,6,13,8,E,41.00,328.00,DRESS,,AVAIL,N,140
250614E,NF,25,22,37,16,E,41.00,656.00,DRESS,,AVAIL,N,140
250614E,NF,22,18,37,20,E,41.00,820.00,DRESS,,AVAIL,N,140
250614E,NF,24,21,37,17,E,41.00,697.00,DRESS,,AVAIL,N,140
250614E,NF,22,1,15,15,E,41.00,615.00,DRESS,,AVAIL,N,140
250614E,NF,23,1,37,37,E,41.00,1517.00,DRESS,,AVAIL,N,140
250614E,NF,21,1,37,37,E,41.00,1517.00,DRESS,,AVAIL,N,140
250614E,NF,11,13,14,2,D,49.00,98.00,DIST-OPEN,,AVAIL,N,130
250614E,NF,9,22,23,2,D,49.00,98.00,DIST-OPEN,,AVAIL,N,130
250614E,NF,25,3,3,1,E,41.00,41.00,DRESS,,AVAIL,N,140
250614E,NG,16,13,13,1,F,29.00,29.00,DIST-OPEN,,AVAIL,N,160
250614E,NG,14,33,33,1,F,29.00,29.00,DIST-OPEN,,AVAIL,N,160
250614E,NG,20,20,34,15,F,29.00,435.00,DIST-OPEN,,AVAIL,N,160
250614E,NG,25,36,37,2,F,29.00,58.00,DIST-OPEN,,AVAIL,N,160
250614E,NG,24,1,37,37,F,29.00,1073.00,DIST-OPEN,,AVAIL,N,160
250614E,NG,23,3,37,35,F,29.00,1015.00,DIST-OPEN,,AVAIL,N,160
250614E,NG,22,9,37,29,F,29.00,841.00,DIST-OPEN,,AVAIL,N,160
250614E,NG,21,6,37,32,F,29.00,928.00,DIST-OPEN,,AVAIL,N,160
250614E,NG,18,35,37,3,F,29.00,87.00,DIST-OPEN,,AVAIL,N,160
250614E,NG,20,13,15,3,F,29.00,87.00,DIST-OPEN,,AVAIL,N,160
250614E,SA,4,22,36,15,D,49.00,735.00,KILL SOUTH,,AVAIL,Y,170
250614E,SA,7,22,36,15,D,49.00,735.00,KILL SOUTH,,AVAIL,Y,170
250614E,SA,6,22,36,15,D,49.00,735.00,KILL SOUTH,,AVAIL,Y,170
250614E,SA,5,22,36,15,D,49.00,735.00,KILL SOUTH,,AVAIL,Y,170
250614E,SA,8,22,36,15,D,49.00,735.00,KILL SOUTH,,AVAIL,Y,170
250614E,SA,9,1,36,36,D,49.00,1764.00,KILL SOUTH,,AVAIL,Y,170
250614E,SA,13,1,36,36,E,41.00,1476.00,KILL SOUTH,,AVAIL,Y,180
250614E,SA,11,1,36,36,D,49.00,1764.00,KILL SOUTH,,AVAIL,Y,170
250614E,SA,14,1,36,36,E,41.00,1476.00,KILL SOUTH,,AVAIL,Y,180
250614E,SA,15,1,36,36,E,41.00,1476.00,KILL SOUTH,,AVAIL,Y,180
250614E,SA,7,1,14,14,D,49.00,686.00,KILL SOUTH,,AVAIL,Y,170
250614E,SA,12,1,36,36,E,41.00,1476.00,KILL SOUTH,,AVAIL,Y,180
250614E,SA,17,1,36,36,E,41.00,1476.00,KILL SOUTH,,AVAIL,Y,180
250614E,SA,6,1,14,14,D,49.00,686.00,KILL SOUTH,,AVAIL,Y,170
250614E,SA,18,1,36,36,E,41.00,1476.00,KILL SOUTH,,AVAIL,Y,180
250614E,SA,22,1,36,36,E,41.00,1476.00,KILL SOUTH,,AVAIL,Y,180
250614E,SA,16,1,36,36,E,41.00,1476.00,KILL SOUTH,,AVAIL,Y,180
250614E,SA,10,22,36,15,D,49.00,735.00,KILL SOUTH,,AVAIL,Y,170
250614E,SA,4,1,14,14,D,49.00,686.00,KILL SOUTH,,AVAIL,Y,170
250614E,SA,8,1,14,14,D,49.00,686.00,KILL SOUTH,,AVAIL,Y,170
250614E,SA,5,1,14,14,D,49.00,686.00,KILL SOUTH,,AVAIL,Y,170
250614E,SA,21,1,36,36,E,41.00,1476.00,KILL SOUTH,,AVAIL,Y,180
250614E,SA,19,1,36,36,E,41.00,1476.00,KILL SOUTH,,AVAIL,Y,180
250614E,SA,10,1,14,14,D,49.00,686.00,KILL SOUTH,,AVAIL,Y,170
250614E,SA,20,1,36,36,E,41.00,1476.00,KILL SOUTH,,AVAIL,Y,180
250614E,SB,22,1,37,37,E,41.00,1517.00,KILL SOUTH,,AVAIL,Y,200
250614E,SB,11,1,37,37,D,49.00,1813.00,KILL SOUTH,,AVAIL,Y,190
250614E,SB,19,1,37,37,E,41.00,1517.00,KILL SOUTH,,AVAIL,Y,200
250614E,SB,21,1,37,37,E,41.00,1517.00,KILL SOUTH,,AVAIL,Y,200
250614E,SB,20,1,37,37,E,41.00,1517.00,KILL SOUTH,,AVAIL,Y,200
250614E,SB,17,3,37,35,E,41.00,1435.00,KILL SOUTH,,AVAIL,Y,200
250614E,SB,10,3,37,35,D,49.00,1715.00,KILL SOUTH,,AVAIL,Y,190
250614E,SB,18,1,37,37,E,41.00,1517.00,KILL SOUTH,,AVAIL,Y,200
250614E,SC,21,26,37,12,C,50.00,600.00,KILL SOUTH,,AVAIL,Y,230
250614E,SC,8,25,37,13,B,58.00,754.00,KILL SOUTH,,AVAIL,Y,220
250614E,SC,7,11,13,3,B,58.00,174.00,KILL SOUTH,,AVAIL,Y,220
250614E,SC,5,11,13,3,B,58.00,174.00,KILL SOUTH,,AVAIL,Y,220
250614E,SC,9,11,13,3,B,58.00,174.00,KILL SOUTH,,AVAIL,Y,220
250614E,SC,22,3,10,8,C,50.00,400.00,KILL SOUTH,,AVAIL,Y,230
250614E,SC,20,1,37,37,C,50.00,1850.00,KILL SOUTH,,AVAIL,Y,230
250614E,SC,21,1,12,12,C,50.00,600.00,KILL SOUTH,,AVAIL,Y,230
250614E,SC,10,11,13,3,B,58.00,174.00,KILL SOUTH,,AVAIL,Y,220
250614E,SC,4,11,13,3,B,58.00,174.00,KILL SOUTH,,AVAIL,Y,220
250614E,SC,ADA,4,12,9,B,58.00,522.00,DOQ-WHEELCHAIR,WCACC,AVAIL,N,210
250614E,SC,14,1,1,1,C,50.00,50.00,KILL SOUTH,,AVAIL,Y,230
250614E,SC,12,1,2,2,C,50.00,100.00,KILL SOUTH,,AVAIL,Y,230
250614E,SC,7,25,37,13,B,58.00,754.00,KILL SOUTH,,AVAIL,Y,220
250614E,SC,9,25,37,13,B,58.00,754.00,KILL SOUTH,,AVAIL,Y,220
250614E,SC,4,25,35,11,B,58.00,638.00,KILL SOUTH,,AVAIL,Y,220
250614E,SC,6,11,13,3,B,58.00,174.00,KILL SOUTH,,AVAIL,Y,220
250614E,SC,22,26,35,10,C,50.00,500.00,KILL SOUTH,,AVAIL,Y,230
250614E,SC,5,25,37,13,B,58.00,754.00,KILL SOUTH,,AVAIL,Y,220
250614E,SC,6,25,37,13,B,58.00,754.00,KILL SOUTH,,AVAIL,Y,220
250614E,SC,8,11,13,3,B,58.00,174.00,KILL SOUTH,,AVAIL,Y,220
250614E,SC,11,11,37,27,B,58.00,1566.00,KILL SOUTH,,AVAIL,Y,220
250614E,SC,10,25,37,13,B,58.00,754.00,KILL SOUTH,,AVAIL,Y,220
250614E,SD,4,22,30,9,B,58.00,522.00,KILL SOUTH,,AVAIL,Y,240
250614E,SD,16,1,4,4,C,50.00,200.00,KILL SOUTH,,AVAIL,Y,250
250614E,SD,18,34,37,4,C,50.00,200.00,KILL SOUTH,,AVAIL,Y,250
250614E,SD,4,9,19,11,B,58.00,638.00,KILL SOUTH,,AVAIL,Y,240
250614E,SD,8,3,14,12,B,58.00,696.00,KILL SOUTH,,AVAIL,Y,240
250614E,SD,5,1,14,14,B,58.00,812.00,KILL SOUTH,,AVAIL,Y,240
250614E,SD,15,1,14,14,C,50.00,700.00,KILL SOUTH,,AVAIL,Y,250
250614E,SD,19,1,14,14,C,50.00,700.00,KILL SOUTH,,AVAIL,Y,250
250614E,SD,22,1,34,34,C,50.00,1700.00,KILL SOUTH,,AVAIL,Y,250
250614E,SD,10,1,14,14,B,58.00,812.00,KILL SOUTH,,AVAIL,Y,240
250614E,SD,9,1,14,14,B,58.00,812.00,KILL SOUTH,,AVAIL,Y,240
250614E,SD,17,1,14,14,C,50.00,700.00,KILL SOUTH,,AVAIL,Y,250
250614E,SD,18,1,14,14,C,50.00,700.00,KILL SOUTH,,AVAIL,Y,250
250614E,SD,21,1,34,34,C,50.00,1700.00,KILL SOUTH,,AVAIL,Y,250
250614E,SD,17,34,37,4,C,50.00,200.00,KILL SOUTH,,AVAIL,Y,250
250614E,SD,16,36,37,2,C,50.00,100.00,KILL SOUTH,,AVAIL,Y,250
250614E,SD,13,1,14,14,C,50.00,700.00,KILL SOUTH,,AVAIL,Y,250
250614E,SD,12,1,14,14,C,50.00,700.00,KILL SOUTH,,AVAIL,Y,250
250614E,SD,14,1,14,14,C,50.00,700.00,KILL SOUTH,,AVAIL,Y,250
250614E,SD,7,1,14,14,B,58.00,812.00,KILL SOUTH,,AVAIL,Y,240
250614E,SD,6,1,14,14,B,58.00,812.00,KILL SOUTH,,AVAIL,Y,240
250614E,SD,11,1,14,14,B,58.00,812.00,KILL SOUTH,,AVAIL,Y,240
250614E,SD,20,1,34,34,C,50.00,1700.00,KILL SOUTH,,AVAIL,Y,250
250614E,SD,5,35,37,3,B,58.00,174.00,KILL SOUTH,,AVAIL,Y,240
250614E,SD,13,34,37,4,C,50.00,200.00,KILL SOUTH,,AVAIL,Y,250
250614E,SD,15,34,37,4,C,50.00,200.00,KILL SOUTH,,AVAIL,Y,250
250614E,SD,4,1,2,2,B,58.00,116.00,KILL SOUTH,,AVAIL,Y,240
250614E,SD,4,32,35,4,B,58.00,232.00,KILL SOUTH,,AVAIL,Y,240
250614E,SE,4,22,31,10,B,58.00,580.00,KILL SOUTH,,AVAIL,Y,260
250614E,SE,22,25,40,16,C,50.00,800.00,KILL SOUTH,,AVAIL,Y,270
250614E,SE,10,22,36,15,B,58.00,870.00,KILL SOUTH,,AVAIL,Y,260
250614E,SE,4,3,13,11,B,58.00,638.00,KILL SOUTH,,AVAIL,Y,260
250614E,SE,17,1,36,36,C,50.00,1800.00,KILL SOUTH,,AVAIL,Y,270
250614E,SE,12,1,36,36,C,50.00,1800.00,KILL SOUTH,,AVAIL,Y,270
250614E,SE,22,1,23,23,C,50.00,1150.00,KILL SOUTH,,AVAIL,Y,270
250614E,SE,13,1,36,36,C,50.00,1800.00,KILL SOUTH,,AVAIL,Y,270
250614E,SE,15,1,36,36,C,50.00,1800.00,KILL SOUTH,,AVAIL,Y,270
250614E,SE,8,1,13,13,B,58.00,754.00,KILL SOUTH,,AVAIL,Y,260
250614E,SE,11,1,36,36,B,58.00,2088.00,KILL SOUTH,,AVAIL,Y,260
250614E,SE,14,1,36,36,C,50.00,1800.00,KILL SOUTH,,AVAIL,Y,270
250614E,SE,6,1,13,13,B,58.00,754.00,KILL SOUTH,,AVAIL,Y,260
250614E,SE,20,1,36,36,C,50.00,1800.00,KILL SOUTH,,AVAIL,Y,270
250614E,SE,16,1,36,36,C,50.00,1800.00,KILL SOUTH,,AVAIL,Y,270
250614E,SE,9,1,13,13,B,58.00,754.00,KILL SOUTH,,AVAIL,Y,260
250614E,SE,7,1,13,13,B,58.00,754.00,KILL SOUTH,,AVAIL,Y,260
250614E,SE,10,1,13,13,B,58.00,754.00,KILL SOUTH,,AVAIL,Y,260
250614E,SE,5,22,36,15,B,58.00,870.00,KILL SOUTH,,AVAIL,Y,260
250614E,SE,8,22,36,15,B,58.00,870.00,KILL SOUTH,,AVAIL,Y,260
250614E,SE,9,22,36,15,B,58.00,870.00,KILL SOUTH,,AVAIL,Y,260
250614E,SE,21,1,36,36,C,50.00,1800.00,KILL SOUTH,,AVAIL,Y,270
250614E,SE,6,22,36,15,B,58.00,870.00,KILL SOUTH,,AVAIL,Y,260
250614E,SE,7,22,36,15,B,58.00,870.00,KILL SOUTH,,AVAIL,Y,260
250614E,SE,18,1,36,36,C,50.00,1800.00,KILL SOUTH,,AVAIL,Y,270
250614E,SE,19,1,36,36,C,50.00,1800.00,KILL SOUTH,,AVAIL,Y,270
250614E,SE,5,1,13,13,B,58.00,754.00,KILL SOUTH,,AVAIL,Y,260
250614E,SF,15,1,18,18,E,41.00,738.00,KILL SOUTH,,AVAIL,Y,290
250614E,SF,16,21,39,19,E,41.00,779.00,KILL SOUTH,,AVAIL,Y,290
250614E,SF,6,36,39,4,D,49.00,196.00,KILL SOUTH,,AVAIL,Y,280
250614E,SF,7,36,39,4,D,49.00,196.00,KILL SOUTH,,AVAIL,Y,280
250614E,SF,8,36,39,4,D,49.00,196.00,KILL SOUTH,,AVAIL,Y,280
250614E,SF,14,21,39,19,E,41.00,779.00,KILL SOUTH,,AVAIL,Y,290
250614E,SF,15,21,39,19,E,41.00,779.00,KILL SOUTH,,AVAIL,Y,290
250614E,SF,19,21,39,19,E,41.00,779.00,KILL SOUTH,,AVAIL,Y,290
250614E,SF,25,21,39,19,E,41.00,779.00,KILL SOUTH,,AVAIL,Y,300
250614E,SF,23,21,39,19,E,41.00,779.00,KILL SOUTH,,AVAIL,Y,300
250614E,SF,6,1,15,15,D,49.00,735.00,KILL SOUTH,,AVAIL,Y,280
250614E,SF,13,1,18,18,E,41.00,738.00,KILL SOUTH,,AVAIL,Y,290
250614E,SF,19,1,18,18,E,41.00,738.00,KILL SOUTH,,AVAIL,Y,290
250614E,SF,11,38,39,2,E,41.00,82.00,KILL SOUTH,,AVAIL,Y,290
250614E,SF,1,17,18,2,D,49.00,98.00,KILL SOUTH,,AVAIL,Y,280
250614E,SF,16,1,18,18,E,41.00,738.00,KILL SOUTH,,AVAIL,Y,290
250614E,SF,8,21,26,6,D,49.00,294.00,KILL SOUTH,,AVAIL,Y,280
250614E,SF,6,21,26,6,D,49.00,294.00,KILL SOUTH,,AVAIL,Y,280
250614E,SF,21,1,18,18,E,41.00,738.00,KILL SOUTH,,AVAIL,Y,290
250614E,SF,9,38,39,2,E,41.00,82.00,KILL SOUTH,,AVAIL,Y,290
250614E,SF,8,1,15,15,D,49.00,735.00,KILL SOUTH,,AVAIL,Y,280
250614E,SF,7,1,15,15,D,49.00,735.00,KILL SOUTH,,AVAIL,Y,280
250614E,SF,14,1,18,18,E,41.00,738.00,KILL SOUTH,,AVAIL,Y,290
250614E,SF,20,1,18,18,E,41.00,738.00,KILL SOUTH,,AVAIL,Y,290
250614E,SF,17,1,18,18,E,41.00,738.00,KILL SOUTH,,AVAIL,Y,290
250614E,SF,18,1,18,18,E,41.00,738.00,KILL SOUTH,,AVAIL,Y,290
250614E,SF,12,1,18,18,E,41.00,738.00,KILL SOUTH,,AVAIL,Y,290
250614E,SF,7,21,26,6,D,49.00,294.00,KILL SOUTH,,AVAIL,Y,280
250614E,SF,12,21,39,19,E,41.00,779.00,KILL SOUTH,,AVAIL,Y,290
250614E,SF,22,21,39,19,E,41.00,779.00,KILL SOUTH,,AVAIL,Y,300
250614E,SF,24,21,39,19,E,41.00,779.00,KILL SOUTH,,AVAIL,Y,300
250614E,SF,20,21,39,19,E,41.00,779.00,KILL SOUTH,,AVAIL,Y,290
250614E,SF,18,21,39,19,E,41.00,779.00,KILL SOUTH,,AVAIL,Y,290
250614E,SF,8,16,18,3,D,49.00,147.00,KILL,,AVAIL,Y,280
250614E,SF,7,16,18,3,D,49.00,147.00,KILL,,AVAIL,Y,280
250614E,SF,6,16,18,3,D,49.00,147.00,KILL,,AVAIL,Y,280
250614E,SF,23,1,18,18,E,41.00,738.00,KILL SOUTH,,AVAIL,Y,300
250614E,SF,25,1,18,18,E,41.00,738.00,KILL SOUTH,,AVAIL,Y,300
250614E,SF,22,1,18,18,E,41.00,738.00,KILL SOUTH,,AVAIL,Y,300
250614E,SF,24,1,18,18,E,41.00,738.00,KILL SOUTH,,AVAIL,Y,300
250614E,SF,13,21,39,19,E,41.00,779.00,KILL SOUTH,,AVAIL,Y,290
250614E,SF,17,21,39,19,E,41.00,779.00,KILL SOUTH,,AVAIL,Y,290
250614E,SF,21,21,39,19,E,41.00,779.00,KILL SOUTH,,AVAIL,Y,290
250614E,SF,1,25,26,2,D,49.00,98.00,KILL SOUTH,,AVAIL,Y,280
250614E,SG,7,1,22,22,F,29.00,638.00,KILL SOUTH,,AVAIL,Y,310
250614E,SG,17,1,29,29,F,29.00,841.00,KILL SOUTH,,AVAIL,Y,320
250614E,SG,24,1,34,34,F,29.00,986.00,KILL SOUTH,,AVAIL,Y,320
250614E,SG,8,1,23,23,F,29.00,667.00,KILL SOUTH,,AVAIL,Y,310
250614E,SG,10,1,24,24,F,29.00,696.00,KILL SOUTH,,AVAIL,Y,310
250614E,SG,16,1,29,29,F,29.00,841.00,KILL SOUTH,,AVAIL,Y,320
250614E,SG,9,1,24,24,F,29.00,696.00,KILL SOUTH,,AVAIL,Y,310
250614E,SG,19,1,31,31,F,29.00,899.00,KILL SOUTH,,AVAIL,Y,320
250614E,SG,13,1,26,26,F,29.00,754.00,KILL SOUTH,,AVAIL,Y,320
250614E,SG,1,16,16,1,F,29.00,29.00,KILL SOUTH,,AVAIL,Y,310
250614E,SG,21,1,32,32,F,29.00,928.00,KILL SOUTH,,AVAIL,Y,320
250614E,SG,23,1,33,33,F,29.00,957.00,KILL SOUTH,,AVAIL,Y,320
250614E,SG,20,1,31,31,F,29.00,899.00,KILL SOUTH,,AVAIL,Y,320
250614E,SG,12,1,26,26,F,29.00,754.00,KILL SOUTH,,AVAIL,Y,310
250614E,SG,25,1,35,35,F,29.00,1015.00,KILL SOUTH,,AVAIL,Y,320
250614E,SG,11,1,25,25,F,29.00,725.00,KILL SOUTH,,AVAIL,Y,310
250614E,SG,18,6,30,25,F,29.00,725.00,KILL SOUTH,,AVAIL,Y,320
250614E,SG,6,1,22,22,F,29.00,638.00,KILL SOUTH,,AVAIL,Y,310
250614E,SG,22,1,33,33,F,29.00,957.00,KILL SOUTH,,AVAIL,Y,320
250614E,SG,15,1,28,28,F,29.00,812.00,KILL SOUTH,,AVAIL,Y,320
250614E,SG,18,1,4,4,F,29.00,116.00,KILL SOUTH,,AVAIL,Y,320
250614E,SG,14,1,27,27,F,29.00,783.00,KILL SOUTH,,AVAIL,Y,320
250614E,SH,12,1,18,18,F,29.00,522.00,KILL SOUTH,,AVAIL,Y,330
250614E,SH,15,1,18,18,F,29.00,522.00,KILL SOUTH,,AVAIL,Y,340
250614E,SH,8,1,18,18,F,29.00,522.00,KILL SOUTH,,AVAIL,Y,330
250614E,SH,22,1,18,18,F,29.00,522.00,KILL SOUTH,,AVAIL,Y,340
250614E,SH,9,1,18,18,F,29.00,522.00,KILL SOUTH,,AVAIL,Y,330
250614E,SH,10,1,18,18,F,29.00,522.00,KILL SOUTH,,AVAIL,Y,330
250614E,SH,11,1,18,18,F,29.00,522.00,KILL SOUTH,,AVAIL,Y,330
250614E,SH,14,1,18,18,F,29.00,522.00,KILL SOUTH,,AVAIL,Y,340
250614E,SH,23,1,18,18,F,29.00,522.00,KILL SOUTH,,AVAIL,Y,340
250614E,SH,19,1,18,18,F,29.00,522.00,KILL SOUTH,,AVAIL,Y,340
250614E,SH,16,1,18,18,F,29.00,522.00,KILL SOUTH,,AVAIL,Y,340
250614E,SH,21,1,18,18,F,29.00,522.00,KILL SOUTH,,AVAIL,Y,340
250614E,SH,18,1,18,18,F,29.00,522.00,KILL SOUTH,,AVAIL,Y,340
250614E,SH,24,1,18,18,F,29.00,522.00,KILL SOUTH,,AVAIL,Y,340
250614E,SH,6,1,18,18,F,29.00,522.00,KILL SOUTH,,AVAIL,Y,330
250614E,SH,13,1,18,18,F,29.00,522.00,KILL SOUTH,,AVAIL,Y,340
250614E,SH,25,1,18,18,F,29.00,522.00,KILL SOUTH,,AVAIL,Y,340
250614E,SH,20,1,18,18,F,29.00,522.00,KILL SOUTH,,AVAIL,Y,340
250614E,SH,7,1,18,18,F,29.00,522.00,KILL SOUTH,,AVAIL,Y,330
250614E,SH,17,1,18,18,F,29.00,522.00,KILL SOUTH,,AVAIL,Y,340
250614E,SH,1,17,18,2,F,29.00,58.00,KILL SOUTH,,AVAIL,Y,330
250614E,SH,1,1,2,2,F,29.00,58.00,KILL SOUTH,,AVAIL,Y,330
250614E,STE2,GA0,26,27,2,J,80.00,160.00,SUITE KILL,,AVAIL,Y,100
250614E,STE2,GA0,21,25,5,J,80.00,400.00,SUITES,,AVAIL,N,100
250614E,STE5,GA0,21,25,5,J,80.00,400.00,SUITES,,AVAIL,N,100
250614E,TSL,GA0,27,40,14,G,144.00,2016.00,DIST-OPEN,,AVAIL,N,350
250614EF,GA1,GA0,15,25,11,A,0,0,DIST-OPEN,,AVAIL,N,10
250614EG,GA1,GA0,1,50,50,A,0,0,OPEN,,AVAIL,N,10
250621,1,8,6,6,1,G,29.00,29.00,DIST-OPEN,,AVAIL,N,480
250621,1,2,9,9,1,G,29.00,29.00,DIST-OPEN,,AVAIL,N,480
250621,2,6,17,17,1,G,29.00,29.00,DIST-OPEN,,AVAIL,N,460
250621,2,5,11,11,1,G,29.00,29.00,DIST-OPEN,,AVAIL,N,460
250621,3,6,1,20,20,F,39.00,780.00,DIST-OPEN,,AVAIL,N,410
250621,3,10,1,20,20,F,39.00,780.00,DIST-OPEN,,AVAIL,N,410
250621,3,8,1,20,20,F,39.00,780.00,DIST-OPEN,,AVAIL,N,410
250621,3,1,1,5,5,F,39.00,195.00,DIST-OPEN,,AVAIL,N,410
250621,3,2,1,10,10,F,39.00,390.00,DIST-OPEN,,AVAIL,N,410
250621,3,1,19,20,2,F,39.00,78.00,DIST-OPEN,,AVAIL,N,410
250621,4,4,1,20,20,D,59.00,1180.00,DIST-OPEN,,AVAIL,N,290
250621,4,6,1,20,20,D,59.00,1180.00,DIST-OPEN,,AVAIL,N,290
250621,4,3,1,20,20,D,59.00,1180.00,DIST-OPEN,,AVAIL,N,290
250621,4,2,1,20,20,D,59.00,1180.00,DIST-OPEN,,AVAIL,N,290
250621,4,1,5,17,13,D,59.00,767.00,DIST-OPEN,,AVAIL,N,290
250621,5,2,1,6,6,D,59.00,354.00,DIST-OPEN,,AVAIL,N,200
250621,5,3,1,20,20,D,59.00,1180.00,DIST-OPEN,,AVAIL,N,200
250621,5,4,1,18,18,D,59.00,1062.00,DIST-OPEN,,AVAIL,N,200
250621,5,1,11,11,1,D,59.00,59.00,DIST-OPEN,,AVAIL,N,120
250621,5,2,11,20,10,D,59.00,590.00,DIST-OPEN,,AVAIL,N,200
250621,5,1,5,5,1,D,59.00,59.00,DIST-OPEN,,AVAIL,N,120
250621,5,6,15,20,6,D,59.00,354.00,DIST-OPEN,,AVAIL,N,200
250621,6,6,1,10,10,D,59.00,590.00,DIST-OPEN,,AVAIL,N,180
250621,6,4,3,7,5,D,59.00,295.00,DIST-OPEN,,AVAIL,N,180
250621,6,2,1,10,10,D,59.00,590.00,DIST-OPEN,,AVAIL,N,180
250621,6,10,1,10,10,E,49.00,490.00,DIST-OPEN,,AVAIL,N,260
250621,6,12,5,10,6,E,49.00,294.00,DIST-OPEN,,AVAIL,N,260
250621,6,8,1,10,10,E,49.00,490.00,DIST-OPEN,,AVAIL,N,260
250621,6,11,3,10,8,E,49.00,392.00,DIST-OPEN,,AVAIL,N,260
250621,7,5,19,22,4,D,59.00,236.00,DIST-OPEN,,AVAIL,N,160
250621,7,6,10,22,13,D,59.00,767.00,DIST-OPEN,,AVAIL,N,160
250621,7,2,14,20,7,D,59.00,413.00,DIST-OPEN,,AVAIL,N,160
250621,7,3,16,18,3,D,59.00,177.00,DIST-OPEN,,AVAIL,N,160
250621,7,6,27,30,4,D,59.00,236.00,DIST-OPEN,,AVAIL,N,160
250621,7,4,14,16,3,D,59.00,177.00,DIST-OPEN,,AVAIL,N,160
250621,7,11,12,30,19,E,49.00,931.00,DIST-OPEN,,AVAIL,N,240
250621,7,8,21,22,2,E,49.00,98.00,DIST-OPEN,,AVAIL,N,240
250621,7,7,15,18,4,E,49.00,196.00,DIST-OPEN,,AVAIL,N,240
250621,7,10,25,30,6,E,49.00,294.00,DIST-OPEN,,AVAIL,N,240
250621,7,10,10,22,13,E,49.00,637.00,DIST-OPEN,,AVAIL,N,240
250621,7,7,21,22,2,E,49.00,98.00,DIST-OPEN,,AVAIL,N,240
250621,7,6,3,3,1,D,59.00,59.00,DIST-OPEN,,AVAIL,N,160
250621,7,9,30,30,1,E,49.00,49.00,DIST-OPEN,,AVAIL,N,240
250621,7,7,27,27,1,E,49.00,49.00,DIST-OPEN,,AVAIL,N,240
250621,7,8,30,30,1,E,49.00,49.00,DIST-OPEN,,AVAIL,N,240
250621,7,4,19,19,1,D,59.00,59.00,DIST-OPEN,,AVAIL,N,160
250621,7,9,12,19,8,E,49.00,392.00,DIST-OPEN,,AVAIL,N,240
250621,7,11,1,8,8,E,49.00,392.00,DIST-OPEN,,AVAIL,N,240
250621,7,10,1,6,6,E,49.00,294.00,DIST-OPEN,,AVAIL,N,240
250621,8,2,1,8,8,D,59.00,472.00,DIST-OPEN,,AVAIL,N,170
250621,8,6,6,10,5,D,59.00,295.00,DIST-OPEN,,AVAIL,N,170
250621,8,8,7,10,4,E,49.00,196.00,DIST-OPEN,,AVAIL,N,250
250621,8,10,1,10,10,E,49.00,490.00,DIST-OPEN,,AVAIL,N,250
250621,8,11,1,10,10,E,49.00,490.00,DIST-OPEN,,AVAIL,N,250
250621,8,1,8,8,1,D,59.00,59.00,DIST-OPEN,,AVAIL,N,90
250621,8,4,7,10,4,D,59.00,236.00,BIZDEV,,AVAIL,N,170
250621,9,3,11,20,10,D,59.00,590.00,DRESS,,AVAIL,N,190
250621,9,6,1,20,20,D,59.00,1180.00,DIST-OPEN,,AVAIL,N,190
250621,9,2,3,20,18,D,59.00,1062.00,DIST-OPEN,,AVAIL,N,190
250621,10,4,5,20,16,D,59.00,944.00,DIST-OPEN,,AVAIL,N,300
250621,10,6,1,20,20,D,59.00,1180.00,DIST-OPEN,,AVAIL,N,300
250621,10,8,14,14,1,F,39.00,39.00,DIST-OPEN,,AVAIL,N,360
250621,10,2,3,20,18,D,59.00,1062.00,DIST-OPEN,,AVAIL,N,300
250621,10,3,1,18,18,D,59.00,1062.00,DIST-OPEN,,AVAIL,N,300
250621,10,1,1,20,20,D,59.00,1180.00,DIST-OPEN,,AVAIL,N,300
250621,11,6,1,20,20,F,39.00,780.00,DIST-OPEN,,AVAIL,N,420
250621,11,4,14,20,7,F,39.00,273.00,DIST-OPEN,,AVAIL,N,420
250621,11,3,14,20,7,F,39.00,273.00,DIST-OPEN,,AVAIL,N,420
250621,11,1,1,20,20,F,39.00,780.00,DIST-OPEN,,AVAIL,N,420
250621,11,2,14,20,7,F,39.00,273.00,DIST-OPEN,,AVAIL,N,420
250621,11,12,12,20,9,F,39.00,351.00,DOQ-VETTX1HOLD,VETTX1HOLD,AVAIL,N,420
250621,12,8,9,10,2,G,29.00,58.00,DIST-OPEN,,AVAIL,N,450
250621,12,9,1,20,20,G,29.00,580.00,DOQ-VETTX1HOLD,VETTX1HOLD,AVAIL,N,450
250621,13,3,10,10,1,G,29.00,29.00,DIST-OPEN,,AVAIL,N,470
250621,13,5,10,10,1,G,29.00,29.00,DIST-OPEN,,AVAIL,N,470
250621,13,4,8,8,1,G,29.00,29.00,DIST-OPEN,,AVAIL,N,470
250621,13,6,10,10,1,G,29.00,29.00,DIST-OPEN,,AVAIL,N,470
250621,13,2,10,10,1,G,29.00,29.00,DIST-OPEN,,AVAIL,N,470
250621,14,1,1,5,5,G,29.00,145.00,DOQ-WHEELCHAIR,WCACC,AVAIL,N,430
250621,15,2,13,14,2,F,39.00,78.00,SEAN HOLD,,AVAIL,N,370
250621,15,1,8,12,5,F,39.00,195.00,DOQ-WHEELCHAIR,WCACC,AVAIL,N,370
250621,15,11,20,20,1,F,39.00,39.00,DIST-OPEN,,AVAIL,N,370
250621,15,5,12,12,1,F,39.00,39.00,DIST-OPEN,,AVAIL,N,370
250621,15,6,4,4,1,F,39.00,39.00,DIST-OPEN,,AVAIL,N,370
250621,15,4,24,24,1,F,39.00,39.00,DIST-OPEN,,AVAIL,N,370
250621,15,2,24,24,1,F,39.00,39.00,DIST-OPEN,,AVAIL,N,370
250621,16,2,1,10,10,D,59.00,590.00,DIST-OPEN,,AVAIL,N,270
250621,16,18,1,1,1,F,39.00,39.00,DIST-OPEN,,AVAIL,N,310
250621,16,2,11,24,14,D,59.00,826.00,RELO,,AVAIL,N,270
250621,16,3,10,11,2,D,59.00,118.00,DIST-OPEN,,AVAIL,N,270
250621,16,8,1,10,10,D,59.00,590.00,DIST-OPEN,,AVAIL,N,270
250621,16,3,22,22,1,D,59.00,59.00,DIST-OPEN,,AVAIL,N,270
250621,16,5,1,25,25,D,59.00,1475.00,DIST-OPEN,,AVAIL,N,270
250621,16,7,4,18,15,D,59.00,885.00,DIST-OPEN,,AVAIL,N,270
250621,16,3,8,8,1,D,59.00,59.00,DIST-OPEN,,AVAIL,N,270
250621,16,9,5,18,14,D,59.00,826.00,DIST-OPEN,,AVAIL,N,270
250621,16,7,25,28,4,D,59.00,236.00,DIST-OPEN,,AVAIL,N,270
250621,17,15,20,20,1,E,49.00,49.00,DIST-OPEN,,AVAIL,N,220
250621,17,8,19,21,3,D,59.00,177.00,DIST-OPEN,,AVAIL,N,140
250621,17,7,26,26,1,D,59.00,59.00,DIST-OPEN,,AVAIL,N,140
250621,17,7,22,22,1,D,59.00,59.00,DIST-OPEN,,AVAIL,N,140
250621,17,5,5,5,1,D,59.00,59.00,DIST-OPEN,,AVAIL,N,140
250621,17,16,11,11,1,E,49.00,49.00,DIST-OPEN,,AVAIL,N,220
250621,17,20,4,5,2,E,49.00,98.00,DIST-OPEN,,AVAIL,N,220
250621,17,9,25,25,1,D,59.00,59.00,DIST-OPEN,,AVAIL,N,140
250621,17,6,25,25,1,D,59.00,59.00,DIST-OPEN,,AVAIL,N,140
250621,17,3,3,3,1,D,59.00,59.00,DIST-OPEN,,AVAIL,N,140
250621,17,3,14,14,1,D,59.00,59.00,DIST-OPEN,,AVAIL,N,140
250621,17,9,14,21,8,D,59.00,472.00,DIST-OPEN,,AVAIL,N,140
250621,17,5,24,24,1,D,59.00,59.00,DIST-OPEN,,AVAIL,N,140
250621,17,17,11,11,1,E,49.00,49.00,DIST-OPEN,,AVAIL,N,220
250621,18,10,5,10,6,D,59.00,354.00,DIST-OPEN,,AVAIL,N,130
250621,18,10,25,25,1,D,59.00,59.00,DIST-OPEN,,AVAIL,N,130
250621,18,8,23,23,1,D,59.00,59.00,DIST-OPEN,,AVAIL,N,130
250621,18,3,9,9,1,D,59.00,59.00,DIST-OPEN,,AVAIL,N,130
250621,18,3,25,25,1,D,59.00,59.00,DIST-OPEN,,AVAIL,N,130
250621,18,17,12,12,1,E,49.00,49.00,DIST-OPEN,,AVAIL,N,210
250621,18,6,20,20,1,D,59.00,59.00,DIST-OPEN,,AVAIL,N,130
250621,18,20,21,21,1,E,49.00,49.00,DIST-OPEN,,AVAIL,N,210
250621,18,16,20,20,1,E,49.00,49.00,DIST-OPEN,,AVAIL,N,210
250621,18,14,20,20,1,E,49.00,49.00,DIST-OPEN,,AVAIL,N,210
250621,18,11,19,19,1,D,59.00,59.00,DIST-OPEN,,AVAIL,N,130
250621,18,13,19,19,1,E,49.00,49.00,DIST-OPEN,,AVAIL,N,210
250621,19,2,6,6,1,K,41.00,41.00,DIST-OPEN,,AVAIL,N,150
250621,19,2,26,26,1,K,41.00,41.00,DIST-OPEN,,AVAIL,N,150
250621,19,5,24,24,1,K,41.00,41.00,DIST-OPEN,,AVAIL,N,150
250621,19,8,14,14,1,K,41.00,41.00,DIST-OPEN,,AVAIL,N,150
250621,19,5,16,16,1,K,41.00,41.00,DIST-OPEN,,AVAIL,N,150
250621,20,2,10,19,10,D,59.00,590.00,DIST-OPEN,,AVAIL,N,280
250621,20,3,17,26,10,D,59.00,590.00,DIST-OPEN,,AVAIL,N,280
250621,20,3,11,13,3,D,59.00,177.00,DIST-OPEN,,AVAIL,N,280
250621,20,20,15,15,1,F,39.00,39.00,DIST-OPEN,,AVAIL,N,320
250621,20,21,10,10,1,F,39.00,39.00,DIST-OPEN,,AVAIL,N,320
250621,20,8,8,20,13,D,59.00,767.00,DIST-OPEN,,AVAIL,N,280
250621,20,9,18,21,4,D,59.00,236.00,DIST-OPEN,,AVAIL,N,280
250621,20,7,9,25,17,D,59.00,1003.00,DIST-OPEN,,AVAIL,N,280
250621,20,21,15,15,1,F,39.00,39.00,DIST-OPEN,,AVAIL,N,320
250621,20,19,21,21,1,F,39.00,39.00,DIST-OPEN,,AVAIL,N,320
250621,20,5,5,26,22,D,59.00,1298.00,DIST-OPEN,,AVAIL,N,280
250621,20,2,28,28,1,D,59.00,59.00,DIST-OPEN,,AVAIL,N,280
250621,21,2,20,24,5,F,39.00,195.00,DIST-OPEN,,AVAIL,N,390
250621,21,1,1,22,22,F,39.00,858.00,DOQ-WHEELCHAIR,WCACC,AVAIL,N,390
250621,21,9,13,22,10,F,39.00,390.00,DIST-OPEN,,AVAIL,N,390
250621,21,12,13,13,1,F,39.00,39.00,DIST-OPEN,,AVAIL,N,400
250621,21,17,3,28,26,F,39.00,1014.00,DIST-OPEN,,AVAIL,N,400
250621,21,11,23,25,3,F,39.00,117.00,DIST-OPEN,,AVAIL,N,390
250621,21,21,9,28,20,F,39.00,780.00,DIST-OPEN,,AVAIL,N,400
250621,21,11,5,5,1,F,39.00,39.00,DIST-OPEN,,AVAIL,N,390
250621,21,12,3,5,3,F,39.00,117.00,SEAN HOLD,,AVAIL,N,400
250621,21,3,16,18,3,F,39.00,117.00,DIST-OPEN,,AVAIL,N,390
250621,21,6,20,26,7,F,39.00,273.00,DIST-OPEN,,AVAIL,N,390
250621,21,7,6,9,4,F,39.00,156.00,DIST-OPEN,,AVAIL,N,390
250621,21,3,22,22,1,F,39.00,39.00,DIST-OPEN,,AVAIL,N,390
250621,21,3,28,28,1,F,39.00,39.00,DIST-OPEN,,AVAIL,N,390
250621,21,9,5,8,4,F,39.00,156.00,DIST-OPEN,,AVAIL,N,390
250621,22,10,10,10,1,G,29.00,29.00,DIST-OPEN,,AVAIL,N,440
250621,22,1,5,14,10,G,29.00,290.00,DOQ-WHEELCHAIR,WCACC,AVAIL,N,440
250621,FLD1,A,1,2,2,A,259.00,518.00,DIST-OPEN,,AVAIL,N,10
250621,FLD1,A,27,30,4,A,259.00,1036.00,BIZDEV,,AVAIL,N,10
250621,FLD1,A,22,22,1,A,259.00,259.00,AK HOLD,,AVAIL,N,10
250621,FLD2,B,1,30,30,B,0,0,KILL,,AVAIL,Y,20
250621,FSTE1,GA0,1,25,25,N,280.00,7000.00,KILL,,AVAIL,Y,100
250621,FSTE2,GA0,1,25,25,N,280.00,7000.00,KILL,,AVAIL,Y,100
250621,FSTE3,GA0,1,25,25,N,280.00,7000.00,KILL,,AVAIL,Y,100
250621,STE5,GA0,21,25,5,M,260.00,1300.00,KILL,,AVAIL,Y,100
250621F,GA1,GA0,9,25,17,A,60.00,1020.00,AK HOLD,,AVAIL,N,10
250621G,GA1,GA0,36,50,15,A,0,0,OPEN,,AVAIL,N,10
250621H,GA1,GA0,3,4,2,A,0,0,KILL,,AVAIL,Y,10
250622,1,4,1,10,10,G,29.00,290.00,DIST-OPEN,,AVAIL,N,480
250622,1,6,1,10,10,G,29.00,290.00,DIST-OPEN,,AVAIL,N,480
250622,1,7,1,10,10,G,29.00,290.00,DIST-OPEN,,AVAIL,N,480
250622,1,1,1,10,10,G,29.00,290.00,DIST-OPEN,,AVAIL,N,480
250622,1,2,1,6,6,G,29.00,174.00,DIST-OPEN,,AVAIL,N,480
250622,1,8,1,10,10,G,29.00,290.00,DIST-OPEN,,AVAIL,N,480
250622,1,5,6,10,5,G,29.00,145.00,DIST-OPEN,,AVAIL,N,480
250622,1,10,9,10,2,G,29.00,58.00,DOQ-VETTX1HOLD,VETTX1HOLD,AVAIL,N,480
250622,1,3,1,10,10,G,29.00,290.00,DIST-OPEN,,AVAIL,N,480
250622,1,9,1,10,10,G,29.00,290.00,DIST-OPEN,,AVAIL,N,480
250622,2,2,5,9,5,G,29.00,145.00,DIST-OPEN,,AVAIL,N,460
250622,2,4,11,17,7,G,29.00,203.00,DIST-OPEN,,AVAIL,N,460
250622,2,9,4,19,16,G,29.00,464.00,DIST-OPEN,,AVAIL,N,460
250622,2,6,3,13,11,G,29.00,319.00,DIST-OPEN,,AVAIL,N,460
250622,2,5,1,13,13,G,29.00,377.00,DIST-OPEN,,AVAIL,N,460
250622,2,4,1,5,5,G,29.00,145.00,DIST-OPEN,,AVAIL,N,460
250622,2,10,20,20,1,G,29.00,29.00,DOQ-VETTX1HOLD,VETTX1HOLD,AVAIL,N,460
250622,2,8,9,20,12,G,29.00,348.00,DOQ-VETTX1HOLD,VETTX1HOLD,AVAIL,N,460
250622,2,3,2,16,15,G,29.00,435.00,DIST-OPEN,,AVAIL,N,460
250622,3,7,1,20,20,F,39.00,780.00,DRESS,,AVAIL,N,410
250622,3,9,1,20,20,F,39.00,780.00,DRESS,,AVAIL,N,410
250622,3,4,1,12,12,F,39.00,468.00,DRESS,,AVAIL,N,410
250622,3,5,1,17,17,F,39.00,663.00,DRESS,,AVAIL,N,410
250622,3,1,11,20,10,F,39.00,390.00,DRESS,,AVAIL,N,410
250622,3,2,1,20,20,F,39.00,780.00,DRESS,,AVAIL,N,410
250622,3,1,1,5,5,F,39.00,195.00,DRESS,,AVAIL,N,410
250622,3,3,1,11,11,F,39.00,429.00,DRESS,,AVAIL,N,410
250622,4,5,1,20,20,D,59.00,1180.00,DRESS,,AVAIL,N,290
250622,4,2,1,20,20,D,59.00,1180.00,DRESS,,AVAIL,N,290
250622,4,4,1,20,20,D,59.00,1180.00,DRESS,,AVAIL,N,290
250622,4,1,1,20,20,D,59.00,1180.00,DRESS,,AVAIL,N,290
250622,4,9,1,20,20,F,39.00,780.00,DRESS,,AVAIL,N,350
250622,4,3,1,20,20,D,59.00,1180.00,DRESS,,AVAIL,N,290
250622,5,11,20,20,1,F,39.00,39.00,PLAYERS,,AVAIL,N,340
250622,5,3,1,20,20,D,59.00,1180.00,DRESS,,AVAIL,N,200
250622,5,4,1,18,18,D,59.00,1062.00,DRESS,,AVAIL,N,200
250622,5,2,1,20,20,D,59.00,1180.00,DRESS,,AVAIL,N,200
250622,5,9,1,15,15,F,39.00,585.00,DRESS,,AVAIL,N,340
250622,5,6,1,20,20,D,59.00,1180.00,DRESS,,AVAIL,N,200
250622,5,7,10,18,9,F,39.00,351.00,DRESS,,AVAIL,N,340
250622,5,1,1,17,17,D,59.00,1003.00,DRESS,,AVAIL,N,120
250622,5,7,3,4,2,F,39.00,78.00,DRESS,,AVAIL,N,340
250622,6,7,1,10,10,E,49.00,490.00,DRESS,,AVAIL,N,260
250622,6,9,1,10,10,E,49.00,490.00,DRESS,,AVAIL,N,260
250622,6,8,1,10,10,E,49.00,490.00,DRESS,,AVAIL,N,260
250622,6,2,1,10,10,D,59.00,590.00,DRESS,,AVAIL,N,180
250622,6,5,1,10,10,D,59.00,590.00,DRESS,,AVAIL,N,180
250622,6,4,6,10,5,D,59.00,295.00,DRESS,,AVAIL,N,180
250622,6,6,1,10,10,D,59.00,590.00,DRESS,,AVAIL,N,180
250622,6,10,1,10,10,E,49.00,490.00,DRESS,,AVAIL,N,260
250622,6,12,5,10,6,E,49.00,294.00,DRESS,,AVAIL,N,260
250622,6,11,1,10,10,E,49.00,490.00,DRESS,,AVAIL,N,260
250622,7,11,13,22,10,E,49.00,490.00,DRESS,,AVAIL,N,240
250622,7,8,1,6,6,E,49.00,294.00,DRESS,,AVAIL,N,240
250622,7,6,10,22,13,D,59.00,767.00,DRESS,,AVAIL,N,160
250622,7,9,1,4,4,E,49.00,196.00,DRESS,,AVAIL,N,240
250622,7,10,1,6,6,E,49.00,294.00,DRESS,,AVAIL,N,240
250622,7,11,1,9,9,E,49.00,441.00,DRESS,,AVAIL,N,240
250622,7,9,25,30,6,E,49.00,294.00,DRESS,,AVAIL,N,240
250622,7,10,25,30,6,E,49.00,294.00,DRESS,,AVAIL,N,240
250622,7,7,25,30,6,E,49.00,294.00,DRESS,,AVAIL,N,240
250622,7,7,21,22,2,E,49.00,98.00,DRESS,,AVAIL,N,240
250622,7,6,27,30,4,D,59.00,236.00,DRESS,,AVAIL,N,160
250622,7,4,14,16,3,D,59.00,177.00,DRESS,,AVAIL,N,160
250622,7,5,20,22,3,D,59.00,177.00,DRESS,,AVAIL,N,160
250622,7,2,14,20,7,D,59.00,413.00,DRESS,,AVAIL,N,160
250622,7,6,1,4,4,D,59.00,236.00,DRESS,,AVAIL,N,160
250622,7,3,16,18,3,D,59.00,177.00,DRESS,,AVAIL,N,160
250622,7,7,1,4,4,E,49.00,196.00,DRESS,,AVAIL,N,240
250622,7,4,19,20,2,D,59.00,118.00,DRESS,,AVAIL,N,160
250622,7,8,19,22,4,E,49.00,196.00,DRESS,,AVAIL,N,240
250622,7,10,21,22,2,E,49.00,98.00,DRESS,,AVAIL,N,240
250622,7,1,22,22,1,D,59.00,59.00,DRESS,,AVAIL,N,80
250622,7,5,10,19,10,D,59.00,590.00,SEAN HOLD,,AVAIL,N,160
250622,7,8,25,30,6,E,49.00,294.00,DRESS,,AVAIL,N,240
250622,7,10,10,12,3,E,49.00,147.00,DRESS,,AVAIL,N,240
250622,7,9,12,18,7,E,49.00,343.00,DRESS,,AVAIL,N,240
250622,7,11,25,30,6,E,49.00,294.00,DRESS,,AVAIL,N,240
250622,7,8,10,14,5,E,49.00,245.00,DRESS,,AVAIL,N,240
250622,8,8,1,6,6,E,49.00,294.00,DRESS,,AVAIL,N,250
250622,8,10,1,10,10,E,49.00,490.00,DRESS,,AVAIL,N,250
250622,8,7,1,5,5,E,49.00,245.00,DRESS,,AVAIL,N,250
250622,8,11,9,10,2,E,49.00,98.00,DRESS,,AVAIL,N,250
250622,8,9,1,10,10,E,49.00,490.00,DRESS,,AVAIL,N,250
250622,8,2,1,10,10,D,59.00,590.00,DRESS,,AVAIL,N,170
250622,8,6,1,10,10,D,59.00,590.00,DRESS,,AVAIL,N,170
250622,8,1,10,10,1,D,59.00,59.00,DRESS,,AVAIL,N,90
250622,8,3,1,10,10,D,59.00,590.00,DRESS,,AVAIL,N,170
250622,8,5,1,10,10,D,59.00,590.00,DRESS,,AVAIL,N,170
250622,8,1,6,7,2,D,59.00,118.00,DRESS,,AVAIL,N,90
250622,8,4,7,10,4,D,59.00,236.00,BIZDEV,,AVAIL,N,170
250622,8,11,1,2,2,E,49.00,98.00,DRESS,,AVAIL,N,250
250622,9,5,1,2,2,D,59.00,118.00,SEAN HOLD,,AVAIL,N,190
250622,9,5,6,20,15,D,59.00,885.00,DRESS,,AVAIL,N,190
250622,9,3,1,20,20,D,59.00,1180.00,DRESS,,AVAIL,N,190
250622,9,1,1,4,4,D,59.00,236.00,DRESS,,AVAIL,N,110
250622,9,4,1,20,20,D,59.00,1180.00,DRESS,,AVAIL,N,190
250622,9,2,1,20,20,D,59.00,1180.00,DRESS,,AVAIL,N,190
250622,9,1,9,18,10,D,59.00,590.00,DRESS,,AVAIL,N,110
250622,9,9,5,20,16,F,39.00,624.00,DRESS,,AVAIL,N,330
250622,10,4,5,20,16,D,59.00,944.00,DRESS,,AVAIL,N,300
250622,10,7,11,20,10,F,39.00,390.00,DRESS,,AVAIL,N,360
250622,10,6,1,20,20,D,59.00,1180.00,DRESS,,AVAIL,N,300
250622,10,3,1,20,20,D,59.00,1180.00,DRESS,,AVAIL,N,300
250622,10,5,3,20,18,D,59.00,1062.00,DRESS,,AVAIL,N,300
250622,10,2,1,20,20,D,59.00,1180.00,DRESS,,AVAIL,N,300
250622,10,9,1,20,20,F,39.00,780.00,DRESS,,AVAIL,N,360
250622,10,12,1,20,20,F,39.00,780.00,DRESS,,AVAIL,N,360
250622,10,11,1,20,20,F,39.00,780.00,DRESS,,AVAIL,N,360
250622,10,1,1,20,20,D,59.00,1180.00,DRESS,,AVAIL,N,300
250622,11,9,1,20,20,F,39.00,780.00,DRESS,,AVAIL,N,420
250622,11,7,1,20,20,F,39.00,780.00,DRESS,,AVAIL,N,420
250622,11,6,1,20,20,F,39.00,780.00,DRESS,,AVAIL,N,420
250622,11,2,1,20,20,F,39.00,780.00,DRESS,,AVAIL,N,420
250622,11,3,1,20,20,F,39.00,780.00,DRESS,,AVAIL,N,420
250622,11,1,1,20,20,F,39.00,780.00,DRESS,,AVAIL,N,420
250622,11,5,1,20,20,F,39.00,780.00,DRESS,,AVAIL,N,420
250622,11,12,1,20,20,F,39.00,780.00,DRESS,,AVAIL,N,420
250622,11,11,1,20,20,F,39.00,780.00,DRESS,,AVAIL,N,420
250622,11,4,1,20,20,F,39.00,780.00,DRESS,,AVAIL,N,420
250622,12,8,3,20,18,G,29.00,522.00,DIST-OPEN,,AVAIL,N,450
250622,12,10,18,20,3,G,29.00,87.00,DIST-OPEN,,AVAIL,N,450
250622,12,7,5,20,16,G,29.00,464.00,DIST-OPEN,,AVAIL,N,450
250622,12,6,10,20,11,G,29.00,319.00,DIST-OPEN,,AVAIL,N,450
250622,12,9,1,20,20,G,29.00,580.00,DIST-OPEN,,AVAIL,N,450
250622,13,7,1,10,10,G,29.00,290.00,DIST-OPEN,,AVAIL,N,470
250622,13,9,1,10,10,G,29.00,290.00,DIST-OPEN,,AVAIL,N,470
250622,13,4,1,10,10,G,29.00,290.00,DIST-OPEN,,AVAIL,N,470
250622,13,3,1,10,10,G,29.00,290.00,DIST-OPEN,,AVAIL,N,470
250622,13,10,1,10,10,G,29.00,290.00,DIST-OPEN,,AVAIL,N,470
250622,13,8,1,10,10,G,29.00,290.00,DIST-OPEN,,AVAIL,N,470
250622,13,5,1,10,10,G,29.00,290.00,DIST-OPEN,,AVAIL,N,470
250622,13,6,1,10,10,G,29.00,290.00,DIST-OPEN,,AVAIL,N,470
250622,13,11,1,10,10,G,29.00,290.00,DIST-OPEN,,AVAIL,N,470
250622,13,1,3,10,8,G,29.00,232.00,DIST-OPEN,,AVAIL,N,470
250622,13,2,1,10,10,G,29.00,290.00,DIST-OPEN,,AVAIL,N,470
250622,13,12,9,10,2,G,29.00,58.00,DOQ-VETTX1HOLD,VETTX1HOLD,AVAIL,N,470
250622,14,1,1,14,14,G,29.00,406.00,DOQ-WHEELCHAIR,WCACC,AVAIL,N,430
250622,14,2,1,6,6,G,29.00,174.00,SEAN HOLD,,AVAIL,N,430
250622,15,1,18,22,5,F,39.00,195.00,DOQ-WHEELCHAIR,WCACC,AVAIL,N,370
250622,15,4,1,25,25,F,39.00,975.00,DIST-OPEN,,AVAIL,N,370
250622,15,21,1,1,1,F,39.00,39.00,DIST-OPEN,,AVAIL,N,380
250622,15,11,12,28,17,F,39.00,663.00,DIST-OPEN,,AVAIL,N,370
250622,15,1,13,17,5,F,39.00,195.00,SEAN HOLD,,AVAIL,N,370
250622,15,21,3,20,18,F,39.00,702.00,DIST-OPEN,,AVAIL,N,380
250622,15,21,23,28,6,F,39.00,234.00,DIST-OPEN,,AVAIL,N,380
250622,15,1,6,12,7,F,39.00,273.00,DOQ-WHEELCHAIR,WCACC,AVAIL,N,370
250622,15,14,16,28,13,F,39.00,507.00,DIST-OPEN,,AVAIL,N,380
250622,15,2,4,12,9,F,39.00,351.00,DIST-OPEN,,AVAIL,N,370
250622,15,5,1,12,12,F,39.00,468.00,DIST-OPEN,,AVAIL,N,370
250622,15,9,3,12,10,F,39.00,390.00,DIST-OPEN,,AVAIL,N,370
250622,15,6,1,12,12,F,39.00,468.00,DIST-OPEN,,AVAIL,N,370
250622,15,9,17,21,5,F,39.00,195.00,DIST-OPEN,,AVAIL,N,370
250622,15,7,1,27,27,F,39.00,1053.00,DIST-OPEN,,AVAIL,N,370
250622,15,3,5,24,20,F,39.00,780.00,DIST-OPEN,,AVAIL,N,370
250622,15,2,17,20,4,F,39.00,156.00,DIST-OPEN,,AVAIL,N,370
250622,15,15,3,28,26,F,39.00,1014.00,DIST-OPEN,,AVAIL,N,380
250622,15,17,2,28,27,F,39.00,1053.00,DIST-OPEN,,AVAIL,N,380
250622,15,19,1,28,28,F,39.00,1092.00,DIST-OPEN,,AVAIL,N,380
250622,15,13,3,28,26,F,39.00,1014.00,DIST-OPEN,,AVAIL,N,380
250622,16,12,22,22,1,F,39.00,39.00,DIST-OPEN,,AVAIL,N,310
250622,16,14,22,28,7,F,39.00,273.00,DIST-OPEN,,AVAIL,N,310
250622,16,20,13,19,7,F,39.00,273.00,DIST-OPEN,,AVAIL,N,310
250622,16,11,18,18,1,F,39.00,39.00,DIST-OPEN,,AVAIL,N,310
250622,16,14,15,16,2,F,39.00,78.00,DIST-OPEN,,AVAIL,N,310
250622,16,21,11,28,18,F,39.00,702.00,DIST-OPEN,,AVAIL,N,310
250622,16,2,24,26,3,D,59.00,177.00,DIST-OPEN,,AVAIL,N,270
250622,16,8,11,28,18,D,59.00,1062.00,DIST-OPEN,,AVAIL,N,270
250622,16,2,1,17,17,D,59.00,1003.00,DIST-OPEN,,AVAIL,N,270
250622,16,3,1,28,28,D,59.00,1652.00,DIST-OPEN,,AVAIL,N,270
250622,16,9,1,28,28,D,59.00,1652.00,DIST-OPEN,,AVAIL,N,270
250622,16,6,1,28,28,D,59.00,1652.00,DIST-OPEN,,AVAIL,N,270
250622,16,4,1,28,28,D,59.00,1652.00,DIST-OPEN,,AVAIL,N,270
250622,16,5,3,28,26,D,59.00,1534.00,DIST-OPEN,,AVAIL,N,270
250622,16,7,1,28,28,D,59.00,1652.00,DIST-OPEN,,AVAIL,N,270
250622,16,15,17,17,1,F,39.00,39.00,DIST-OPEN,,AVAIL,N,310
250622,16,17,20,20,1,F,39.00,39.00,DIST-OPEN,,AVAIL,N,310
250622,17,21,26,28,3,E,49.00,147.00,DIST-OPEN,,AVAIL,N,220
250622,17,16,27,27,1,E,49.00,49.00,DIST-OPEN,,AVAIL,N,220
250622,17,20,1,5,5,E,49.00,245.00,SEAN HOLD,,AVAIL,N,220
250622,17,21,1,23,23,E,49.00,1127.00,DIST-OPEN,,AVAIL,N,220
250622,17,20,6,28,23,E,49.00,1127.00,DIST-OPEN,,AVAIL,N,220
250622,17,19,1,22,22,E,49.00,1078.00,DIST-OPEN,,AVAIL,N,220
250622,17,17,27,27,1,E,49.00,49.00,DIST-OPEN,,AVAIL,N,220
250622,17,8,9,24,16,D,59.00,944.00,DIST-OPEN,,AVAIL,N,140
250622,17,6,14,26,13,D,59.00,767.00,DIST-OPEN,,AVAIL,N,140
250622,17,13,10,25,16,E,49.00,784.00,DIST-OPEN,,AVAIL,N,220
250622,17,16,4,25,22,E,49.00,1078.00,DIST-OPEN,,AVAIL,N,220
250622,17,15,3,26,24,E,49.00,1176.00,DIST-OPEN,,AVAIL,N,220
250622,17,5,14,26,13,D,59.00,767.00,DIST-OPEN,,AVAIL,N,140
250622,17,6,3,5,3,D,59.00,177.00,DIST-OPEN,,AVAIL,N,140
250622,17,17,11,25,15,E,49.00,735.00,DIST-OPEN,,AVAIL,N,220
250622,17,10,4,25,22,D,59.00,1298.00,DIST-OPEN,,AVAIL,N,140
250622,17,4,14,24,11,D,59.00,649.00,DIST-OPEN,,AVAIL,N,140
250622,17,5,3,5,3,D,59.00,177.00,DIST-OPEN,,AVAIL,N,140
250622,17,3,1,5,5,D,59.00,295.00,DIST-OPEN,,AVAIL,N,140
250622,17,2,3,5,3,D,59.00,177.00,DIST-OPEN,,AVAIL,N,140
250622,17,4,1,5,5,D,59.00,295.00,DIST-OPEN,,AVAIL,N,140
250622,17,3,14,24,11,D,59.00,649.00,DIST-OPEN,,AVAIL,N,140
250622,17,12,5,23,19,E,49.00,931.00,DIST-OPEN,,AVAIL,N,220
250622,17,7,13,26,14,D,59.00,826.00,DIST-OPEN,,AVAIL,N,140
250622,17,2,16,24,9,D,59.00,531.00,DIST-OPEN,,AVAIL,N,140
250622,17,1,20,20,1,D,59.00,59.00,DIST-OPEN,,AVAIL,N,60
250622,18,14,18,27,10,E,49.00,490.00,DIST-OPEN,,AVAIL,N,210
250622,18,14,13,15,3,E,49.00,147.00,DRESS,,AVAIL,N,210
250622,18,10,1,8,8,D,59.00,472.00,SEAN HOLD,,AVAIL,N,130
250622,18,12,21,23,3,E,49.00,147.00,DIST-OPEN,,AVAIL,N,210
250622,18,7,10,10,1,D,59.00,59.00,DIST-OPEN,,AVAIL,N,130
250622,18,8,27,27,1,D,59.00,59.00,DIST-OPEN,,AVAIL,N,130
250622,18,6,4,4,1,D,59.00,59.00,DIST-OPEN,,AVAIL,N,130
250622,18,7,15,15,1,D,59.00,59.00,DIST-OPEN,,AVAIL,N,130
250622,18,14,7,7,1,E,49.00,49.00,DIST-OPEN,,AVAIL,N,210
250622,18,4,25,25,1,D,59.00,59.00,DIST-OPEN,,AVAIL,N,130
250622,18,21,18,24,7,E,49.00,343.00,DIST-OPEN,,AVAIL,N,210
250622,18,18,3,22,20,E,49.00,980.00,DIST-OPEN,,AVAIL,N,210
250622,18,10,11,29,19,D,59.00,1121.00,DIST-OPEN,,AVAIL,N,130
250622,18,9,16,27,12,D,59.00,708.00,DIST-OPEN,,AVAIL,N,130
250622,18,21,1,11,11,E,49.00,539.00,DIST-OPEN,,AVAIL,N,210
250622,18,4,7,7,1,D,59.00,59.00,DIST-OPEN,,AVAIL,N,130
250622,18,17,1,12,12,E,49.00,588.00,DIST-OPEN,,AVAIL,N,210
250622,18,16,3,27,25,E,49.00,1225.00,DIST-OPEN,,AVAIL,N,210
250622,18,7,12,12,1,D,59.00,59.00,DIST-OPEN,,AVAIL,N,130
250622,18,6,13,13,1,D,59.00,59.00,DIST-OPEN,,AVAIL,N,130
250622,18,19,1,22,22,E,49.00,1078.00,DIST-OPEN,,AVAIL,N,210
250622,18,13,6,6,1,E,49.00,49.00,DIST-OPEN,,AVAIL,N,210
250622,18,7,27,27,1,D,59.00,59.00,DIST-OPEN,,AVAIL,N,130
250622,18,20,1,26,26,E,49.00,1274.00,DIST-OPEN,,AVAIL,N,210
250622,18,8,2,9,8,D,59.00,472.00,DIST-OPEN,,AVAIL,N,130
250622,18,13,9,9,1,E,49.00,49.00,DIST-OPEN,,AVAIL,N,210
250622,18,13,12,12,1,E,49.00,49.00,DIST-OPEN,,AVAIL,N,210
250622,18,9,7,13,7,D,59.00,413.00,DIST-OPEN,,AVAIL,N,130
250622,18,11,9,29,21,D,59.00,1239.00,DIST-OPEN,,AVAIL,N,130
250622,18,17,17,26,10,E,49.00,490.00,DIST-OPEN,,AVAIL,N,210
250622,18,15,17,26,10,E,49.00,490.00,DIST-OPEN,,AVAIL,N,210
250622,19,12,18,18,1,L,23.00,23.00,DIST-OPEN,,AVAIL,N,230
250622,19,7,22,24,3,K,41.00,123.00,DIST-OPEN,,AVAIL,N,150
250622,19,2,24,28,5,K,41.00,205.00,SUPPORTERS,,AVAIL,N,150
250622,19,2,6,6,1,K,41.00,41.00,DIST-OPEN,,AVAIL,N,150
250622,19,7,5,18,14,K,41.00,574.00,DIST-OPEN,,AVAIL,N,150
250622,19,5,24,24,1,K,41.00,41.00,DIST-OPEN,,AVAIL,N,150
250622,19,2,7,13,7,K,41.00,287.00,SUPPORTERS,,AVAIL,N,150
250622,19,9,11,28,18,K,41.00,738.00,DIST-OPEN,,AVAIL,N,150
250622,19,11,13,28,16,K,41.00,656.00,DIST-OPEN,,AVAIL,N,150
250622,19,9,6,7,2,K,41.00,82.00,DIST-OPEN,,AVAIL,N,150
250622,19,10,5,28,24,K,41.00,984.00,DIST-OPEN,,AVAIL,N,150
250622,19,8,7,28,22,K,41.00,902.00,DIST-OPEN,,AVAIL,N,150
250622,19,4,9,9,1,K,41.00,41.00,DIST-OPEN,,AVAIL,N,150
250622,19,3,12,12,1,K,41.00,41.00,DIST-OPEN,,AVAIL,N,150
250622,19,3,24,24,1,K,41.00,41.00,DIST-OPEN,,AVAIL,N,150
250622,19,6,11,16,6,K,41.00,246.00,DIST-OPEN,,AVAIL,N,150
250622,19,2,15,16,2,K,41.00,82.00,SUPPORTERS,,AVAIL,N,150
250622,20,21,3,25,23,F,39.00,897.00,DIST-OPEN,,AVAIL,N,320
250622,20,2,23,28,6,D,59.00,354.00,DIST-OPEN,,AVAIL,N,280
250622,20,18,1,28,28,F,39.00,1092.00,DIST-OPEN,,AVAIL,N,320
250622,20,12,18,24,7,F,39.00,273.00,DIST-OPEN,,AVAIL,N,320
250622,20,20,1,28,28,F,39.00,1092.00,DIST-OPEN,,AVAIL,N,320
250622,20,12,5,5,1,F,39.00,39.00,DIST-OPEN,,AVAIL,N,320
250622,20,16,3,28,26,F,39.00,1014.00,DIST-OPEN,,AVAIL,N,320
250622,20,14,16,28,13,F,39.00,507.00,DIST-OPEN,,AVAIL,N,320
250622,20,12,12,13,2,F,39.00,78.00,DIST-OPEN,,AVAIL,N,320
250622,20,4,3,28,26,D,59.00,1534.00,DIST-OPEN,,AVAIL,N,280
250622,20,11,15,28,14,F,39.00,546.00,DIST-OPEN,,AVAIL,N,320
250622,20,2,8,17,10,D,59.00,590.00,SEAN HOLD,,AVAIL,N,280
250622,20,1,3,22,20,D,59.00,1180.00,DOQ-WHEELCHAIR,WCACC,AVAIL,N,280
250622,20,2,6,7,2,D,59.00,118.00,DIST-OPEN,,AVAIL,N,280
250622,20,2,1,2,2,D,59.00,118.00,DIST-OPEN,,AVAIL,N,280
250622,20,9,5,23,19,D,59.00,1121.00,DIST-OPEN,,AVAIL,N,280
250622,20,7,3,28,26,D,59.00,1534.00,DIST-OPEN,,AVAIL,N,280
250622,20,8,6,23,18,D,59.00,1062.00,DIST-OPEN,,AVAIL,N,280
250622,20,17,13,28,16,F,39.00,624.00,DIST-OPEN,,AVAIL,N,320
250622,20,17,5,8,4,F,39.00,156.00,DIST-OPEN,,AVAIL,N,320
250622,20,19,3,27,25,F,39.00,975.00,DIST-OPEN,,AVAIL,N,320
250622,20,15,13,26,14,F,39.00,546.00,DIST-OPEN,,AVAIL,N,320
250622,20,5,8,25,18,D,59.00,1062.00,DIST-OPEN,,AVAIL,N,280
250622,20,3,3,28,26,D,59.00,1534.00,DIST-OPEN,,AVAIL,N,280
250622,21,17,1,28,28,F,39.00,1092.00,DIST-OPEN,,AVAIL,N,400
250622,21,21,1,28,28,F,39.00,1092.00,DIST-OPEN,,AVAIL,N,400
250622,21,11,1,28,28,F,39.00,1092.00,DIST-OPEN,,AVAIL,N,390
250622,21,19,1,28,28,F,39.00,1092.00,DIST-OPEN,,AVAIL,N,400
250622,21,12,1,5,5,F,39.00,195.00,SEAN HOLD,,AVAIL,N,400
250622,21,1,3,22,20,F,39.00,780.00,DOQ-WHEELCHAIR,WCACC,AVAIL,N,390
250622,21,4,1,28,28,F,39.00,1092.00,DIST-OPEN,,AVAIL,N,390
250622,21,3,1,28,28,F,39.00,1092.00,DIST-OPEN,,AVAIL,N,390
250622,21,7,1,28,28,F,39.00,1092.00,DIST-OPEN,,AVAIL,N,390
250622,21,2,4,28,25,F,39.00,975.00,DIST-OPEN,,AVAIL,N,390
250622,21,9,1,28,28,F,39.00,1092.00,DIST-OPEN,,AVAIL,N,390
250622,21,5,1,28,28,F,39.00,1092.00,DIST-OPEN,,AVAIL,N,390
250622,21,15,3,26,24,F,39.00,936.00,DIST-OPEN,,AVAIL,N,400
250622,21,13,1,28,28,F,39.00,1092.00,DIST-OPEN,,AVAIL,N,400
250622,22,1,5,14,10,G,29.00,290.00,DOQ-WHEELCHAIR,WCACC,AVAIL,N,440
250622,22,12,7,8,2,G,29.00,58.00,SEAN HOLD,,AVAIL,N,440
250622,FLD1,A,20,23,4,A,259.00,1036.00,DIST-OPEN,,AVAIL,N,10
250622,FLD1,A,27,30,4,A,259.00,1036.00,BIZDEV,,AVAIL,N,10
250622,FLD2,A,14,15,2,A,259.00,518.00,DIST-OPEN,,AVAIL,N,20
250622,FLD2,A,27,30,4,A,259.00,1036.00,BIZDEV,,AVAIL,N,20
250622,FLD2,A,26,26,1,A,259.00,259.00,DIST-OPEN,,AVAIL,N,20
250622,FSTE1,GA0,1,25,25,N,280.00,7000.00,KILL,,AVAIL,Y,100
250622,FSTE2,GA0,1,25,25,N,280.00,7000.00,KILL,,AVAIL,Y,100
250622,FSTE3,GA0,1,25,25,N,280.00,7000.00,KILL,,AVAIL,Y,100
250622,STE2,GA0,1,25,25,M,260.00,6500.00,SUITES,,AVAIL,N,100
250622,STE4,GA0,26,28,3,M,260.00,780.00,SUITES,,AVAIL,N,100
250622,STE5,GA0,1,25,25,M,260.00,6500.00,KILL,,AVAIL,Y,100
250622F,GA1,GA0,14,25,12,A,60.00,720.00,AK HOLD,,AVAIL,N,10
250622G,GA1,GA0,1,50,50,A,0,0,OPEN,,AVAIL,N,10
250622H,GA1,GA0,1,4,4,A,0,0,KILL,,AVAIL,Y,10
250627,101,B,12,12,1,F,55.00,55.00,DIST-OPEN,,AVAIL,N,30
250627,101,T,6,27,22,F,55.00,1210.00,DRESS,,AVAIL,N,40
250627,101,D,21,21,1,F,55.00,55.00,DIST-OPEN,,AVAIL,N,30
250627,101,H,22,22,1,F,55.00,55.00,DIST-OPEN,,AVAIL,N,30
250627,101,E,3,8,6,F,55.00,330.00,SEAN HOLD,,AVAIL,N,30
250627,101,F,13,14,2,F,55.00,110.00,DIST-OPEN,,AVAIL,N,30
250627,101,L,13,17,5,F,55.00,275.00,DIST-OPEN,,AVAIL,N,40
250627,101,N,23,24,2,F,55.00,110.00,DIST-OPEN,,AVAIL,N,40
250627,101,J,8,10,3,F,55.00,165.00,DIST-OPEN,,AVAIL,N,30
250627,101,E,9,10,2,F,55.00,110.00,DIST-OPEN,,AVAIL,N,30
250627,101,B,16,16,1,F,55.00,55.00,DIST-OPEN,,AVAIL,N,30
250627,101,R,1,24,24,F,55.00,1320.00,DRESS,,AVAIL,N,40
250627,101,K,13,21,9,F,55.00,495.00,DRESS,,AVAIL,N,30
250627,101,D,9,10,2,F,55.00,110.00,DIST-OPEN,,AVAIL,N,30
250627,101,C,18,18,1,F,55.00,55.00,DIST-OPEN,,AVAIL,N,30
250627,101,C,5,6,2,F,55.00,110.00,DIST-OPEN,,AVAIL,N,30
250627,101,P,9,19,11,F,55.00,605.00,DRESS,,AVAIL,N,40
250627,102,D,4,10,7,D,72.00,504.00,DRESS,,AVAIL,N,50
250627,102,C,20,20,1,D,72.00,72.00,DIST-OPEN,,AVAIL,N,50
250627,102,K,5,6,2,D,72.00,144.00,DIST-OPEN,,AVAIL,N,50
250627,102,B,10,10,1,D,72.00,72.00,DIST-OPEN,,AVAIL,N,50
250627,102,H,19,23,5,D,72.00,360.00,DIST-OPEN,,AVAIL,N,50
250627,102,F,14,23,10,D,72.00,720.00,DIST-OPEN,,AVAIL,N,50
250627,102,E,4,5,2,D,72.00,144.00,DIST-OPEN,,AVAIL,N,50
250627,102,B,21,21,1,D,72.00,72.00,DIST-OPEN,,AVAIL,N,50
250627,102,E,8,15,8,D,72.00,576.00,DIST-OPEN,,AVAIL,N,50
250627,102,L,12,12,1,E,60.00,60.00,DIST-OPEN,,AVAIL,N,60
250627,102,M,13,13,1,E,60.00,60.00,DIST-OPEN,,AVAIL,N,60
250627,102,G,6,12,7,D,72.00,504.00,DIST-OPEN,,AVAIL,N,50
250627,102,L,13,14,2,E,60.00,120.00,OPEN,,AVAIL,N,60
250627,102,N,26,27,2,E,60.00,120.00,OPEN,,AVAIL,N,60
250627,102,P,25,27,3,E,60.00,180.00,OPEN,,AVAIL,N,60
250627,102,L,1,4,4,E,60.00,240.00,OPEN,,AVAIL,N,60
250627,102,H,3,12,10,D,72.00,720.00,DIST-OPEN,,AVAIL,N,50
250627,102,R,24,26,3,E,60.00,180.00,DIST-OPEN,,AVAIL,N,60
250627,102,R,18,20,3,E,60.00,180.00,DIST-OPEN,,AVAIL,N,60
250627,102,H,13,18,6,D,72.00,432.00,DRESS,,AVAIL,N,50
250627,102,F,5,13,9,D,72.00,648.00,DRESS,,AVAIL,N,50
250627,102,K,7,10,4,D,72.00,288.00,DRESS,,AVAIL,N,50
250627,102,E,16,24,9,D,72.00,648.00,DRESS,,AVAIL,N,50
250627,102,N,8,13,6,E,60.00,360.00,DRESS,,AVAIL,N,60
250627,102,J,19,22,4,D,72.00,288.00,DRESS,,AVAIL,N,50
250627,102,N,17,17,1,E,60.00,60.00,DIST-OPEN,,AVAIL,N,60
250627,102,K,11,24,14,D,72.00,1008.00,DIST-OPEN,,AVAIL,N,50
250627,102,R,3,16,14,E,60.00,840.00,DIST-OPEN,,AVAIL,N,60
250627,102,C,7,15,9,D,72.00,648.00,DIST-OPEN,,AVAIL,N,50
250627,102,J,9,18,10,D,72.00,720.00,DIST-OPEN,,AVAIL,N,50
250627,102,B,24,24,1,D,72.00,72.00,DIST-OPEN,,AVAIL,N,50
250627,102,D,11,22,12,D,72.00,864.00,DIST-OPEN,,AVAIL,N,50
250627,103,D,13,14,2,D,72.00,144.00,DIST-OPEN,,AVAIL,N,70
250627,103,T,12,27,16,E,60.00,960.00,DRESS,,AVAIL,N,80
250627,103,E,14,20,7,D,72.00,504.00,DIST-OPEN,,AVAIL,N,70
250627,103,R,3,12,10,E,60.00,600.00,DRESS,,AVAIL,N,80
250627,103,M,5,6,2,E,60.00,120.00,DRESS,,AVAIL,N,80
250627,103,U,16,27,12,E,60.00,720.00,DRESS,,AVAIL,N,80
250627,103,V,16,25,10,E,60.00,600.00,DRESS,,AVAIL,N,80
250627,103,M,11,27,17,E,60.00,1020.00,DRESS,,AVAIL,N,80
250627,103,R,17,17,1,E,60.00,60.00,DRESS,,AVAIL,N,80
250627,103,P,8,27,20,E,60.00,1200.00,DRESS,,AVAIL,N,80
250627,103,K,8,19,12,D,72.00,864.00,DRESS,,AVAIL,N,70
250627,103,S,3,25,23,E,60.00,1380.00,DRESS,,AVAIL,N,80
250627,103,H,13,18,6,D,72.00,432.00,DRESS,,AVAIL,N,70
250627,103,K,4,5,2,D,72.00,144.00,DIST-OPEN,,AVAIL,N,70
250627,103,D,15,25,11,D,72.00,792.00,BIZDEV,,AVAIL,N,70
250627,103,L,17,19,3,E,60.00,180.00,DIST-OPEN,,AVAIL,N,80
250627,103,R,20,23,4,E,60.00,240.00,DIST-OPEN,,AVAIL,N,80
250627,103,N,21,23,3,E,60.00,180.00,DIST-OPEN,,AVAIL,N,80
250627,103,Q,8,22,15,E,60.00,900.00,DIST-OPEN,,AVAIL,N,80
250627,103,C,5,5,1,D,72.00,72.00,DIST-OPEN,,AVAIL,N,70
250627,103,L,24,24,1,E,60.00,60.00,DIST-OPEN,,AVAIL,N,80
250627,103,F,17,23,7,D,72.00,504.00,SEAN HOLD,,AVAIL,N,70
250627,103,R,16,16,1,E,60.00,60.00,DIST-OPEN,,AVAIL,N,80
250627,103,F,5,5,1,D,72.00,72.00,DIST-OPEN,,AVAIL,N,70
250627,103,C,16,23,8,D,72.00,576.00,DIST-OPEN,,AVAIL,N,70
250627,103,F,24,27,4,D,72.00,288.00,DIST-OPEN,,AVAIL,N,70
250627,103,C,7,13,7,D,72.00,504.00,DIST-OPEN,,AVAIL,N,70
250627,103,B,8,8,1,D,72.00,72.00,DIST-OPEN,,AVAIL,N,70
250627,104,P,7,20,14,F,55.00,770.00,DIST-OPEN,,AVAIL,N,100
250627,104,M,11,16,6,F,55.00,330.00,DIST-OPEN,,AVAIL,N,100
250627,104,U,25,27,3,F,55.00,165.00,DRESS,,AVAIL,N,100
250627,104,V,22,27,6,F,55.00,330.00,DRESS,,AVAIL,N,100
250627,104,D,7,7,1,J,37.00,37.00,DIST-OPEN,,AVAIL,N,90
250627,104,A,8,8,1,F,55.00,55.00,DIST-OPEN,,AVAIL,N,90
250627,104,L,14,25,12,F,55.00,660.00,DIST-OPEN,,AVAIL,N,100
250627,104,K,26,26,1,J,37.00,37.00,DIST-OPEN,,AVAIL,N,90
250627,104,J,14,25,12,F,55.00,660.00,DIST-OPEN,,AVAIL,N,90
250627,104,H,18,23,6,F,55.00,330.00,DRESS,,AVAIL,N,90
250627,104,J,9,11,3,F,55.00,165.00,DIST-OPEN,,AVAIL,N,90
250627,104,J,4,4,1,F,55.00,55.00,DIST-OPEN,,AVAIL,N,90
250627,104,M,17,22,6,F,55.00,330.00,DRESS,,AVAIL,N,100
250627,104,E,15,21,7,F,55.00,385.00,DIST-OPEN,,AVAIL,N,90
250627,104,G,9,24,16,F,55.00,880.00,DIST-OPEN,,AVAIL,N,90
250627,104,D,15,15,1,J,37.00,37.00,DIST-OPEN,,AVAIL,N,90
250627,105,C,3,12,10,G,43.00,430.00,OPEN,,AVAIL,N,110
250627,106,U,1,8,8,H,32.00,256.00,SIGNAGE HOLD,,AVAIL,N,140
250627,106,T,2,8,7,H,32.00,224.00,SIGNAGE HOLD,,AVAIL,N,140
250627,106,V,1,8,8,H,32.00,256.00,SIGNAGE HOLD,,AVAIL,N,140
250627,106,L,1,8,8,G,43.00,344.00,SIGNAGE HOLD,,AVAIL,N,130
250627,106,K,1,8,8,G,43.00,344.00,SIGNAGE HOLD,,AVAIL,N,130
250627,106,AA,3,8,6,H,32.00,192.00,SIGNAGE HOLD,,AVAIL,N,140
250627,106,R,1,8,8,G,43.00,344.00,SIGNAGE HOLD,,AVAIL,N,130
250627,106,W,1,8,8,H,32.00,256.00,SIGNAGE HOLD,,AVAIL,N,140
250627,106,Q,1,8,8,G,43.00,344.00,SIGNAGE HOLD,,AVAIL,N,130
250627,106,N,1,8,8,G,43.00,344.00,SIGNAGE HOLD,,AVAIL,N,130
250627,106,P,1,8,8,G,43.00,344.00,SIGNAGE HOLD,,AVAIL,N,130
250627,106,M,1,8,8,G,43.00,344.00,SIGNAGE HOLD,,AVAIL,N,130
250627,106,S,1,8,8,G,43.00,344.00,SIGNAGE HOLD,,AVAIL,N,130
250627,106,X,1,8,8,H,32.00,256.00,SIGNAGE HOLD,,AVAIL,N,140
250627,106,Z,5,8,4,H,32.00,128.00,SIGNAGE HOLD,,AVAIL,N,140
250627,106,Y,1,8,8,H,32.00,256.00,SIGNAGE HOLD,,AVAIL,N,140
250627,107,T,1,19,19,H,32.00,608.00,DOQ-TFG1COMPHOLD,TFG1COMPHOLD,AVAIL,N,160
250627,107,Y,11,20,10,H,32.00,320.00,DIST-OPEN,,AVAIL,N,160
250627,107,S,21,21,1,G,43.00,43.00,DIST-OPEN,,AVAIL,N,150
250627,107,R,21,21,1,G,43.00,43.00,DIST-OPEN,,AVAIL,N,150
250627,107,AA,9,9,1,H,32.00,32.00,DIST-OPEN,,AVAIL,N,160
250627,108,Q,21,21,1,G,43.00,43.00,DOQ-VETTX1HOLD,VETTX1HOLD,AVAIL,N,170
250627,108,Z,13,16,4,H,32.00,128.00,DIST-OPEN,,AVAIL,N,180
250627,108,P,1,3,3,G,43.00,129.00,DIST-OPEN,,AVAIL,N,170
250627,108,X,12,21,10,H,32.00,320.00,DIST-OPEN,,AVAIL,N,180
250627,108,P,16,21,6,G,43.00,258.00,DIST-OPEN,,AVAIL,N,170
250627,108,V,18,18,1,H,32.00,32.00,DIST-OPEN,,AVAIL,N,180
250627,108,P,8,10,3,G,43.00,129.00,DIST-OPEN,,AVAIL,N,170
250627,108,X,9,9,1,H,32.00,32.00,DIST-OPEN,,AVAIL,N,180
250627,108,S,16,18,3,G,43.00,129.00,DIST-OPEN,,AVAIL,N,170
250627,108,Z,9,10,2,H,32.00,64.00,DIST-OPEN,,AVAIL,N,180
250627,108,M,13,14,2,G,43.00,86.00,DIST-OPEN,,AVAIL,N,170
250627,109,S,1,2,2,G,43.00,86.00,DIST-OPEN,,AVAIL,N,190
250627,109,R,5,6,2,G,43.00,86.00,SEAN HOLD,,AVAIL,N,190
250627,109,R,1,2,2,G,43.00,86.00,SEAN HOLD,,AVAIL,N,190
250627,109,W,17,17,1,H,32.00,32.00,DIST-OPEN,,AVAIL,N,200
250627,109,R,3,4,2,G,43.00,86.00,DIST-OPEN,,AVAIL,N,190
250627,109,N,7,21,15,G,43.00,645.00,DIST-OPEN,,AVAIL,N,190
250627,109,P,7,21,15,G,43.00,645.00,DIST-OPEN,,AVAIL,N,190
250627,109,Q,1,6,6,G,43.00,258.00,SEAN HOLD,,AVAIL,N,190
250627,109,K,11,17,7,G,43.00,301.00,DIST-OPEN,,AVAIL,N,190
250627,110,K,3,6,4,G,43.00,172.00,DIST-OPEN,,AVAIL,N,210
250627,110,L,6,21,16,G,43.00,688.00,DIST-OPEN,,AVAIL,N,210
250627,110,T,12,12,1,H,32.00,32.00,DIST-OPEN,,AVAIL,N,220
250627,110,Y,17,21,5,H,32.00,160.00,DIST-OPEN,,AVAIL,N,220
250627,110,K,16,18,3,G,43.00,129.00,DIST-OPEN,,AVAIL,N,210
250627,110,S,13,21,9,G,43.00,387.00,PLAYERS,,AVAIL,N,210
250627,110,R,11,21,11,G,43.00,473.00,PLAYERS,,AVAIL,N,210
250627,110,Q,1,21,21,G,43.00,903.00,PLAYERS,,AVAIL,N,210
250627,110,N,10,21,12,G,43.00,516.00,PLAYERS,,AVAIL,N,210
250627,110,Y,11,13,3,H,32.00,96.00,DIST-OPEN,,AVAIL,N,220
250627,110,K,12,14,3,G,43.00,129.00,DIST-OPEN,,AVAIL,N,210
250627,111,S,1,21,21,G,43.00,903.00,DOQ-VETTX1HOLD,VETTX1HOLD,AVAIL,N,230
250627,111,Q,19,21,3,G,43.00,129.00,DOQ-VETTX1HOLD,VETTX1HOLD,AVAIL,N,230
250627,111,R,1,21,21,G,43.00,903.00,DOQ-VETTX1HOLD,VETTX1HOLD,AVAIL,N,230
250627,111,K,1,21,21,G,43.00,903.00,DIST-OPEN,,AVAIL,N,230
250627,111,U,15,15,1,H,32.00,32.00,DIST-OPEN,,AVAIL,N,240
250627,111,U,11,11,1,H,32.00,32.00,DIST-OPEN,,AVAIL,N,240
250627,111,Y,3,21,19,H,32.00,608.00,DIST-OPEN,,AVAIL,N,240
250627,111A,K,1,8,8,F,55.00,440.00,SIGNAGE HOLD,,AVAIL,N,250
250627,111A,L,1,8,8,F,55.00,440.00,SIGNAGE HOLD,,AVAIL,N,250
250627,111A,X,1,8,8,H,32.00,256.00,SIGNAGE HOLD,,AVAIL,N,260
250627,111A,U,1,8,8,H,32.00,256.00,SIGNAGE HOLD,,AVAIL,N,260
250627,111A,Q,1,8,8,F,55.00,440.00,SIGNAGE HOLD,,AVAIL,N,250
250627,111A,V,1,8,8,H,32.00,256.00,SIGNAGE HOLD,,AVAIL,N,260
250627,111A,M,1,8,8,F,55.00,440.00,SIGNAGE HOLD,,AVAIL,N,250
250627,111A,W,1,8,8,H,32.00,256.00,SIGNAGE HOLD,,AVAIL,N,260
250627,111A,Y,1,8,8,H,32.00,256.00,SIGNAGE HOLD,,AVAIL,N,260
250627,111A,P,1,8,8,F,55.00,440.00,SIGNAGE HOLD,,AVAIL,N,250
250627,111A,N,1,8,8,F,55.00,440.00,SIGNAGE HOLD,,AVAIL,N,250
250627,111A,S,1,8,8,F,55.00,440.00,SIGNAGE HOLD,,AVAIL,N,250
250627,111A,Z,1,8,8,H,32.00,256.00,SIGNAGE HOLD,,AVAIL,N,260
250627,111A,T,1,8,8,H,32.00,256.00,SIGNAGE HOLD,,AVAIL,N,260
250627,111A,R,1,8,8,F,55.00,440.00,SIGNAGE HOLD,,AVAIL,N,250
250627,111A,AA,1,8,8,H,32.00,256.00,SIGNAGE HOLD,,AVAIL,N,260
250627,112,D,5,8,4,E,60.00,240.00,DRESS,,AVAIL,N,270
250627,112,B,5,8,4,E,60.00,240.00,DRESS,,AVAIL,N,270
250627,112,D,1,4,4,E,60.00,240.00,DIST-OPEN,,AVAIL,N,270
250627,112,B,3,4,2,E,60.00,120.00,DIST-OPEN,,AVAIL,N,270
250627,112,G,1,8,8,E,60.00,480.00,DRESS,,AVAIL,N,270
250627,112,F,1,8,8,E,60.00,480.00,DRESS,,AVAIL,N,270
250627,112,E,3,8,6,E,60.00,360.00,DIST-OPEN,,AVAIL,N,270
250627,112,A,3,8,6,E,60.00,360.00,DIST-OPEN,,AVAIL,N,270
250627,112,C,1,8,8,E,60.00,480.00,DIST-OPEN,,AVAIL,N,270
250627,113,B,6,10,5,E,60.00,300.00,DRESS,,AVAIL,N,280
250627,113,D,1,10,10,E,60.00,600.00,DRESS,,AVAIL,N,280
250627,113,F,1,21,21,E,60.00,1260.00,DRESS,,AVAIL,N,280
250627,113,B,11,21,11,E,60.00,660.00,DIST-OPEN,,AVAIL,N,280
250627,113,D,11,21,11,E,60.00,660.00,DIST-OPEN,,AVAIL,N,280
250627,113,G,1,21,21,E,60.00,1260.00,DRESS,,AVAIL,N,280
250627,113,E,1,10,10,E,60.00,600.00,DIST-OPEN,,AVAIL,N,280
250627,113,C,1,14,14,E,60.00,840.00,DIST-OPEN,,AVAIL,N,280
250627,113,A,1,18,18,E,60.00,1080.00,DIST-OPEN,,AVAIL,N,280
250627,113,C,15,21,7,E,60.00,420.00,DRESS,,AVAIL,N,280
250627,113,B,5,5,1,E,60.00,60.00,SEAN HOLD,,AVAIL,N,280
250627,113,E,15,18,4,E,60.00,240.00,DIST-OPEN,,AVAIL,N,280
250627,114,E,5,14,10,E,60.00,600.00,DRESS,,AVAIL,N,290
250627,114,D,1,6,6,E,60.00,360.00,DRESS,,AVAIL,N,290
250627,114,F,1,13,13,E,60.00,780.00,DRESS,,AVAIL,N,290
250627,114,C,11,14,4,E,60.00,240.00,DIST-OPEN,,AVAIL,N,290
250627,114,D,11,14,4,E,60.00,240.00,DIST-OPEN,,AVAIL,N,290
250627,114,B,8,10,3,E,60.00,180.00,DIST-OPEN,,AVAIL,N,290
250627,114,B,3,5,3,E,60.00,180.00,DRESS,,AVAIL,N,290
250627,115,D,1,6,6,C,78.00,468.00,DIST-OPEN,,AVAIL,N,300
250627,115,B,1,3,3,C,78.00,234.00,DIST-OPEN,,AVAIL,N,300
250627,115,E,1,6,6,C,78.00,468.00,DIST-OPEN,,AVAIL,N,300
250627,115,F,1,6,6,C,78.00,468.00,DRESS,,AVAIL,N,300
250627,116,E,3,13,11,C,78.00,858.00,DIST-OPEN,,AVAIL,N,310
250627,116,D,1,13,13,C,78.00,1014.00,DIST-OPEN,,AVAIL,N,310
250627,116,F,3,14,12,C,78.00,936.00,DIST-OPEN,,AVAIL,N,310
250627,116,C,4,4,1,C,78.00,78.00,DIST-OPEN,,AVAIL,N,310
250627,116,C,12,12,1,C,78.00,78.00,DIST-OPEN,,AVAIL,N,310
250627,116,B,8,10,3,C,78.00,234.00,DRESS,,AVAIL,N,310
250627,116,B,13,14,2,C,78.00,156.00,DIST-OPEN,,AVAIL,N,310
250627,116ADA,G,3,10,8,C,78.00,624.00,DOQ-WHEELCHAIR,WCACC,AVAIL,N,320
250627,117,C,10,15,6,B,83.00,498.00,DRESS,,AVAIL,N,330
250627,117,D,3,3,1,B,83.00,83.00,DIST-OPEN,,AVAIL,N,330
250627,117,B,13,16,4,B,83.00,332.00,DIST-OPEN,,AVAIL,N,330
250627,117,D,12,16,5,B,83.00,415.00,DIST-OPEN,,AVAIL,N,330
250627,117,E,9,14,6,B,83.00,498.00,DIST-OPEN,,AVAIL,N,330
250627,117,F,6,14,9,B,83.00,747.00,DIST-OPEN,,AVAIL,N,330
250627,117,C,4,7,4,B,83.00,332.00,DRESS,,AVAIL,N,330
250627,118,E,2,15,14,B,83.00,1162.00,DRESS,,AVAIL,N,340
250627,118,B,3,6,4,B,83.00,332.00,DIST-OPEN,,AVAIL,N,340
250627,118,C,13,20,8,B,83.00,664.00,DIST-OPEN,,AVAIL,N,340
250627,118,C,1,2,2,B,83.00,166.00,DIST-OPEN,,AVAIL,N,340
250627,118,D,1,4,4,B,83.00,332.00,DIST-OPEN,,AVAIL,N,340
250627,118,D,9,20,12,B,83.00,996.00,DIST-OPEN,,AVAIL,N,340
250627,118,B,10,18,9,B,83.00,747.00,DIST-OPEN,,AVAIL,N,340
250627,118,F,3,18,16,B,83.00,1328.00,DIST-OPEN,,AVAIL,N,340
250627,118,E,16,17,2,B,83.00,166.00,DIST-OPEN,,AVAIL,N,340
250627,118,A,5,5,1,B,83.00,83.00,DIST-OPEN,,AVAIL,N,340
250627,119,E,1,16,16,C,78.00,1248.00,DRESS,,AVAIL,N,350
250627,119,A,5,10,6,C,78.00,468.00,DIST-OPEN,,AVAIL,N,350
250627,119,D,3,11,9,C,78.00,702.00,DIST-OPEN,,AVAIL,N,350
250627,119,B,7,16,10,C,78.00,780.00,DIST-OPEN,,AVAIL,N,350
250627,119,C,1,16,16,C,78.00,1248.00,DRESS,,AVAIL,N,350
250627,119,F,6,14,9,C,78.00,702.00,DIST-OPEN,,AVAIL,N,350
250627,119ADA,G,6,10,5,C,78.00,390.00,DOQ-WHEELCHAIR,WCACC,AVAIL,N,360
250627,120,D,1,6,6,C,78.00,468.00,DRESS,,AVAIL,N,370
250627,120,B,3,6,4,C,78.00,312.00,DRESS,,AVAIL,N,370
250627,120,C,1,6,6,C,78.00,468.00,DIST-OPEN,,AVAIL,N,370
250627,120,A,3,6,4,C,78.00,312.00,DIST-OPEN,,AVAIL,N,370
250627,120,E,1,6,6,C,78.00,468.00,DIST-OPEN,,AVAIL,N,370
250627,120,F,1,6,6,C,78.00,468.00,DRESS,,AVAIL,N,370
250627,121,F,3,4,2,E,60.00,120.00,DRESS,,AVAIL,N,380
250627,121,D,1,14,14,E,60.00,840.00,DRESS,,AVAIL,N,380
250627,121,B,9,14,6,E,60.00,360.00,DRESS,,AVAIL,N,380
250627,121,F,7,14,8,E,60.00,480.00,DRESS,,AVAIL,N,380
250627,121,A,12,12,1,E,60.00,60.00,DIST-OPEN,,AVAIL,N,380
250627,121,C,5,14,10,E,60.00,600.00,DIST-OPEN,,AVAIL,N,380
250627,121,E,1,14,14,E,60.00,840.00,DRESS,,AVAIL,N,380
250627,121,B,3,8,6,E,60.00,360.00,SEAN HOLD,,AVAIL,N,380
250627,121ADA,G,1,10,10,E,60.00,600.00,DOQ-WHEELCHAIR,WCACC,AVAIL,N,390
250627,122,D,1,21,21,E,60.00,1260.00,DRESS,,AVAIL,N,400
250627,122,F,1,21,21,E,60.00,1260.00,DRESS,,AVAIL,N,400
250627,122,G,1,21,21,E,60.00,1260.00,DRESS,,AVAIL,N,400
250627,122,B,1,21,21,E,60.00,1260.00,DRESS,,AVAIL,N,400
250627,122,C,1,21,21,E,60.00,1260.00,DIST-OPEN,,AVAIL,N,400
250627,122,E,1,21,21,E,60.00,1260.00,DIST-OPEN,,AVAIL,N,400
250627,122,A,5,21,17,E,60.00,1020.00,DIST-OPEN,,AVAIL,N,400
250627,123,D,1,8,8,E,60.00,480.00,DRESS,,AVAIL,N,410
250627,123,B,6,8,3,E,60.00,180.00,DRESS,,AVAIL,N,410
250627,123,G,1,8,8,E,60.00,480.00,DRESS,,AVAIL,N,410
250627,123,C,1,8,8,E,60.00,480.00,DIST-OPEN,,AVAIL,N,410
250627,123,F,1,8,8,E,60.00,480.00,DRESS,,AVAIL,N,410
250627,123,E,1,8,8,E,60.00,480.00,DIST-OPEN,,AVAIL,N,410
250627,123,A,1,8,8,E,60.00,480.00,DIST-OPEN,,AVAIL,N,410
250627,123,B,1,5,5,E,60.00,300.00,SEAN HOLD,,AVAIL,N,410
250627,STE1,GA0,1,25,25,K,220.00,5500.00,SUITES,,AVAIL,N,100
250627,TSL,GA0,44,50,7,I,152.00,1064.00,FUTURE,,AVAIL,N,420
250627F,GA1,GA0,25,25,1,A,60.00,60.00,DIST-OPEN,,AVAIL,N,10
250627G,GA1,GA0,2,50,49,A,0,0,OPEN,,AVAIL,N,10
250627M,GA1,GA0,21,25,5,A,50.00,250.00,DIST-OPEN,,AVAIL,N,10
250628,101,A,20,20,1,F,55.00,55.00,DIST-OPEN,,AVAIL,N,30
250628,101,C,11,12,2,F,55.00,110.00,DIST-OPEN,,AVAIL,N,30
250628,101,C,18,18,1,F,55.00,55.00,DIST-OPEN,,AVAIL,N,30
250628,101,B,25,25,1,F,55.00,55.00,DIST-OPEN,,AVAIL,N,30
250628,101,A,14,14,1,F,55.00,55.00,DIST-OPEN,,AVAIL,N,30
250628,101,J,1,3,3,F,55.00,165.00,DIST-OPEN,,AVAIL,N,30
250628,101,D,21,21,1,F,55.00,55.00,DIST-OPEN,,AVAIL,N,30
250628,101,A,1,1,1,F,55.00,55.00,DIST-OPEN,,AVAIL,N,30
250628,101,G,22,23,2,F,55.00,110.00,DIST-OPEN,,AVAIL,N,30
250628,101,V,19,20,2,F,55.00,110.00,DIST-OPEN,,AVAIL,N,40
250628,101,T,13,27,15,F,55.00,825.00,DIST-OPEN,,AVAIL,N,40
250628,101,M,23,25,3,F,55.00,165.00,DIST-OPEN,,AVAIL,N,40
250628,101,F,16,17,2,F,55.00,110.00,DIST-OPEN,,AVAIL,N,30
250628,101,E,17,18,2,F,55.00,110.00,DIST-OPEN,,AVAIL,N,30
250628,102,D,24,24,1,D,72.00,72.00,DIST-OPEN,,AVAIL,N,50
250628,102,M,14,15,2,E,60.00,120.00,DIST-OPEN,,AVAIL,N,60
250628,102,B,21,21,1,D,72.00,72.00,DIST-OPEN,,AVAIL,N,50
250628,102,E,10,21,12,D,72.00,864.00,DIST-OPEN,,AVAIL,N,50
250628,102,H,3,3,1,D,72.00,72.00,DIST-OPEN,,AVAIL,N,50
250628,102,K,11,24,14,D,72.00,1008.00,DIST-OPEN,,AVAIL,N,50
250628,102,C,17,17,1,D,72.00,72.00,DIST-OPEN,,AVAIL,N,50
250628,102,F,14,21,8,D,72.00,576.00,DIST-OPEN,,AVAIL,N,50
250628,102,R,21,21,1,E,60.00,60.00,DIST-OPEN,,AVAIL,N,60
250628,102,C,20,20,1,D,72.00,72.00,DIST-OPEN,,AVAIL,N,50
250628,102,B,24,24,1,D,72.00,72.00,DIST-OPEN,,AVAIL,N,50
250628,102,J,9,22,14,D,72.00,1008.00,DIST-OPEN,,AVAIL,N,50
250628,102,M,6,6,1,E,60.00,60.00,DIST-OPEN,,AVAIL,N,60
250628,102,L,19,19,1,E,60.00,60.00,DIST-OPEN,,AVAIL,N,60
250628,102,N,13,14,2,E,60.00,120.00,DIST-OPEN,,AVAIL,N,60
250628,102,H,5,23,19,D,72.00,1368.00,DIST-OPEN,,AVAIL,N,50
250628,102,N,26,27,2,E,60.00,120.00,DIST-OPEN,,AVAIL,N,60
250628,102,L,13,14,2,E,60.00,120.00,DIST-OPEN,,AVAIL,N,60
250628,102,Q,17,19,3,E,60.00,180.00,DIST-OPEN,,AVAIL,N,60
250628,102,C,23,23,1,D,72.00,72.00,DIST-OPEN,,AVAIL,N,50
250628,102,Q,1,8,8,E,60.00,480.00,DIST-OPEN,,AVAIL,N,60
250628,102,E,24,24,1,D,72.00,72.00,DIST-OPEN,,AVAIL,N,50
250628,103,L,10,20,11,E,60.00,660.00,DIST-OPEN,,AVAIL,N,80
250628,103,R,7,12,6,E,60.00,360.00,DIST-OPEN,,AVAIL,N,80
250628,103,S,16,25,10,E,60.00,600.00,DIST-OPEN,,AVAIL,N,80
250628,103,J,2,4,3,D,72.00,216.00,DIST-OPEN,,AVAIL,N,70
250628,103,F,24,27,4,D,72.00,288.00,DIST-OPEN,,AVAIL,N,70
250628,103,V,6,13,8,E,60.00,480.00,DIST-OPEN,,AVAIL,N,80
250628,103,T,1,14,14,E,60.00,840.00,DIST-OPEN,,AVAIL,N,80
250628,103,R,20,20,1,E,60.00,60.00,DIST-OPEN,,AVAIL,N,80
250628,103,G,3,4,2,D,72.00,144.00,DIST-OPEN,,AVAIL,N,70
250628,103,K,13,27,15,D,72.00,1080.00,DIST-OPEN,,AVAIL,N,70
250628,103,G,11,22,12,D,72.00,864.00,DIST-OPEN,,AVAIL,N,70
250628,103,J,10,17,8,D,72.00,576.00,DIST-OPEN,,AVAIL,N,70
250628,103,D,15,25,11,D,72.00,792.00,BIZDEV,,AVAIL,N,70
250628,103,C,19,19,1,D,72.00,72.00,DIST-OPEN,,AVAIL,N,70
250628,103,Q,14,15,2,E,60.00,120.00,DIST-OPEN,,AVAIL,N,80
250628,103,T,21,23,3,E,60.00,180.00,DIST-OPEN,,AVAIL,N,80
250628,103,D,12,12,1,D,72.00,72.00,DIST-OPEN,,AVAIL,N,70
250628,103,H,5,16,12,D,72.00,864.00,DIST-OPEN,,AVAIL,N,70
250628,103,R,16,17,2,E,60.00,120.00,DIST-OPEN,,AVAIL,N,80
250628,103,F,5,7,3,D,72.00,216.00,DIST-OPEN,,AVAIL,N,70
250628,103,F,15,23,9,D,72.00,648.00,SEAN HOLD,,AVAIL,N,70
250628,103,V,22,25,4,E,60.00,240.00,DIST-OPEN,,AVAIL,N,80
250628,103,U,3,23,21,E,60.00,1260.00,DIST-OPEN,,AVAIL,N,80
250628,103,N,6,27,22,E,60.00,1320.00,DIST-OPEN,,AVAIL,N,80
250628,103,J,21,25,5,D,72.00,360.00,DIST-OPEN,,AVAIL,N,70
250628,104,M,16,25,10,F,55.00,550.00,DIST-OPEN,,AVAIL,N,100
250628,104,J,9,11,3,F,55.00,165.00,DIST-OPEN,,AVAIL,N,90
250628,104,N,5,27,23,F,55.00,1265.00,DIST-OPEN,,AVAIL,N,100
250628,104,P,9,25,17,F,55.00,935.00,DIST-OPEN,,AVAIL,N,100
250628,104,R,5,26,22,F,55.00,1210.00,DIST-OPEN,,AVAIL,N,100
250628,104,F,8,8,1,J,37.00,37.00,DIST-OPEN,,AVAIL,N,90
250628,104,J,12,13,2,J,37.00,74.00,DIST-OPEN,,AVAIL,N,90
250628,104,M,26,27,2,J,37.00,74.00,DIST-OPEN,,AVAIL,N,100
250628,104,M,3,5,3,F,55.00,165.00,DIST-OPEN,,AVAIL,N,100
250628,104,B,10,20,11,F,55.00,605.00,DIST-OPEN,,AVAIL,N,90
250628,104,D,18,21,4,F,55.00,220.00,DIST-OPEN,,AVAIL,N,90
250628,104,H,5,23,19,F,55.00,1045.00,DIST-OPEN,,AVAIL,N,90
250628,104,K,26,27,2,J,37.00,74.00,DIST-OPEN,,AVAIL,N,90
250628,104,K,3,3,1,J,37.00,37.00,DIST-OPEN,,AVAIL,N,90
250628,104,L,21,25,5,F,55.00,275.00,DIST-OPEN,,AVAIL,N,100
250628,104,U,8,27,20,F,55.00,1100.00,DIST-OPEN,,AVAIL,N,100
250628,104,V,5,27,23,F,55.00,1265.00,DIST-OPEN,,AVAIL,N,100
250628,105,K,24,25,2,G,43.00,86.00,DOQ-VETTX1HOLD,VETTX1HOLD,AVAIL,N,110
250628,105,L,15,24,10,G,43.00,430.00,DOQ-VETTX1HOLD,VETTX1HOLD,AVAIL,N,120
250628,106,V,1,8,8,H,32.00,256.00,SIGNAGE HOLD,,AVAIL,N,140
250628,106,T,1,8,8,H,32.00,256.00,SIGNAGE HOLD,,AVAIL,N,140
250628,106,U,1,8,8,H,32.00,256.00,SIGNAGE HOLD,,AVAIL,N,140
250628,106,Z,1,8,8,H,32.00,256.00,SIGNAGE HOLD,,AVAIL,N,140
250628,106,Y,1,8,8,H,32.00,256.00,SIGNAGE HOLD,,AVAIL,N,140
250628,106,S,1,8,8,G,43.00,344.00,SIGNAGE HOLD,,AVAIL,N,130
250628,106,R,1,8,8,G,43.00,344.00,SIGNAGE HOLD,,AVAIL,N,130
250628,106,Q,1,8,8,G,43.00,344.00,SIGNAGE HOLD,,AVAIL,N,130
250628,106,P,1,8,8,G,43.00,344.00,SIGNAGE HOLD,,AVAIL,N,130
250628,106,N,1,8,8,G,43.00,344.00,SIGNAGE HOLD,,AVAIL,N,130
250628,106,AA,1,8,8,H,32.00,256.00,SIGNAGE HOLD,,AVAIL,N,140
250628,106,W,1,8,8,H,32.00,256.00,SIGNAGE HOLD,,AVAIL,N,140
250628,106,M,1,4,4,G,43.00,172.00,SIGNAGE HOLD,,AVAIL,N,130
250628,106,X,1,8,8,H,32.00,256.00,SIGNAGE HOLD,,AVAIL,N,140
250628,106,L,5,8,4,G,43.00,172.00,SIGNAGE HOLD,,AVAIL,N,130
250628,106,K,5,8,4,G,43.00,172.00,SIGNAGE HOLD,,AVAIL,N,130
250628,107,T,1,19,19,H,32.00,608.00,DOQ-TFG1COMPHOLD,TFG1COMPHOLD,AVAIL,N,160
250628,107,M,1,4,4,G,43.00,172.00,SEAN HOLD,,AVAIL,N,150
250628,107,N,21,21,1,G,43.00,43.00,DIST-OPEN,,AVAIL,N,150
250628,109,L,15,16,2,G,43.00,86.00,DIST-OPEN,,AVAIL,N,190
250628,109,R,3,4,2,G,43.00,86.00,DIST-OPEN,,AVAIL,N,190
250628,109,K,17,17,1,G,43.00,43.00,DIST-OPEN,,AVAIL,N,190
250628,109,R,7,19,13,G,43.00,559.00,DIST-OPEN,,AVAIL,N,190
250628,109,P,4,8,5,G,43.00,215.00,DIST-OPEN,,AVAIL,N,190
250628,109,AA,18,19,2,H,32.00,64.00,DIST-OPEN,,AVAIL,N,200
250628,109,Q,6,6,1,G,43.00,43.00,SEAN HOLD,,AVAIL,N,190
250628,109,P,10,21,12,G,43.00,516.00,DIST-OPEN,,AVAIL,N,190
250628,109,AA,13,13,1,H,32.00,32.00,DIST-OPEN,,AVAIL,N,200
250628,110,L,8,20,13,G,43.00,559.00,DIST-OPEN,,AVAIL,N,210
250628,110,S,19,21,3,G,43.00,129.00,PLAYERS,,AVAIL,N,210
250628,110,K,11,18,8,G,43.00,344.00,DIST-OPEN,,AVAIL,N,210
250628,111,K,5,7,3,G,43.00,129.00,DIST-OPEN,,AVAIL,N,230
250628,111,L,3,21,19,G,43.00,817.00,DIST-OPEN,,AVAIL,N,230
250628,111,P,20,21,2,G,43.00,86.00,DOQ-VETTX1HOLD,VETTX1HOLD,AVAIL,N,230
250628,111,AA,17,21,5,H,32.00,160.00,DIST-OPEN,,AVAIL,N,240
250628,111,R,4,21,18,G,43.00,774.00,DIST-OPEN,,AVAIL,N,230
250628,111,K,17,21,5,G,43.00,215.00,DIST-OPEN,,AVAIL,N,230
250628,111,Y,5,20,16,H,32.00,512.00,DIST-OPEN,,AVAIL,N,240
250628,111,AA,5,14,10,H,32.00,320.00,DIST-OPEN,,AVAIL,N,240
250628,111,U,7,7,1,H,32.00,32.00,DIST-OPEN,,AVAIL,N,240
250628,111,W,19,19,1,H,32.00,32.00,DIST-OPEN,,AVAIL,N,240
250628,111A,M,1,8,8,F,55.00,440.00,SIGNAGE HOLD,,AVAIL,N,250
250628,111A,L,1,8,8,F,55.00,440.00,SIGNAGE HOLD,,AVAIL,N,250
250628,111A,AA,1,8,8,H,32.00,256.00,SIGNAGE HOLD,,AVAIL,N,260
250628,111A,Z,1,8,8,H,32.00,256.00,SIGNAGE HOLD,,AVAIL,N,260
250628,111A,Y,1,8,8,H,32.00,256.00,SIGNAGE HOLD,,AVAIL,N,260
250628,111A,W,1,8,8,H,32.00,256.00,SIGNAGE HOLD,,AVAIL,N,260
250628,111A,V,1,8,8,H,32.00,256.00,SIGNAGE HOLD,,AVAIL,N,260
250628,111A,U,1,8,8,H,32.00,256.00,SIGNAGE HOLD,,AVAIL,N,260
250628,111A,T,1,8,8,H,32.00,256.00,SIGNAGE HOLD,,AVAIL,N,260
250628,111A,S,1,8,8,F,55.00,440.00,SIGNAGE HOLD,,AVAIL,N,250
250628,111A,R,1,8,8,F,55.00,440.00,SIGNAGE HOLD,,AVAIL,N,250
250628,111A,Q,1,8,8,F,55.00,440.00,SIGNAGE HOLD,,AVAIL,N,250
250628,111A,P,1,8,8,F,55.00,440.00,SIGNAGE HOLD,,AVAIL,N,250
250628,111A,N,1,8,8,F,55.00,440.00,SIGNAGE HOLD,,AVAIL,N,250
250628,111A,X,1,8,8,H,32.00,256.00,SIGNAGE HOLD,,AVAIL,N,260
250628,111A,K,1,8,8,F,55.00,440.00,SIGNAGE HOLD,,AVAIL,N,250
250628,112,F,1,8,8,E,60.00,480.00,DIST-OPEN,,AVAIL,N,270
250628,112,G,1,8,8,E,60.00,480.00,DIST-OPEN,,AVAIL,N,270
250628,112,E,3,8,6,E,60.00,360.00,DIST-OPEN,,AVAIL,N,270
250628,112,C,1,8,8,E,60.00,480.00,DIST-OPEN,,AVAIL,N,270
250628,112,A,5,8,4,E,60.00,240.00,DIST-OPEN,,AVAIL,N,270
250628,112,B,1,8,8,E,60.00,480.00,DIST-OPEN,,AVAIL,N,270
250628,112,D,1,8,8,E,60.00,480.00,DIST-OPEN,,AVAIL,N,270
250628,113,E,1,10,10,E,60.00,600.00,DIST-OPEN,,AVAIL,N,280
250628,113,G,1,21,21,E,60.00,1260.00,DIST-OPEN,,AVAIL,N,280
250628,113,E,15,21,7,E,60.00,420.00,DIST-OPEN,,AVAIL,N,280
250628,113,B,6,16,11,E,60.00,660.00,DIST-OPEN,,AVAIL,N,280
250628,113,D,1,21,21,E,60.00,1260.00,DIST-OPEN,,AVAIL,N,280
250628,113,A,8,16,9,E,60.00,540.00,DIST-OPEN,,AVAIL,N,280
250628,113,C,1,21,21,E,60.00,1260.00,DIST-OPEN,,AVAIL,N,280
250628,113,E,11,12,2,E,60.00,120.00,AK HOLD,,AVAIL,N,280
250628,113,B,3,5,3,E,60.00,180.00,SEAN HOLD,,AVAIL,N,280
250628,113,F,4,21,18,E,60.00,1080.00,DIST-OPEN,,AVAIL,N,280
250628,113,A,18,18,1,E,60.00,60.00,DIST-OPEN,,AVAIL,N,280
250628,114,F,1,9,9,E,60.00,540.00,DIST-OPEN,,AVAIL,N,290
250628,114,B,12,14,3,E,60.00,180.00,DIST-OPEN,,AVAIL,N,290
250628,114,D,1,14,14,E,60.00,840.00,DIST-OPEN,,AVAIL,N,290
250628,114,A,8,10,3,E,60.00,180.00,DIST-OPEN,,AVAIL,N,290
250628,114,C,5,10,6,E,60.00,360.00,DIST-OPEN,,AVAIL,N,290
250628,114,B,3,5,3,E,60.00,180.00,DIST-OPEN,,AVAIL,N,290
250628,114,E,1,14,14,E,60.00,840.00,DIST-OPEN,,AVAIL,N,290
250628,115,B,3,3,1,C,78.00,78.00,DIST-OPEN,,AVAIL,N,300
250628,115,F,1,6,6,C,78.00,468.00,DIST-OPEN,,AVAIL,N,300
250628,115,D,4,6,3,C,78.00,234.00,DIST-OPEN,,AVAIL,N,300
250628,115,E,1,2,2,C,78.00,156.00,DIST-OPEN,,AVAIL,N,300
250628,116,A,10,11,2,C,78.00,156.00,DIST-OPEN,,AVAIL,N,310
250628,116,F,1,12,12,C,78.00,936.00,DIST-OPEN,,AVAIL,N,310
250628,116,D,6,13,8,C,78.00,624.00,DIST-OPEN,,AVAIL,N,310
250628,116,B,13,16,4,C,78.00,312.00,DIST-OPEN,,AVAIL,N,310
250628,116,E,6,13,8,C,78.00,624.00,DIST-OPEN,,AVAIL,N,310
250628,116,B,8,10,3,C,78.00,234.00,DIST-OPEN,,AVAIL,N,310
250628,116,C,12,12,1,C,78.00,78.00,DIST-OPEN,,AVAIL,N,310
250628,116,C,4,4,1,C,78.00,78.00,DIST-OPEN,,AVAIL,N,310
250628,116ADA,G,3,10,8,C,78.00,624.00,DOQ-WHEELCHAIR,WCACC,AVAIL,N,320
250628,117,C,4,15,12,B,83.00,996.00,DIST-OPEN,,AVAIL,N,330
250628,117,E,11,14,4,B,83.00,332.00,DIST-OPEN,,AVAIL,N,330
250628,117,D,3,15,13,B,83.00,1079.00,DIST-OPEN,,AVAIL,N,330
250628,117,B,11,16,6,B,83.00,498.00,DIST-OPEN,,AVAIL,N,330
250628,117,F,10,12,3,B,83.00,249.00,DIST-OPEN,,AVAIL,N,330
250628,117,F,8,9,2,B,83.00,166.00,SEAN HOLD,,AVAIL,N,330
250628,118,F,10,18,9,B,83.00,747.00,DIST-OPEN,,AVAIL,N,340
250628,118,C,11,20,10,B,83.00,830.00,DIST-OPEN,,AVAIL,N,340
250628,118,A,5,5,1,B,83.00,83.00,DIST-OPEN,,AVAIL,N,340
250628,118,D,1,4,4,B,83.00,332.00,DIST-OPEN,,AVAIL,N,340
250628,118,E,9,17,9,B,83.00,747.00,DIST-OPEN,,AVAIL,N,340
250628,118,C,3,4,2,B,83.00,166.00,DIST-OPEN,,AVAIL,N,340
250628,118,F,3,4,2,B,83.00,166.00,DIST-OPEN,,AVAIL,N,340
250628,118,D,9,20,12,B,83.00,996.00,DIST-OPEN,,AVAIL,N,340
250628,119,F,5,5,1,C,78.00,78.00,DIST-OPEN,,AVAIL,N,350
250628,119,D,1,12,12,C,78.00,936.00,DIST-OPEN,,AVAIL,N,350
250628,119,A,5,10,6,C,78.00,468.00,DIST-OPEN,,AVAIL,N,350
250628,119,C,4,14,11,C,78.00,858.00,DIST-OPEN,,AVAIL,N,350
250628,119,E,5,13,9,C,78.00,702.00,DIST-OPEN,,AVAIL,N,350
250628,119,B,5,16,12,C,78.00,936.00,DIST-OPEN,,AVAIL,N,350
250628,119,F,7,16,10,C,78.00,780.00,DIST-OPEN,,AVAIL,N,350
250628,119ADA,G,7,10,4,C,78.00,312.00,DOQ-WHEELCHAIR,WCACC,AVAIL,N,360
250628,120,D,1,6,6,C,78.00,468.00,DIST-OPEN,,AVAIL,N,370
250628,120,F,1,6,6,C,78.00,468.00,DIST-OPEN,,AVAIL,N,370
250628,120,C,4,6,3,C,78.00,234.00,DIST-OPEN,,AVAIL,N,370
250628,120,E,1,6,6,C,78.00,468.00,DIST-OPEN,,AVAIL,N,370
250628,120,A,3,6,4,C,78.00,312.00,DIST-OPEN,,AVAIL,N,370
250628,120,B,3,6,4,C,78.00,312.00,DIST-OPEN,,AVAIL,N,370
250628,121,B,13,14,2,E,60.00,120.00,DIST-OPEN,,AVAIL,N,380
250628,121,D,1,6,6,E,60.00,360.00,DIST-OPEN,,AVAIL,N,380
250628,121,E,1,14,14,E,60.00,840.00,DIST-OPEN,,AVAIL,N,380
250628,121,F,3,14,12,E,60.00,720.00,DIST-OPEN,,AVAIL,N,380
250628,121,C,5,8,4,E,60.00,240.00,DIST-OPEN,,AVAIL,N,380
250628,121,D,11,12,2,E,60.00,120.00,DIST-OPEN,,AVAIL,N,380
250628,121ADA,G,4,10,7,E,60.00,420.00,DOQ-WHEELCHAIR,WCACC,AVAIL,N,390
250628,122,D,1,21,21,E,60.00,1260.00,DIST-OPEN,,AVAIL,N,400
250628,122,B,1,21,21,E,60.00,1260.00,DIST-OPEN,,AVAIL,N,400
250628,122,C,3,21,19,E,60.00,1140.00,DIST-OPEN,,AVAIL,N,400
250628,122,E,1,21,21,E,60.00,1260.00,DIST-OPEN,,AVAIL,N,400
250628,122,G,1,19,19,E,60.00,1140.00,DIST-OPEN,,AVAIL,N,400
250628,122,F,1,21,21,E,60.00,1260.00,DIST-OPEN,,AVAIL,N,400
250628,123,E,1,8,8,E,60.00,480.00,DIST-OPEN,,AVAIL,N,410
250628,123,C,1,8,8,E,60.00,480.00,DIST-OPEN,,AVAIL,N,410
250628,123,A,1,8,8,E,60.00,480.00,DIST-OPEN,,AVAIL,N,410
250628,123,B,6,8,3,E,60.00,180.00,DIST-OPEN,,AVAIL,N,410
250628,123,B,1,5,5,E,60.00,300.00,SEAN HOLD,,AVAIL,N,410
250628,123,D,1,8,8,E,60.00,480.00,DIST-OPEN,,AVAIL,N,410
250628,123,F,1,8,8,E,60.00,480.00,DIST-OPEN,,AVAIL,N,410
250628,123,G,1,8,8,E,60.00,480.00,DIST-OPEN,,AVAIL,N,410
250628,FLD1,A,14,14,1,A,237.00,237.00,DIST-OPEN,,AVAIL,N,100
250628,FLD2,A,9,9,1,A,237.00,237.00,DIST-OPEN,,AVAIL,N,100
250628,STE3,GA0,21,25,5,K,220.00,1100.00,SUITES,,AVAIL,N,100
250628,TSL,GA0,41,50,10,I,152.00,1520.00,FUTURE,,AVAIL,N,420
250628C,GA1,GA0,1,1,1,A,299.00,299.00,DIST-OPEN,,AVAIL,N,10
250628F,GA1,GA0,25,25,1,A,60.00,60.00,DIST-OPEN,,AVAIL,N,10
250628G,GA1,GA0,1,50,50,A,0,0,OPEN,,AVAIL,N,10
250628M,GA1,GA7,18,25,8,A,50.00,400.00,DIST-OPEN,,AVAIL,N,10
250704,100,1,1,8,8,C,110.00,880.00,SEAN HOLD,,AVAIL,N,170
250704,100,5,1,8,8,C,110.00,880.00,DIST-OPEN,,AVAIL,N,170
250704,100,7,1,8,8,C,110.00,880.00,DIST-OPEN,,AVAIL,N,170
250704,100,9,1,8,8,C,110.00,880.00,DIST-OPEN,,AVAIL,N,170
250704,100,3,1,8,8,C,110.00,880.00,DIST-OPEN,,AVAIL,N,170
250704,101,4,3,8,6,B,98.00,588.00,DRESS,,AVAIL,N,90
250704,101,3,9,18,10,B,98.00,980.00,DRESS,,AVAIL,N,90
250704,101,6,1,8,8,B,98.00,784.00,DRESS,,AVAIL,N,90
250704,101,7,1,18,18,B,98.00,1764.00,DRESS,,AVAIL,N,90
250704,101,2,1,8,8,B,98.00,784.00,DRESS,,AVAIL,N,90
250704,101,5,9,18,10,B,98.00,980.00,DRESS,,AVAIL,N,90
250704,101,4,9,18,10,B,98.00,980.00,DIST-OPEN,,AVAIL,N,90
250704,101,2,9,18,10,B,98.00,980.00,DIST-OPEN,,AVAIL,N,90
250704,101,3,1,8,8,B,98.00,784.00,DIST-OPEN,,AVAIL,N,90
250704,101,5,1,8,8,B,98.00,784.00,DIST-OPEN,,AVAIL,N,90
250704,101,1,1,12,12,B,98.00,1176.00,DIST-OPEN,,AVAIL,N,90
250704,101,6,9,18,10,B,98.00,980.00,DIST-OPEN,,AVAIL,N,90
250704,101L,L2,1,4,4,D,121.00,484.00,DOQ-LOGEBOHOLD,LOGEBOHOLD,AVAIL,N,190
250704,101L,L1,1,4,4,D,121.00,484.00,DOQ-LOGEBOHOLD,LOGEBOHOLD,AVAIL,N,190
250704,101L,L3,1,4,4,D,121.00,484.00,DOQ-LOGEBOHOLD,LOGEBOHOLD,AVAIL,N,190
250704,102,5,1,4,4,B,98.00,392.00,DIST-OPEN,,AVAIL,N,100
250704,102,6,1,4,4,B,98.00,392.00,DIST-OPEN,,AVAIL,N,100
250704,102,4,1,4,4,B,98.00,392.00,DIST-OPEN,,AVAIL,N,100
250704,102,3,1,4,4,B,98.00,392.00,DIST-OPEN,,AVAIL,N,100
250704,102A,A1,4,4,1,B,98.00,98.00,DOQ-COMPANION,COMPAN,AVAIL,N,110
250704,102A,A1,2,3,2,B,98.00,196.00,DOQ-WHEELCHAIR,WCACC,AVAIL,N,110
250704,102A,A1,1,1,1,B,98.00,98.00,DOQ-COMPANION,COMPAN,AVAIL,N,110
250704,103,2,5,10,6,A,144.00,864.00,DRESS,,AVAIL,N,10
250704,103,1,5,10,6,A,144.00,864.00,DIST-OPEN,,AVAIL,N,10
250704,103,4,5,10,6,A,144.00,864.00,DRESS,,AVAIL,N,10
250704,103,6,5,10,6,A,144.00,864.00,DRESS,,AVAIL,N,10
250704,103,3,5,10,6,A,144.00,864.00,DIST-OPEN,,AVAIL,N,10
250704,103,5,5,10,6,A,144.00,864.00,DIST-OPEN,,AVAIL,N,10
250704,103A,A1,5,5,1,A,144.00,144.00,DOQ-COMPANION,COMPAN,AVAIL,N,20
250704,103A,A1,8,8,1,A,144.00,144.00,DOQ-COMPANION,COMPAN,AVAIL,N,20
250704,103A,A1,6,7,2,A,144.00,288.00,DOQ-WHEELCHAIR,WCACC,AVAIL,N,20
250704,104,3,7,12,6,A,144.00,864.00,DRESS,,AVAIL,N,30
250704,104,4,7,12,6,A,144.00,864.00,DIST-OPEN,,AVAIL,N,30
250704,104,5,1,6,6,A,144.00,864.00,DIST-OPEN,,AVAIL,N,30
250704,104,5,7,18,12,A,144.00,1728.00,SEAN HOLD,,AVAIL,N,30
250704,104,4,1,6,6,A,144.00,864.00,DRESS,,AVAIL,N,30
250704,104,2,1,6,6,A,144.00,864.00,DRESS,,AVAIL,N,30
250704,104,2,17,20,4,A,144.00,576.00,DIST-OPEN,,AVAIL,N,30
250704,104,3,1,6,6,A,144.00,864.00,DIST-OPEN,,AVAIL,N,30
250704,104,2,7,12,6,A,144.00,864.00,DIST-OPEN,,AVAIL,N,30
250704,104,1,9,12,4,A,144.00,576.00,DIST-OPEN,,AVAIL,N,30
250704,105,4,5,8,4,A,144.00,576.00,DRESS,,AVAIL,N,40
250704,105,2,3,8,6,A,144.00,864.00,DIST-OPEN,,AVAIL,N,40
250704,105,5,6,8,3,A,144.00,432.00,DIST-OPEN,,AVAIL,N,40
250704,105,3,5,11,7,A,144.00,1008.00,DIST-OPEN,,AVAIL,N,40
250704,105,3,1,4,4,A,144.00,576.00,DRESS,,AVAIL,N,40
250704,105,5,3,4,2,A,144.00,288.00,DRESS,,AVAIL,N,40
250704,105,5,11,11,1,A,144.00,144.00,DIST-OPEN,,AVAIL,N,40
250704,105,4,9,12,4,A,144.00,576.00,DIST-OPEN,,AVAIL,N,40
250704,105,4,3,4,2,A,144.00,288.00,DIST-OPEN,,AVAIL,N,40
250704,106,2,7,14,8,A,144.00,1152.00,DRESS,,AVAIL,N,50
250704,106,3,1,6,6,A,144.00,864.00,DRESS,,AVAIL,N,50
250704,106,4,1,6,6,A,144.00,864.00,DIST-OPEN,,AVAIL,N,50
250704,106,4,7,14,8,A,144.00,1152.00,DRESS,,AVAIL,N,50
250704,106,3,7,14,8,A,144.00,1152.00,DIST-OPEN,,AVAIL,N,50
250704,106,5,5,14,10,A,144.00,1440.00,DIST-OPEN,,AVAIL,N,50
250704,107,4,1,10,10,A,144.00,1440.00,DRESS,,AVAIL,N,60
250704,107,3,11,20,10,A,144.00,1440.00,DRESS,,AVAIL,N,60
250704,107,5,11,20,10,A,144.00,1440.00,DRESS,,AVAIL,N,60
250704,107,2,1,20,20,A,144.00,2880.00,CAMERA KILL,,AVAIL,N,60
250704,107,1,1,20,20,A,144.00,2880.00,CAMERA KILL,,AVAIL,N,60
250704,107,5,1,10,10,A,144.00,1440.00,DIST-OPEN,,AVAIL,N,60
250704,107,4,11,20,10,A,144.00,1440.00,DIST-OPEN,,AVAIL,N,60
250704,107,3,1,10,10,A,144.00,1440.00,DIST-OPEN,,AVAIL,N,60
250704,108,1,1,6,6,A,144.00,864.00,DIST-OPEN,,AVAIL,N,70
250704,108,6,1,6,6,A,144.00,864.00,DRESS,,AVAIL,N,70
250704,108,2,1,6,6,A,144.00,864.00,DRESS,,AVAIL,N,70
250704,108,5,5,6,2,A,144.00,288.00,DIST-OPEN,,AVAIL,N,70
250704,108,3,1,6,6,A,144.00,864.00,DIST-OPEN,,AVAIL,N,70
250704,108,4,1,6,6,A,144.00,864.00,DRESS,,AVAIL,N,70
250704,108A,A1,2,3,2,A,144.00,288.00,DOQ-WHEELCHAIR,WCACC,AVAIL,N,80
250704,108A,A1,1,1,1,A,144.00,144.00,DOQ-COMPANION,COMPAN,AVAIL,N,80
250704,108A,A1,4,4,1,A,144.00,144.00,DOQ-COMPANION,COMPAN,AVAIL,N,80
250704,109,6,7,10,4,B,98.00,392.00,BOX OFFICE HOLD,,AVAIL,N,120
250704,109,5,7,10,4,B,98.00,392.00,BOX OFFICE HOLD,,AVAIL,N,120
250704,109,1,7,10,4,B,98.00,392.00,BOX OFFICE HOLD,,AVAIL,N,120
250704,109A,A1,8,8,1,B,98.00,98.00,DOQ-COMPANION,COMPAN,AVAIL,N,130
250704,109A,A1,5,5,1,B,98.00,98.00,DOQ-COMPANION,COMPAN,AVAIL,N,130
250704,109A,A1,6,7,2,B,98.00,196.00,DOQ-WHEELCHAIR,WCACC,AVAIL,N,130
250704,110,3,1,18,18,B,98.00,1764.00,BOX OFFICE HOLD,,AVAIL,N,140
250704,110,2,4,18,15,B,98.00,1470.00,BOX OFFICE HOLD,,AVAIL,N,140
250704,110,1,3,18,16,B,98.00,1568.00,BOX OFFICE HOLD,,AVAIL,N,140
250704,110,4,1,18,18,B,98.00,1764.00,BOX OFFICE HOLD,,AVAIL,N,140
250704,110,5,1,18,18,B,98.00,1764.00,BOX OFFICE HOLD,,AVAIL,N,140
250704,110,7,1,18,18,B,98.00,1764.00,BOX OFFICE HOLD,,AVAIL,N,140
250704,110,6,1,18,18,B,98.00,1764.00,BOX OFFICE HOLD,,AVAIL,N,140
250704,110L,L3,1,4,4,D,121.00,484.00,DOQ-LOGEBOHOLD,LOGEBOHOLD,AVAIL,N,200
250704,110L,L1,1,4,4,D,121.00,484.00,DOQ-LOGEBOHOLD,LOGEBOHOLD,AVAIL,N,200
250704,110L,L2,1,4,4,D,121.00,484.00,DOQ-LOGEBOHOLD,LOGEBOHOLD,AVAIL,N,200
250704,111,3,1,8,8,C,110.00,880.00,BOX OFFICE HOLD,,AVAIL,N,180
250704,111,5,1,8,8,C,110.00,880.00,BOX OFFICE HOLD,,AVAIL,N,180
250704,111,1,1,8,8,C,110.00,880.00,BOX OFFICE HOLD,,AVAIL,N,180
250704,111,7,1,8,8,C,110.00,880.00,BOX OFFICE HOLD,,AVAIL,N,180
250704,111,9,1,8,8,C,110.00,880.00,BOX OFFICE HOLD,,AVAIL,N,180
250704,112,1,1,12,12,N,29.00,348.00,FUTURE,,AVAIL,N,630
250704,112A,A1,1,8,8,N,29.00,232.00,WHEELCHAIR,,AVAIL,N,640
250704,113,1,1,12,12,N,29.00,348.00,FUTURE,,AVAIL,N,650
250704,113,R2,1,4,4,O,29.00,116.00,LOGE SELL 4,,AVAIL,N,780
250704,113,R1,1,4,4,O,29.00,116.00,LOGE SELL 4,,AVAIL,N,780
250704,114,1,1,12,12,N,29.00,348.00,FUTURE,,AVAIL,N,660
250704,114,R2,1,4,4,O,29.00,116.00,LOGE SELL 4,,AVAIL,N,790
250704,114,R1,1,4,4,O,29.00,116.00,LOGE SELL 4,,AVAIL,N,790
250704,115,1,1,12,12,N,29.00,348.00,FUTURE,,AVAIL,N,670
250704,115A,A1,1,8,8,N,29.00,232.00,WHEELCHAIR,,AVAIL,N,680
250704,116,B1,1,8,8,P,29.00,232.00,FUTURE,,AVAIL,N,820
250704,116,1,1,12,12,N,29.00,348.00,FUTURE,,AVAIL,N,690
250704,117,1,1,15,15,N,29.00,435.00,FUTURE,,AVAIL,N,700
250704,117,B1,1,10,10,P,29.00,290.00,FUTURE,,AVAIL,N,830
250704,118,B1,1,8,8,P,29.00,232.00,FUTURE,,AVAIL,N,840
250704,118,1,1,12,12,N,29.00,348.00,FUTURE,,AVAIL,N,710
250704,119,1,1,12,12,N,29.00,348.00,FUTURE,,AVAIL,N,720
250704,119A,A1,1,8,8,N,29.00,232.00,WHEELCHAIR,,AVAIL,N,730
250704,120,1,1,12,12,N,29.00,348.00,FUTURE,,AVAIL,N,740
250704,120,R2,1,4,4,O,29.00,116.00,LOGE SELL 4,,AVAIL,N,800
250704,120,R1,1,4,4,O,29.00,116.00,LOGE SELL 4,,AVAIL,N,800
250704,121,1,1,12,12,N,29.00,348.00,FUTURE,,AVAIL,N,750
250704,121,R2,1,4,4,O,29.00,116.00,LOGE SELL 4,,AVAIL,N,810
250704,121,R1,1,4,4,O,29.00,116.00,LOGE SELL 4,,AVAIL,N,810
250704,122,1,1,12,12,N,29.00,348.00,FUTURE,,AVAIL,N,760
250704,122A,A1,1,8,8,N,29.00,232.00,WHEELCHAIR,,AVAIL,N,770
250704,123,8,1,20,20,K,46.00,920.00,DRESS,,AVAIL,N,440
250704,123,7,11,20,10,K,46.00,460.00,DRESS,,AVAIL,N,440
250704,123,6,18,20,3,K,46.00,138.00,DIST-OPEN,,AVAIL,N,440
250704,123,7,1,10,10,K,46.00,460.00,DIST-OPEN,,AVAIL,N,440
250704,123,10,3,20,18,K,46.00,828.00,DRESS,,AVAIL,N,440
250704,123,9,1,20,20,K,46.00,920.00,DRESS,,AVAIL,N,440
250704,124,L2,1,4,4,L,41.00,164.00,LOGE SELL 4,,AVAIL,N,510
250704,124,L1,1,4,4,L,41.00,164.00,LOGE SELL 4,,AVAIL,N,510
250704,124,6,1,13,13,K,46.00,598.00,RELO,,AVAIL,N,450
250704,124,7,4,18,15,K,46.00,690.00,RELO,,AVAIL,N,450
250704,124A,A1,4,4,1,K,46.00,46.00,DOQ-COMPANION,COMPAN,AVAIL,N,460
250704,124A,A1,2,3,2,K,46.00,92.00,DOQ-WHEELCHAIR,WCACC,AVAIL,N,460
250704,124A,A1,1,1,1,K,46.00,46.00,DOQ-COMPANION,COMPAN,AVAIL,N,460
250704,125,2,8,10,3,I,64.00,192.00,DIST-OPEN,,AVAIL,N,290
250704,125,2,1,5,5,I,64.00,320.00,DIST-OPEN,,AVAIL,N,290
250704,125,6,9,9,1,I,64.00,64.00,DIST-OPEN,,AVAIL,N,290
250704,125,7,1,22,22,I,64.00,1408.00,RELO,,AVAIL,N,290
250704,125,6,10,19,10,I,64.00,640.00,RELO,,AVAIL,N,290
250704,125,5,19,20,2,I,64.00,128.00,RELO,,AVAIL,N,290
250704,125,1,6,13,8,I,64.00,512.00,RELO,,AVAIL,N,290
250704,125A,A1,1,14,14,I,64.00,896.00,WHEELCHAIR,,AVAIL,N,300
250704,126,6,9,16,8,I,64.00,512.00,DRESS,,AVAIL,N,310
250704,126,4,1,22,22,I,64.00,1408.00,DIST-OPEN,,AVAIL,N,310
250704,126,6,5,8,4,I,64.00,256.00,DIST-OPEN,,AVAIL,N,310
250704,126,1,1,16,16,I,64.00,1024.00,DIST-OPEN,,AVAIL,N,310
250704,126,5,9,16,8,I,64.00,512.00,DIST-OPEN,,AVAIL,N,310
250704,126,2,1,16,16,I,64.00,1024.00,DIST-OPEN,,AVAIL,N,310
250704,126,3,1,16,16,I,64.00,1024.00,DIST-OPEN,,AVAIL,N,310
250704,126,2,17,22,6,I,64.00,384.00,D1Q-OBSTRUCTED,OBSTRUCTED,AVAIL,N,310
250704,126,1,17,22,6,I,64.00,384.00,D1Q-OBSTRUCTED,OBSTRUCTED,AVAIL,N,310
250704,126,3,17,22,6,I,64.00,384.00,D1Q-OBSTRUCTED,OBSTRUCTED,AVAIL,N,310
250704,126,7,9,12,4,I,64.00,256.00,DIST-OPEN,,AVAIL,N,310
250704,126,7,1,4,4,I,64.00,256.00,DRESS,,AVAIL,N,310
250704,126A,A1,1,8,8,I,64.00,512.00,WHEELCHAIR,,AVAIL,N,320
250704,126L,L1,1,4,4,L,41.00,164.00,LOGE SELL 4,,AVAIL,N,520
250704,126L,L2,1,2,2,L,41.00,82.00,LOGE SELL 4,,AVAIL,N,520
250704,127,7,5,8,4,G,75.00,300.00,DIST-OPEN,,AVAIL,N,250
250704,127,5,10,10,1,G,75.00,75.00,DIST-OPEN,,AVAIL,N,250
250704,127,1,1,16,16,G,75.00,1200.00,D1Q-OBSTRUCTED,OBSTRUCTED,AVAIL,N,250
250704,127,3,1,16,16,G,75.00,1200.00,D1Q-OBSTRUCTED,OBSTRUCTED,AVAIL,N,250
250704,127,4,1,16,16,G,75.00,1200.00,D1Q-OBSTRUCTED,OBSTRUCTED,AVAIL,N,250
250704,127,2,1,16,16,G,75.00,1200.00,D1Q-OBSTRUCTED,OBSTRUCTED,AVAIL,N,250
250704,127,6,8,10,3,G,75.00,225.00,DIST-OPEN,,AVAIL,N,250
250704,128,3,1,6,6,I,64.00,384.00,D1Q-OBSTRUCTED,OBSTRUCTED,AVAIL,N,330
250704,128,7,7,22,16,I,64.00,1024.00,DIST-OPEN,,AVAIL,N,330
250704,128,A1,1,8,8,I,64.00,512.00,WHEELCHAIR,,AVAIL,N,340
250704,128,5,13,19,7,I,64.00,448.00,DIST-OPEN,,AVAIL,N,330
250704,128,6,7,15,9,I,64.00,576.00,DIST-OPEN,,AVAIL,N,330
250704,128,3,7,22,16,I,64.00,1024.00,DIST-OPEN,,AVAIL,N,330
250704,128,6,19,20,2,I,64.00,128.00,DIST-OPEN,,AVAIL,N,330
250704,128,4,1,22,22,I,64.00,1408.00,DIST-OPEN,,AVAIL,N,330
250704,128,1,7,22,16,I,64.00,1024.00,DIST-OPEN,,AVAIL,N,330
250704,128,2,1,6,6,I,64.00,384.00,D1Q-OBSTRUCTED,OBSTRUCTED,AVAIL,N,330
250704,128,1,1,6,6,I,64.00,384.00,D1Q-OBSTRUCTED,OBSTRUCTED,AVAIL,N,330
250704,128,2,7,22,16,I,64.00,1024.00,DIST-OPEN,,AVAIL,N,330
250704,128L,L2,1,4,4,L,41.00,164.00,LOGE SELL 4,,AVAIL,N,530
250704,128L,L1,1,2,2,L,41.00,82.00,LOGE SELL 4,,AVAIL,N,530
250704,129,7,1,22,22,I,64.00,1408.00,RELO,,AVAIL,N,350
250704,129,6,22,22,1,I,64.00,64.00,RELO,,AVAIL,N,350
250704,129,6,7,10,4,I,64.00,256.00,RELO,,AVAIL,N,350
250704,129,5,17,20,4,I,64.00,256.00,RELO,,AVAIL,N,350
250704,129,2,12,22,11,I,64.00,704.00,RELO,,AVAIL,N,350
250704,129,4,14,22,9,I,64.00,576.00,RELO,,AVAIL,N,350
250704,129,3,11,22,12,I,64.00,768.00,RELO,,AVAIL,N,350
250704,129,5,5,10,6,I,64.00,384.00,RELO,,AVAIL,N,350
250704,129A,A1,1,14,14,I,64.00,896.00,WHEELCHAIR,,AVAIL,N,360
250704,130,5,11,15,5,K,46.00,230.00,DIST-OPEN,,AVAIL,N,470
250704,130,6,19,24,6,K,46.00,276.00,DIST-OPEN,,AVAIL,N,470
250704,130,3,11,18,8,K,46.00,368.00,SEAN HOLD,,AVAIL,N,470
250704,130,5,17,21,5,K,46.00,230.00,DRESS,,AVAIL,N,470
250704,130,L3,1,4,4,L,41.00,164.00,LOGE SELL 4,,AVAIL,N,540
250704,130,L2,1,4,4,L,41.00,164.00,LOGE SELL 4,,AVAIL,N,540
250704,130,L1,1,4,4,L,41.00,164.00,LOGE SELL 4,,AVAIL,N,540
250704,130,1,24,24,1,K,46.00,46.00,SEAN HOLD,,AVAIL,N,470
250704,130,7,14,24,11,K,46.00,506.00,DRESS,,AVAIL,N,470
250704,130,6,6,13,8,K,46.00,368.00,DRESS,,AVAIL,N,470
250704,130A,A1,4,4,1,K,46.00,46.00,DOQ-COMPANION,COMPAN,AVAIL,N,480
250704,130A,A1,2,3,2,K,46.00,92.00,DOQ-WHEELCHAIR,WCACC,AVAIL,N,480
250704,130A,A1,1,1,1,K,46.00,46.00,DOQ-COMPANION,COMPAN,AVAIL,N,480
250704,131,10,1,8,8,K,46.00,368.00,DIST-OPEN,,AVAIL,N,490
250704,131,7,11,16,6,K,46.00,276.00,DIST-OPEN,,AVAIL,N,490
250704,131,1,13,16,4,K,46.00,184.00,DIST-OPEN,,AVAIL,N,490
250704,131,2,3,8,6,K,46.00,276.00,DIST-OPEN,,AVAIL,N,490
250704,131,10,9,16,8,K,46.00,368.00,DRESS,,AVAIL,N,490
250704,131,8,9,16,8,K,46.00,368.00,DRESS,,AVAIL,N,490
250704,131,6,9,16,8,K,46.00,368.00,DRESS,,AVAIL,N,490
250704,131,5,1,8,8,K,46.00,368.00,DRESS,,AVAIL,N,490
250704,131,4,9,16,8,K,46.00,368.00,DRESS,,AVAIL,N,490
250704,131,5,14,16,3,K,46.00,138.00,DIST-OPEN,,AVAIL,N,490
250704,131,9,1,8,8,K,46.00,368.00,DRESS,,AVAIL,N,490
250704,131,7,1,8,8,K,46.00,368.00,DRESS,,AVAIL,N,490
250704,131,1,1,8,8,K,46.00,368.00,DRESS,,AVAIL,N,490
250704,131,3,1,8,8,K,46.00,368.00,DRESS,,AVAIL,N,490
250704,131,2,11,16,6,K,46.00,276.00,DRESS,,AVAIL,N,490
250704,132,7,1,5,5,K,46.00,230.00,DIST-OPEN,,AVAIL,N,500
250704,132,1,4,5,2,K,46.00,92.00,DIST-OPEN,,AVAIL,N,500
250704,132,4,8,11,4,K,46.00,184.00,DIST-OPEN,,AVAIL,N,500
250704,132,5,1,5,5,K,46.00,230.00,DIST-OPEN,,AVAIL,N,500
250704,132,3,1,5,5,K,46.00,230.00,DIST-OPEN,,AVAIL,N,500
250704,132,2,6,11,6,K,46.00,276.00,DIST-OPEN,,AVAIL,N,500
250704,132,6,6,11,6,K,46.00,276.00,DIST-OPEN,,AVAIL,N,500
250704,132,6,1,5,5,K,46.00,230.00,DRESS,,AVAIL,N,500
250704,132,4,1,5,5,K,46.00,230.00,DRESS,,AVAIL,N,500
250704,132,2,1,5,5,K,46.00,230.00,DRESS,,AVAIL,N,500
250704,132,9,1,11,11,K,46.00,506.00,DRESS,,AVAIL,N,500
250704,132,8,1,11,11,K,46.00,506.00,DRESS,,AVAIL,N,500
250704,132,10,1,11,11,K,46.00,506.00,DRESS,,AVAIL,N,500
250704,132,3,6,11,6,K,46.00,276.00,DRESS,,AVAIL,N,500
250704,132,7,10,11,2,K,46.00,92.00,DRESS,,AVAIL,N,500
250704,132,5,6,11,6,K,46.00,276.00,DRESS,,AVAIL,N,500
250704,132,1,6,11,6,K,46.00,276.00,DRESS,,AVAIL,N,500
250704,200,2,4,5,2,M,29.00,58.00,DIST-OPEN,,AVAIL,N,550
250704,200,16,1,8,8,M,29.00,232.00,FUTURE,,AVAIL,N,550
250704,200,17,1,8,8,M,29.00,232.00,FUTURE,,AVAIL,N,550
250704,200,12,1,8,8,M,29.00,232.00,FUTURE,,AVAIL,N,550
250704,200,13,1,8,8,M,29.00,232.00,FUTURE,,AVAIL,N,550
250704,200,14,1,8,8,M,29.00,232.00,FUTURE,,AVAIL,N,550
250704,200,10,1,8,8,M,29.00,232.00,FUTURE,,AVAIL,N,550
250704,200,11,1,8,8,M,29.00,232.00,FUTURE,,AVAIL,N,550
250704,200,15,1,8,8,M,29.00,232.00,FUTURE,,AVAIL,N,550
250704,200,8,1,5,5,M,29.00,145.00,DRESS,,AVAIL,N,550
250704,200,9,1,8,8,M,29.00,232.00,DRESS,,AVAIL,N,550
250704,200,7,1,5,5,M,29.00,145.00,DRESS,,AVAIL,N,550
250704,200,5,1,5,5,M,29.00,145.00,DRESS,,AVAIL,N,550
250704,200,6,1,5,5,M,29.00,145.00,DRESS,,AVAIL,N,550
250704,200,1,2,4,3,M,29.00,87.00,DIST-OPEN,,AVAIL,N,550
250704,201,14,1,16,16,M,29.00,464.00,FUTURE,,AVAIL,N,570
250704,201,11,1,16,16,M,29.00,464.00,FUTURE,,AVAIL,N,570
250704,201,15,1,16,16,M,29.00,464.00,FUTURE,,AVAIL,N,570
250704,201,12,1,16,16,M,29.00,464.00,FUTURE,,AVAIL,N,570
250704,201,13,1,16,16,M,29.00,464.00,FUTURE,,AVAIL,N,570
250704,201,16,1,16,16,M,29.00,464.00,FUTURE,,AVAIL,N,570
250704,201,17,1,16,16,M,29.00,464.00,FUTURE,,AVAIL,N,570
250704,201,10,1,16,16,M,29.00,464.00,FUTURE,,AVAIL,N,570
250704,201,6,3,13,11,M,29.00,319.00,PLAYERS,,AVAIL,N,560
250704,201,7,3,13,11,M,29.00,319.00,PLAYERS,,AVAIL,N,560
250704,201,8,3,13,11,M,29.00,319.00,DRESS,,AVAIL,N,560
250704,201,1,14,16,3,M,29.00,87.00,DRESS,,AVAIL,N,560
250704,201,5,3,13,11,M,29.00,319.00,DRESS,,AVAIL,N,560
250704,201,9,1,16,16,M,29.00,464.00,DRESS,,AVAIL,N,560
250704,201,4,3,13,11,M,29.00,319.00,PLAYERS,,AVAIL,N,560
250704,201,2,11,13,3,M,29.00,87.00,DRESS,,AVAIL,N,560
250704,201,3,3,13,11,M,29.00,319.00,PLAYERS,,AVAIL,N,560
250704,201,2,9,10,2,M,29.00,58.00,DIST-OPEN,,AVAIL,N,560
250704,201,1,3,8,6,M,29.00,174.00,DIST-OPEN,,AVAIL,N,560
250704,201,2,3,6,4,M,29.00,116.00,DIST-OPEN,,AVAIL,N,560
250704,202,15,1,18,18,M,29.00,522.00,FUTURE,,AVAIL,N,590
250704,202,14,1,18,18,M,29.00,522.00,FUTURE,,AVAIL,N,590
250704,202,17,1,8,8,M,29.00,232.00,FUTURE,,AVAIL,N,590
250704,202,11,1,18,18,M,29.00,522.00,FUTURE,,AVAIL,N,590
250704,202,13,1,18,18,M,29.00,522.00,FUTURE,,AVAIL,N,590
250704,202,16,1,18,18,M,29.00,522.00,FUTURE,,AVAIL,N,590
250704,202,12,1,18,18,M,29.00,522.00,FUTURE,,AVAIL,N,590
250704,202,10,1,18,18,M,29.00,522.00,FUTURE,,AVAIL,N,590
250704,202,9,1,18,18,M,29.00,522.00,DRESS,,AVAIL,N,580
250704,202,1,13,14,2,M,29.00,58.00,DRESS,,AVAIL,N,580
250704,202,8,3,15,13,M,29.00,377.00,DRESS,,AVAIL,N,580
250704,202,5,11,15,5,M,29.00,145.00,DRESS,,AVAIL,N,580
250704,202,2,11,15,5,M,29.00,145.00,DRESS,,AVAIL,N,580
250704,202,6,3,15,13,M,29.00,377.00,PLAYERS,,AVAIL,N,580
250704,202,7,3,15,13,M,29.00,377.00,PLAYERS,,AVAIL,N,580
250704,202,4,3,15,13,M,29.00,377.00,PLAYERS,,AVAIL,N,580
250704,202,3,3,15,13,M,29.00,377.00,PLAYERS,,AVAIL,N,580
250704,202,1,5,5,1,M,29.00,29.00,DIST-OPEN,,AVAIL,N,580
250704,202,2,3,7,5,M,29.00,145.00,DIST-OPEN,,AVAIL,N,580
250704,202,1,7,8,2,M,29.00,58.00,DIST-OPEN,,AVAIL,N,580
250704,202,5,7,10,4,M,29.00,116.00,DIST-OPEN,,AVAIL,N,580
250704,203,14,1,24,24,J,35.00,840.00,FUTURE,,AVAIL,N,380
250704,203,16,1,24,24,J,35.00,840.00,FUTURE,,AVAIL,N,380
250704,203,12,1,24,24,J,35.00,840.00,FUTURE,,AVAIL,N,380
250704,203,11,1,24,24,J,35.00,840.00,FUTURE,,AVAIL,N,380
250704,203,15,1,24,24,J,35.00,840.00,FUTURE,,AVAIL,N,380
250704,203,10,1,24,24,J,35.00,840.00,FUTURE,,AVAIL,N,380
250704,203,13,1,24,24,J,35.00,840.00,FUTURE,,AVAIL,N,380
250704,203,7,11,18,8,J,35.00,280.00,PLAYERS,,AVAIL,N,370
250704,203,1,1,14,14,J,35.00,490.00,DRESS,,AVAIL,N,370
250704,203,4,8,11,4,J,35.00,140.00,DRESS,,AVAIL,N,370
250704,203,8,15,22,8,J,35.00,280.00,DRESS,,AVAIL,N,370
250704,203,4,12,16,5,J,35.00,175.00,DIST-OPEN,,AVAIL,N,370
250704,203,4,17,20,4,J,35.00,140.00,OPEN,,AVAIL,N,370
250704,203,5,17,22,6,J,35.00,210.00,OPEN,,AVAIL,N,370
250704,203,3,17,20,4,J,35.00,140.00,DIST-OPEN,,AVAIL,N,370
250704,203,5,3,16,14,J,35.00,490.00,DIST-OPEN,,AVAIL,N,370
250704,203,2,8,16,9,J,35.00,315.00,DIST-OPEN,,AVAIL,N,370
250704,203,6,12,19,8,J,35.00,280.00,DIST-OPEN,,AVAIL,N,370
250704,204,16,1,24,24,J,35.00,840.00,FUTURE,,AVAIL,N,390
250704,204,10,1,24,24,J,35.00,840.00,FUTURE,,AVAIL,N,390
250704,204,13,1,24,24,J,35.00,840.00,FUTURE,,AVAIL,N,390
250704,204,14,1,24,24,J,35.00,840.00,FUTURE,,AVAIL,N,390
250704,204,11,1,24,24,J,35.00,840.00,FUTURE,,AVAIL,N,390
250704,204,15,1,24,24,J,35.00,840.00,FUTURE,,AVAIL,N,390
250704,204,12,1,24,24,J,35.00,840.00,FUTURE,,AVAIL,N,390
250704,204,4,3,8,6,E,58.00,348.00,SEAN HOLD,,AVAIL,N,210
250704,204,3,9,12,4,E,58.00,232.00,SEAN HOLD,,AVAIL,N,210
250704,204,3,3,4,2,E,58.00,116.00,SEAN HOLD,,AVAIL,N,210
250704,204,9,1,24,24,J,35.00,840.00,DRESS,,AVAIL,N,390
250704,204,5,3,12,10,J,35.00,350.00,DRESS,,AVAIL,N,390
250704,204,4,9,12,4,E,58.00,232.00,DRESS,,AVAIL,N,210
250704,204,2,3,12,10,E,58.00,580.00,DRESS,,AVAIL,N,210
250704,204,1,3,10,8,E,58.00,464.00,DRESS,,AVAIL,N,210
250704,204,1,13,13,1,E,58.00,58.00,DIST-OPEN,,AVAIL,N,210
250704,204,2,13,14,2,E,58.00,116.00,DIST-OPEN,,AVAIL,N,210
250704,205,2,11,12,2,E,58.00,116.00,DRESS,,AVAIL,N,220
250704,205,16,1,24,24,F,52.00,1248.00,FUTURE,,AVAIL,N,240
250704,205,12,1,24,24,F,52.00,1248.00,FUTURE,,AVAIL,N,240
250704,205,14,1,24,24,F,52.00,1248.00,FUTURE,,AVAIL,N,240
250704,205,13,1,24,24,F,52.00,1248.00,FUTURE,,AVAIL,N,240
250704,205,15,1,24,24,F,52.00,1248.00,FUTURE,,AVAIL,N,240
250704,205,10,1,24,24,F,52.00,1248.00,FUTURE,,AVAIL,N,240
250704,205,11,1,24,24,F,52.00,1248.00,FUTURE,,AVAIL,N,240
250704,205,7,3,8,6,F,52.00,312.00,SEAN HOLD,,AVAIL,N,240
250704,205,7,9,22,14,F,52.00,728.00,DRESS,,AVAIL,N,240
250704,205,4,3,12,10,E,58.00,580.00,DRESS,,AVAIL,N,220
250704,205,6,3,12,10,F,52.00,520.00,DRESS,,AVAIL,N,240
250704,205,2,5,8,4,E,58.00,232.00,DRESS,,AVAIL,N,220
250704,205,9,1,24,24,F,52.00,1248.00,DRESS,,AVAIL,N,240
250704,205,3,14,14,1,E,58.00,58.00,DRESS,,AVAIL,N,220
250704,205,1,6,8,3,E,58.00,174.00,DRESS,,AVAIL,N,220
250704,205,3,3,12,10,E,58.00,580.00,DRESS,,AVAIL,N,220
250704,205,4,13,13,1,E,58.00,58.00,DIST-OPEN,,AVAIL,N,220
250704,206,7,7,22,16,J,35.00,560.00,PLAYERS,,AVAIL,N,400
250704,206,6,20,22,3,J,35.00,105.00,PLAYERS,,AVAIL,N,400
250704,206,16,1,24,24,J,35.00,840.00,FUTURE,,AVAIL,N,410
250704,206,11,1,24,24,J,35.00,840.00,FUTURE,,AVAIL,N,410
250704,206,12,1,24,24,J,35.00,840.00,FUTURE,,AVAIL,N,410
250704,206,10,1,24,24,J,35.00,840.00,FUTURE,,AVAIL,N,400
250704,206,14,1,24,24,J,35.00,840.00,FUTURE,,AVAIL,N,410
250704,206,15,1,24,24,J,35.00,840.00,FUTURE,,AVAIL,N,410
250704,206,13,1,24,24,J,35.00,840.00,FUTURE,,AVAIL,N,410
250704,206,9,1,24,24,J,35.00,840.00,DRESS,,AVAIL,N,400
250704,206,5,3,22,20,J,35.00,700.00,DRESS,,AVAIL,N,400
250704,206,8,3,22,20,J,35.00,700.00,DRESS,,AVAIL,N,400
250704,206,2,9,11,3,E,58.00,174.00,DRESS,,AVAIL,N,230
250704,206,3,9,11,3,E,58.00,174.00,DRESS,,AVAIL,N,230
250704,206,4,3,21,19,E,58.00,1102.00,DRESS,,AVAIL,N,230
250704,206,6,14,14,1,J,35.00,35.00,PLAYERS,,AVAIL,N,400
250704,206,1,9,10,2,E,58.00,116.00,DRESS,,AVAIL,N,230
250704,206A,A1,3,3,1,J,35.00,35.00,DOQ-COMPANION,COMPAN,AVAIL,N,160
250704,206A,A1,1,1,1,J,35.00,35.00,DOQ-COMPANION,COMPAN,AVAIL,N,160
250704,206A,A1,6,6,1,J,35.00,35.00,DOQ-COMPANION,COMPAN,AVAIL,N,160
250704,206A,A1,4,5,2,J,35.00,70.00,DOQ-WHEELCHAIR,WCACC,AVAIL,N,160
250704,206A,A1,2,2,1,J,35.00,35.00,DOQ-WHEELCHAIR,WCACC,AVAIL,N,160
250704,207,4,3,22,20,J,35.00,700.00,PLAYERS,,AVAIL,N,420
250704,207,13,1,24,24,J,35.00,840.00,FUTURE,,AVAIL,N,430
250704,207,14,1,24,24,J,35.00,840.00,FUTURE,,AVAIL,N,430
250704,207,15,1,24,24,J,35.00,840.00,FUTURE,,AVAIL,N,430
250704,207,11,1,24,24,J,35.00,840.00,FUTURE,,AVAIL,N,430
250704,207,16,1,24,24,J,35.00,840.00,FUTURE,,AVAIL,N,430
250704,207,12,1,24,24,J,35.00,840.00,FUTURE,,AVAIL,N,430
250704,207,10,1,24,24,J,35.00,840.00,FUTURE,,AVAIL,N,430
250704,207,5,3,22,20,J,35.00,700.00,PLAYERS,,AVAIL,N,420
250704,207,8,3,22,20,J,35.00,700.00,DRESS,,AVAIL,N,420
250704,207,7,3,22,20,J,35.00,700.00,DRESS,,AVAIL,N,420
250704,207,9,1,24,24,J,35.00,840.00,DRESS,,AVAIL,N,430
250704,207,3,3,22,20,J,35.00,700.00,DRESS,,AVAIL,N,420
250704,207,2,3,22,20,J,35.00,700.00,DRESS,,AVAIL,N,420
250704,207,6,3,22,20,J,35.00,700.00,DRESS,,AVAIL,N,420
250704,207,1,3,24,22,J,35.00,770.00,DRESS,,AVAIL,N,420
250704,208,13,1,18,18,M,29.00,522.00,FUTURE,,AVAIL,N,610
250704,208,17,11,18,8,M,29.00,232.00,FUTURE,,AVAIL,N,610
250704,208,11,1,18,18,M,29.00,522.00,FUTURE,,AVAIL,N,610
250704,208,16,1,18,18,M,29.00,522.00,FUTURE,,AVAIL,N,610
250704,208,12,1,18,18,M,29.00,522.00,FUTURE,,AVAIL,N,610
250704,208,14,1,18,18,M,29.00,522.00,FUTURE,,AVAIL,N,610
250704,208,15,1,18,18,M,29.00,522.00,FUTURE,,AVAIL,N,610
250704,208,8,3,16,14,M,29.00,406.00,PLAYERS,,AVAIL,N,600
250704,208,5,3,16,14,M,29.00,406.00,DRESS,,AVAIL,N,600
250704,208,6,3,16,14,M,29.00,406.00,DRESS,,AVAIL,N,600
250704,208,1,1,18,18,M,29.00,522.00,DRESS,,AVAIL,N,600
250704,208,2,3,16,14,M,29.00,406.00,DRESS,,AVAIL,N,600
250704,208,9,1,18,18,M,29.00,522.00,DRESS,,AVAIL,N,600
250704,208,7,3,16,14,M,29.00,406.00,PLAYERS,,AVAIL,N,600
250704,208,10,1,18,18,M,29.00,522.00,PLAYERS,,AVAIL,N,610
250704,208,4,3,16,14,M,29.00,406.00,PLAYERS,,AVAIL,N,600
250704,208,3,3,16,14,M,29.00,406.00,PLAYERS,,AVAIL,N,600
250704,209,13,1,12,12,M,29.00,348.00,FUTURE,,AVAIL,N,620
250704,209,16,1,12,12,M,29.00,348.00,FUTURE,,AVAIL,N,620
250704,209,14,1,12,12,M,29.00,348.00,FUTURE,,AVAIL,N,620
250704,209,11,1,12,12,M,29.00,348.00,FUTURE,,AVAIL,N,620
250704,209,12,1,12,12,M,29.00,348.00,FUTURE,,AVAIL,N,620
250704,209,15,1,12,12,M,29.00,348.00,FUTURE,,AVAIL,N,620
250704,209,17,1,12,12,M,29.00,348.00,FUTURE,,AVAIL,N,620
250704,209,4,3,11,9,M,29.00,261.00,PLAYERS,,AVAIL,N,620
250704,209,9,1,12,12,M,29.00,348.00,DRESS,,AVAIL,N,620
250704,209,3,3,11,9,M,29.00,261.00,DRESS,,AVAIL,N,620
250704,209,2,3,11,9,M,29.00,261.00,DRESS,,AVAIL,N,620
250704,209,1,1,12,12,M,29.00,348.00,DRESS,,AVAIL,N,620
250704,209,6,3,11,9,M,29.00,261.00,DRESS,,AVAIL,N,620
250704,209,8,3,11,9,M,29.00,261.00,PLAYERS,,AVAIL,N,620
250704,209,7,3,11,9,M,29.00,261.00,PLAYERS,,AVAIL,N,620
250704,209,5,3,11,9,M,29.00,261.00,PLAYERS,,AVAIL,N,620
250704,209,10,1,12,12,M,29.00,348.00,PLAYERS,,AVAIL,N,620
250704,223,3,5,7,3,R,29.00,87.00,DIST-OPEN,,AVAIL,N,930
250704,223,20,1,12,12,R,29.00,348.00,FUTURE,,AVAIL,N,930
250704,223,19,1,12,12,R,29.00,348.00,FUTURE,,AVAIL,N,930
250704,223,18,1,12,12,R,29.00,348.00,FUTURE,,AVAIL,N,930
250704,223,17,1,12,12,R,29.00,348.00,FUTURE,,AVAIL,N,930
250704,223,15,1,12,12,R,29.00,348.00,DRESS,,AVAIL,N,930
250704,223,5,5,9,5,R,29.00,145.00,DIST-OPEN,,AVAIL,N,930
250704,223,7,1,8,8,R,29.00,232.00,DRESS,,AVAIL,N,930
250704,223,6,7,8,2,R,29.00,58.00,DRESS,,AVAIL,N,930
250704,223,5,1,4,4,R,29.00,116.00,DRESS,,AVAIL,N,930
250704,223,4,5,9,5,R,29.00,145.00,DRESS,,AVAIL,N,930
250704,223,11,1,12,12,R,29.00,348.00,DRESS,,AVAIL,N,930
250704,223,9,1,12,12,R,29.00,348.00,DRESS,,AVAIL,N,930
250704,223,3,1,4,4,R,29.00,116.00,DRESS,,AVAIL,N,930
250704,223,2,7,9,3,R,29.00,87.00,DRESS,,AVAIL,N,930
250704,223,4,1,4,4,R,29.00,116.00,DIST-OPEN,,AVAIL,N,930
250704,223,2,2,6,5,R,29.00,145.00,DIST-OPEN,,AVAIL,N,930
250704,223,6,1,6,6,R,29.00,174.00,DIST-OPEN,,AVAIL,N,930
250704,223,13,1,12,12,R,29.00,348.00,DRESS,,AVAIL,N,930
250704,223,16,1,12,12,R,29.00,348.00,DRESS,,AVAIL,N,930
250704,224,20,1,18,18,R,29.00,522.00,FUTURE,,AVAIL,N,950
250704,224,19,1,18,18,R,29.00,522.00,FUTURE,,AVAIL,N,950
250704,224,18,1,18,18,R,29.00,522.00,FUTURE,,AVAIL,N,950
250704,224,17,1,18,18,R,29.00,522.00,FUTURE,,AVAIL,N,950
250704,224,6,13,16,4,R,29.00,116.00,DRESS,,AVAIL,N,940
250704,224,3,7,10,4,R,29.00,116.00,DRESS,,AVAIL,N,940
250704,224,4,11,16,6,R,29.00,174.00,DRESS,,AVAIL,N,940
250704,224,4,3,6,4,R,29.00,116.00,DRESS,,AVAIL,N,940
250704,224,6,3,6,4,R,29.00,116.00,DRESS,,AVAIL,N,940
250704,224,10,1,18,18,R,29.00,522.00,DRESS,,AVAIL,N,940
250704,224,2,3,6,4,R,29.00,116.00,DRESS,,AVAIL,N,940
250704,224,12,1,18,18,R,29.00,522.00,DRESS,,AVAIL,N,950
250704,224,16,1,18,18,R,29.00,522.00,DRESS,,AVAIL,N,950
250704,224,9,1,18,18,R,29.00,522.00,DRESS,,AVAIL,N,940
250704,224,11,1,18,18,R,29.00,522.00,DRESS,,AVAIL,N,950
250704,224,4,7,10,4,R,29.00,116.00,DIST-OPEN,,AVAIL,N,940
250704,224,2,7,10,4,R,29.00,116.00,DIST-OPEN,,AVAIL,N,940
250704,224,6,7,12,6,R,29.00,174.00,DIST-OPEN,,AVAIL,N,940
250704,224,8,1,18,18,R,29.00,522.00,DRESS,,AVAIL,N,940
250704,224,14,1,18,18,R,29.00,522.00,DRESS,,AVAIL,N,950
250704,224,13,1,18,18,R,29.00,522.00,DRESS,,AVAIL,N,950
250704,224,15,1,18,18,R,29.00,522.00,DRESS,,AVAIL,N,950
250704,224,7,1,18,18,R,29.00,522.00,DOQ-VETTX1HOLD,VETTX1HOLD,AVAIL,N,940
250704,224,5,9,16,8,R,29.00,232.00,DOQ-VETTX1HOLD,VETTX1HOLD,AVAIL,N,940
250704,224,3,11,14,4,R,29.00,116.00,DIST-OPEN,,AVAIL,N,940
250704,224,1,11,12,2,R,29.00,58.00,DIST-OPEN,,AVAIL,N,940
250704,225,2,7,9,3,Q,35.00,105.00,DIST-OPEN,,AVAIL,N,850
250704,225,5,10,16,7,Q,35.00,245.00,DIST-OPEN,,AVAIL,N,850
250704,225,2,10,14,5,Q,35.00,175.00,DRESS,,AVAIL,N,850
250704,225,3,17,22,6,Q,35.00,210.00,DRESS,,AVAIL,N,850
250704,225,6,17,21,5,Q,35.00,175.00,DIST-OPEN,,AVAIL,N,850
250704,225,2,15,17,3,Q,35.00,105.00,DIST-OPEN,,AVAIL,N,850
250704,225,16,1,24,24,Q,35.00,840.00,DRESS,,AVAIL,N,860
250704,225,15,1,24,24,Q,35.00,840.00,DRESS,,AVAIL,N,860
250704,225,20,1,24,24,Q,35.00,840.00,FUTURE,,AVAIL,N,860
250704,225,19,1,24,24,Q,35.00,840.00,FUTURE,,AVAIL,N,860
250704,225,18,1,24,24,Q,35.00,840.00,FUTURE,,AVAIL,N,860
250704,225,17,1,24,24,Q,35.00,840.00,FUTURE,,AVAIL,N,860
250704,225,1,12,14,3,Q,35.00,105.00,DIST-OPEN,,AVAIL,N,850
250704,225,4,17,22,6,Q,35.00,210.00,DIST-OPEN,,AVAIL,N,850
250704,225,8,1,24,24,Q,35.00,840.00,DRESS,,AVAIL,N,850
250704,225,12,1,24,24,Q,35.00,840.00,DRESS,,AVAIL,N,860
250704,225,3,11,16,6,Q,35.00,210.00,DIST-OPEN,,AVAIL,N,850
250704,225,4,6,9,4,Q,35.00,140.00,DIST-OPEN,,AVAIL,N,850
250704,225,13,1,24,24,Q,35.00,840.00,DRESS,,AVAIL,N,860
250704,225,9,1,24,24,Q,35.00,840.00,DRESS,,AVAIL,N,850
250704,225,7,1,24,24,Q,35.00,840.00,DRESS,,AVAIL,N,850
250704,225,5,8,9,2,Q,35.00,70.00,DRESS,,AVAIL,N,850
250704,225,6,8,9,2,Q,35.00,70.00,DIST-OPEN,,AVAIL,N,850
250704,225,14,1,24,24,Q,35.00,840.00,DRESS,,AVAIL,N,860
250704,225,6,10,16,7,Q,35.00,245.00,DRESS,,AVAIL,N,850
250704,225,5,17,22,6,Q,35.00,210.00,DRESS,,AVAIL,N,850
250704,225,4,10,16,7,Q,35.00,245.00,DRESS,,AVAIL,N,850
250704,226,5,9,16,8,Q,35.00,280.00,DIST-OPEN,,AVAIL,N,870
250704,226,10,1,24,24,Q,35.00,840.00,DRESS,,AVAIL,N,870
250704,226,16,1,24,24,Q,35.00,840.00,DRESS,,AVAIL,N,880
250704,226,18,1,24,24,Q,35.00,840.00,FUTURE,,AVAIL,N,880
250704,226,8,1,24,24,Q,35.00,840.00,DRESS,,AVAIL,N,870
250704,226,20,1,24,24,Q,35.00,840.00,FUTURE,,AVAIL,N,880
250704,226,12,1,24,24,Q,35.00,840.00,DRESS,,AVAIL,N,880
250704,226,15,1,24,24,Q,35.00,840.00,DRESS,,AVAIL,N,880
250704,226,7,1,24,24,Q,35.00,840.00,DRESS,,AVAIL,N,870
250704,226,19,1,24,24,Q,35.00,840.00,FUTURE,,AVAIL,N,880
250704,226,13,1,24,24,Q,35.00,840.00,DRESS,,AVAIL,N,880
250704,226,14,1,24,24,Q,35.00,840.00,DRESS,,AVAIL,N,880
250704,226,3,13,13,1,Q,35.00,35.00,OPEN,,AVAIL,N,870
250704,226,17,1,24,24,Q,35.00,840.00,FUTURE,,AVAIL,N,880
250704,226,4,3,12,10,Q,35.00,350.00,SEAN HOLD,,AVAIL,N,870
250704,226,3,3,12,10,Q,35.00,350.00,SEAN HOLD,,AVAIL,N,870
250704,226,6,3,20,18,Q,35.00,630.00,DIST-OPEN,,AVAIL,N,870
250704,227,15,1,24,24,H,52.00,1248.00,DRESS,,AVAIL,N,280
250704,227,5,15,20,6,H,52.00,312.00,SEAN HOLD,,AVAIL,N,270
250704,227,7,3,10,8,H,52.00,416.00,SEAN HOLD,,AVAIL,N,270
250704,227,1,7,10,4,H,52.00,208.00,DIST-OPEN,,AVAIL,N,270
250704,227,2,3,4,2,H,52.00,104.00,DIST-OPEN,,AVAIL,N,270
250704,227,10,1,24,24,H,52.00,1248.00,DRESS,,AVAIL,N,270
250704,227,16,1,24,24,H,52.00,1248.00,DRESS,,AVAIL,N,280
250704,227,14,1,24,24,H,52.00,1248.00,DRESS,,AVAIL,N,280
250704,227,5,9,12,4,H,52.00,208.00,DIST-OPEN,,AVAIL,N,270
250704,227,7,11,24,14,H,52.00,728.00,DRESS,,AVAIL,N,270
250704,227,11,1,24,24,H,52.00,1248.00,DRESS,,AVAIL,N,280
250704,227,9,1,24,24,H,52.00,1248.00,DRESS,,AVAIL,N,270
250704,227,12,1,24,24,H,52.00,1248.00,DRESS,,AVAIL,N,280
250704,227,13,1,24,24,H,52.00,1248.00,DRESS,,AVAIL,N,280
250704,227,A1,1,10,10,G,75.00,750.00,WHEELCHAIR,,AVAIL,N,260
250704,227,4,17,17,1,H,52.00,52.00,DIST-OPEN,,AVAIL,N,270
250704,227,6,3,12,10,H,52.00,520.00,DIST-OPEN,,AVAIL,N,270
250704,228,15,1,24,24,Q,35.00,840.00,DRESS,,AVAIL,N,900
250704,228,20,1,24,24,Q,35.00,840.00,FUTURE,,AVAIL,N,900
250704,228,19,1,24,24,Q,35.00,840.00,FUTURE,,AVAIL,N,900
250704,228,18,1,24,24,Q,35.00,840.00,FUTURE,,AVAIL,N,900
250704,228,17,1,24,24,Q,35.00,840.00,FUTURE,,AVAIL,N,900
250704,228,16,1,24,24,Q,35.00,840.00,DRESS,,AVAIL,N,900
250704,228,5,3,22,20,Q,35.00,700.00,DIST-OPEN,,AVAIL,N,890
250704,228,10,1,24,24,Q,35.00,840.00,DRESS,,AVAIL,N,890
250704,228,9,1,24,24,Q,35.00,840.00,DRESS,,AVAIL,N,890
250704,228,7,6,24,19,Q,35.00,665.00,DRESS,,AVAIL,N,890
250704,228,12,1,24,24,Q,35.00,840.00,DRESS,,AVAIL,N,900
250704,228,13,1,24,24,Q,35.00,840.00,DRESS,,AVAIL,N,900
250704,228,14,1,24,24,Q,35.00,840.00,DRESS,,AVAIL,N,900
250704,228,4,6,20,15,Q,35.00,525.00,DIST-OPEN,,AVAIL,N,890
250704,228,6,8,18,11,Q,35.00,385.00,DIST-OPEN,,AVAIL,N,890
250704,228,3,4,9,6,Q,35.00,210.00,DIST-OPEN,,AVAIL,N,890
250704,229,2,17,20,4,Q,35.00,140.00,DRESS,,AVAIL,N,910
250704,229,3,11,16,6,Q,35.00,210.00,DRESS,,AVAIL,N,910
250704,229,2,3,10,8,Q,35.00,280.00,DRESS,,AVAIL,N,910
250704,229,5,11,16,6,Q,35.00,210.00,DRESS,,AVAIL,N,910
250704,229,5,17,22,6,Q,35.00,210.00,DIST-OPEN,,AVAIL,N,910
250704,229,20,1,24,24,Q,35.00,840.00,FUTURE,,AVAIL,N,920
250704,229,19,1,24,24,Q,35.00,840.00,FUTURE,,AVAIL,N,920
250704,229,18,1,24,24,Q,35.00,840.00,FUTURE,,AVAIL,N,920
250704,229,17,1,24,24,Q,35.00,840.00,FUTURE,,AVAIL,N,920
250704,229,5,4,10,7,Q,35.00,245.00,DIST-OPEN,,AVAIL,N,910
250704,229,14,1,24,24,Q,35.00,840.00,DRESS,,AVAIL,N,920
250704,229,12,1,24,24,Q,35.00,840.00,DRESS,,AVAIL,N,920
250704,229,15,1,24,24,Q,35.00,840.00,DRESS,,AVAIL,N,920
250704,229,3,5,10,6,Q,35.00,210.00,DIST-OPEN,,AVAIL,N,910
250704,229,1,7,11,5,Q,35.00,175.00,DIST-OPEN,,AVAIL,N,910
250704,229,3,17,22,6,Q,35.00,210.00,DIST-OPEN,,AVAIL,N,910
250704,229,2,21,22,2,Q,35.00,70.00,DIST-OPEN,,AVAIL,N,910
250704,229,11,1,24,24,Q,35.00,840.00,DRESS,,AVAIL,N,920
250704,229,13,1,24,24,Q,35.00,840.00,DRESS,,AVAIL,N,920
250704,229,7,1,24,24,Q,35.00,840.00,DRESS,,AVAIL,N,910
250704,229,2,11,16,6,Q,35.00,210.00,DIST-OPEN,,AVAIL,N,910
250704,229,16,1,24,24,Q,35.00,840.00,DRESS,,AVAIL,N,920
250704,229,1,16,18,3,Q,35.00,105.00,DIST-OPEN,,AVAIL,N,910
250704,230,20,1,18,18,R,29.00,522.00,FUTURE,,AVAIL,N,970
250704,230,19,1,18,18,R,29.00,522.00,FUTURE,,AVAIL,N,970
250704,230,18,1,18,18,R,29.00,522.00,FUTURE,,AVAIL,N,970
250704,230,17,1,18,18,R,29.00,522.00,FUTURE,,AVAIL,N,970
250704,230,15,1,18,18,R,29.00,522.00,DRESS,,AVAIL,N,970
250704,230,13,1,18,18,R,29.00,522.00,DRESS,,AVAIL,N,970
250704,230,14,11,18,8,R,29.00,232.00,DRESS,,AVAIL,N,970
250704,230,5,11,13,3,R,29.00,87.00,DIST-OPEN,,AVAIL,N,960
250704,230,5,3,4,2,R,29.00,58.00,DIST-OPEN,,AVAIL,N,960
250704,230,11,1,18,18,R,29.00,522.00,DRESS,,AVAIL,N,970
250704,230,9,1,18,18,R,29.00,522.00,DRESS,,AVAIL,N,960
250704,230,7,1,18,18,R,29.00,522.00,DRESS,,AVAIL,N,960
250704,230,4,14,15,2,R,29.00,58.00,DIST-OPEN,,AVAIL,N,960
250704,230,2,11,15,5,R,29.00,145.00,DIST-OPEN,,AVAIL,N,960
250704,230,6,6,13,8,R,29.00,232.00,DIST-OPEN,,AVAIL,N,960
250704,230,16,1,18,18,R,29.00,522.00,DRESS,,AVAIL,N,970
250704,230,4,7,8,2,R,29.00,58.00,DIST-OPEN,,AVAIL,N,960
250704,230,2,7,8,2,R,29.00,58.00,DIST-OPEN,,AVAIL,N,960
250704,230,3,3,6,4,R,29.00,116.00,DIST-OPEN,,AVAIL,N,960
250704,231,20,1,16,16,R,29.00,464.00,FUTURE,,AVAIL,N,990
250704,231,19,1,16,16,R,29.00,464.00,FUTURE,,AVAIL,N,990
250704,231,18,1,16,16,R,29.00,464.00,FUTURE,,AVAIL,N,990
250704,231,17,1,16,16,R,29.00,464.00,FUTURE,,AVAIL,N,990
250704,231,13,1,16,16,R,29.00,464.00,DRESS,,AVAIL,N,990
250704,231,5,3,9,7,R,29.00,203.00,DIST-OPEN,,AVAIL,N,980
250704,231,1,9,13,5,R,29.00,145.00,DIST-OPEN,,AVAIL,N,980
250704,231,3,3,9,7,R,29.00,203.00,DIST-OPEN,,AVAIL,N,980
250704,231,4,3,8,6,R,29.00,174.00,DRESS,,AVAIL,N,980
250704,231,3,10,13,4,R,29.00,116.00,DRESS,,AVAIL,N,980
250704,231,2,3,8,6,R,29.00,174.00,DRESS,,AVAIL,N,980
250704,231,6,3,8,6,R,29.00,174.00,DRESS,,AVAIL,N,980
250704,231,5,10,13,4,R,29.00,116.00,DRESS,,AVAIL,N,980
250704,231,9,1,16,16,R,29.00,464.00,DRESS,,AVAIL,N,980
250704,231,11,1,16,16,R,29.00,464.00,DRESS,,AVAIL,N,990
250704,231,6,9,13,5,R,29.00,145.00,DIST-OPEN,,AVAIL,N,980
250704,231,2,9,13,5,R,29.00,145.00,DIST-OPEN,,AVAIL,N,980
250704,231,4,9,13,5,R,29.00,145.00,DIST-OPEN,,AVAIL,N,980
250704,231,15,1,16,16,R,29.00,464.00,DRESS,,AVAIL,N,990
250704,231,16,1,16,16,R,29.00,464.00,DRESS,,AVAIL,N,990
250704,231,14,1,16,16,R,29.00,464.00,DRESS,,AVAIL,N,990
250704,232,20,1,8,8,R,29.00,232.00,FUTURE,,AVAIL,N,1000
250704,232,19,1,8,8,R,29.00,232.00,FUTURE,,AVAIL,N,1000
250704,232,18,1,8,8,R,29.00,232.00,FUTURE,,AVAIL,N,1000
250704,232,15,1,8,8,R,29.00,232.00,DRESS,,AVAIL,N,1000
250704,232,3,4,8,5,R,29.00,145.00,DIST-OPEN,,AVAIL,N,1000
250704,232,5,4,8,5,R,29.00,145.00,DIST-OPEN,,AVAIL,N,1000
250704,232,1,4,8,5,R,29.00,145.00,DIST-OPEN,,AVAIL,N,1000
250704,232,17,1,8,8,R,29.00,232.00,FUTURE,,AVAIL,N,1000
250704,232,9,1,8,8,R,29.00,232.00,DRESS,,AVAIL,N,1000
250704,232,11,1,8,8,R,29.00,232.00,DRESS,,AVAIL,N,1000
250704,232,7,1,8,8,R,29.00,232.00,DRESS,,AVAIL,N,1000
250704,232,2,4,8,5,R,29.00,145.00,DIST-OPEN,,AVAIL,N,1000
250704,232,12,1,8,8,R,29.00,232.00,DRESS,,AVAIL,N,1000
250704,232,16,1,8,8,R,29.00,232.00,DRESS,,AVAIL,N,1000
250704,232,14,1,8,8,R,29.00,232.00,DRESS,,AVAIL,N,1000
250704,232,13,1,8,8,R,29.00,232.00,DRESS,,AVAIL,N,1000
250704,232,4,4,8,5,R,29.00,145.00,DIST-OPEN,,AVAIL,N,1000
250704,232,6,5,8,4,R,29.00,116.00,DIST-OPEN,,AVAIL,N,1000
250704,SPERCA,A1,1,2,2,U,0,0,WHEELCHAIR,,AVAIL,N,1060
250704,STE3,4,1,5,5,X,0,0,SUITES,,AVAIL,N,1160
250704,STE3,3,1,4,4,X,0,0,SUITES,,AVAIL,N,1160
250704,STE3,2,1,5,5,X,0,0,SUITES,,AVAIL,N,1160
250704,STE3,1,1,5,5,X,0,0,SUITES,,AVAIL,N,1160
250704,STE5,3,1,4,4,X,0,0,SUITES,,AVAIL,N,1180
250704,STE5,4,1,5,5,X,0,0,SUITES,,AVAIL,N,1180
250704,STE5,2,1,5,5,X,0,0,SUITES,,AVAIL,N,1180
250704,STE5,1,1,5,5,X,0,0,SUITES,,AVAIL,N,1180
250704,STSMDA,A1,1,12,12,T,0,0,WHEELCHAIR,,AVAIL,N,1010
250704,STSND,GA4,1,50,50,S,29.00,1450.00,FUTURE,,AVAIL,N,1260
250704,STSND,GA3,1,50,50,S,29.00,1450.00,FUTURE,,AVAIL,N,1260
250704,STSND,GA2,1,50,50,S,29.00,1450.00,FUTURE,,AVAIL,N,1260
250704,STSND,GA1,1,50,50,S,29.00,1450.00,FUTURE,,AVAIL,N,1260
250704,STSND,GA0,1,50,50,S,29.00,1450.00,FUTURE,,AVAIL,N,1260
250704,STSND1,GA4,1,50,50,S,29.00,1450.00,FUTURE,,AVAIL,N,1270
250704,STSND1,GA3,1,50,50,S,29.00,1450.00,FUTURE,,AVAIL,N,1270
250704,STSND1,GA2,1,50,50,S,29.00,1450.00,FUTURE,,AVAIL,N,1270
250704,STSND1,GA1,1,50,50,S,29.00,1450.00,FUTURE,,AVAIL,N,1270
250704,STSND1,GA0,1,50,50,S,29.00,1450.00,FUTURE,,AVAIL,N,1270
250704,STSND2,GA4,1,50,50,S,29.00,1450.00,FUTURE,,AVAIL,N,1280
250704,STSND2,GA3,1,50,50,S,29.00,1450.00,FUTURE,,AVAIL,N,1280
250704,STSND2,GA2,1,50,50,S,29.00,1450.00,FUTURE,,AVAIL,N,1280
250704,STSND2,GA1,1,50,50,S,29.00,1450.00,FUTURE,,AVAIL,N,1280
250704,STSND2,GA0,1,50,50,S,29.00,1450.00,FUTURE,,AVAIL,N,1280
250704,STSND3,GA4,1,50,50,S,29.00,1450.00,FUTURE,,AVAIL,N,1290
250704,STSND3,GA3,1,50,50,S,29.00,1450.00,FUTURE,,AVAIL,N,1290
250704,STSND3,GA2,1,50,50,S,29.00,1450.00,FUTURE,,AVAIL,N,1290
250704,STSND3,GA1,1,50,50,S,29.00,1450.00,FUTURE,,AVAIL,N,1290
250704,STSND3,GA0,1,50,50,S,29.00,1450.00,FUTURE,,AVAIL,N,1290
250704,STSND4,GA3,1,50,50,S,29.00,1450.00,FUTURE,,AVAIL,N,1300
250704,STSND4,GA2,1,50,50,S,29.00,1450.00,FUTURE,,AVAIL,N,1300
250704,STSND4,GA1,1,50,50,S,29.00,1450.00,FUTURE,,AVAIL,N,1300
250704,STSND4,GA0,1,50,50,S,29.00,1450.00,FUTURE,,AVAIL,N,1300
250704,STSND4,GA4,1,50,50,S,29.00,1450.00,FUTURE,,AVAIL,N,1300
250704,STSND5,GA2,1,14,14,S,29.00,406.00,FUTURE,,AVAIL,N,1310
250704,STSND5,GA1,1,50,50,S,29.00,1450.00,FUTURE,,AVAIL,N,1310
250704,STSND5,GA0,1,50,50,S,29.00,1450.00,FUTURE,,AVAIL,N,1310
250704C,GA0,GA0,1,4,4,A,299.00,1196.00,DIST-OPEN,,AVAIL,N,10
250704F,GA0,GA0,1,25,25,A,60.00,1500.00,KILL,,AVAIL,Y,10
250704G,GA0,GA0,1,50,50,A,0,0,KILL,,AVAIL,Y,10
250704M,GA0,GA0,1,25,25,A,50.00,1250.00,KILL,,AVAIL,Y,10
250704PB,GA0,GA0,33,39,7,A,50.00,350.00,SEAN HOLD,,AVAIL,N,10
250704PB,GA0,GA0,40,50,11,A,50.00,550.00,KILL,,AVAIL,Y,10
250704PB,GA0,GA9,1,50,50,A,50.00,2500.00,KILL,,AVAIL,Y,10
250704PB,GA0,GA8,1,50,50,A,50.00,2500.00,KILL,,AVAIL,Y,10
250704PB,GA0,GA7,1,50,50,A,50.00,2500.00,KILL,,AVAIL,Y,10
250704PB,GA0,GA6,1,50,50,A,50.00,2500.00,KILL,,AVAIL,Y,10
250704PB,GA0,GA5,1,50,50,A,50.00,2500.00,KILL,,AVAIL,Y,10
250704PB,GA0,GA4,1,50,50,A,50.00,2500.00,KILL,,AVAIL,Y,10
250704PB,GA0,GA3,1,50,50,A,50.00,2500.00,KILL,,AVAIL,Y,10
250704PB,GA0,GA2,1,50,50,A,50.00,2500.00,KILL,,AVAIL,Y,10
250704PB,GA0,GA1,1,50,50,A,50.00,2500.00,KILL,,AVAIL,Y,10
250704PB,GA0,GA0,3,32,30,A,50.00,1500.00,OPEN,,AVAIL,N,10
250704PG,GA0,GA2,43,50,8,A,50.00,400.00,KILL,,AVAIL,Y,10
250704PG,GA0,GA9,1,50,50,A,50.00,2500.00,KILL,,AVAIL,Y,10
250704PG,GA0,GA8,1,50,50,A,50.00,2500.00,KILL,,AVAIL,Y,10
250704PG,GA0,GA7,1,50,50,A,50.00,2500.00,KILL,,AVAIL,Y,10
250704PG,GA0,GA6,1,50,50,A,50.00,2500.00,KILL,,AVAIL,Y,10
250704PG,GA0,GA5,1,50,50,A,50.00,2500.00,KILL,,AVAIL,Y,10
250704PG,GA0,GA4,1,50,50,A,50.00,2500.00,KILL,,AVAIL,Y,10
250704PG,GA0,GA3,1,50,50,A,50.00,2500.00,KILL,,AVAIL,Y,10
250704PG,GA0,GA2,1,42,42,A,50.00,2100.00,OPEN,,AVAIL,N,10
250704PG,GA0,GA1,25,50,26,A,50.00,1300.00,OPEN,,AVAIL,N,10
250704PK,GA0,GA2,13,13,1,A,50.00,50.00,DIST-OPEN,,AVAIL,N,10
250704PK,GA0,GA6,1,50,50,A,50.00,2500.00,DIST-OPEN,,AVAIL,N,10
250704PK,GA0,GA9,1,50,50,A,50.00,2500.00,DIST-OPEN,,AVAIL,N,10
250704PK,GA0,GA7,1,50,50,A,50.00,2500.00,DIST-OPEN,,AVAIL,N,10
250704PK,GA0,GA5,1,50,50,A,50.00,2500.00,DIST-OPEN,,AVAIL,N,10
250704PK,GA0,GA8,1,50,50,A,50.00,2500.00,DIST-OPEN,,AVAIL,N,10
250704PK,GA0,GA4,1,50,50,A,50.00,2500.00,DIST-OPEN,,AVAIL,N,10
250704PK,GA0,GA3,1,50,50,A,50.00,2500.00,DIST-OPEN,,AVAIL,N,10
250704PK,GA0,GA2,7,7,1,A,50.00,50.00,DIST-OPEN,,AVAIL,N,10
250704PK,GA0,GA0,29,29,1,A,50.00,50.00,DIST-OPEN,,AVAIL,N,10
250704PK,GA0,GA2,44,50,7,A,50.00,350.00,DIST-OPEN,,AVAIL,N,10
250704PK,GA1,GA4,1,50,50,A,50.00,2500.00,DIST-OPEN,,AVAIL,N,20
250704PK,GA1,GA3,1,50,50,A,50.00,2500.00,DIST-OPEN,,AVAIL,N,20
250704PK,GA1,GA1,1,50,50,A,50.00,2500.00,DIST-OPEN,,AVAIL,N,20
250704PK,GA1,GA2,1,50,50,A,50.00,2500.00,DIST-OPEN,,AVAIL,N,20
250704PK,GA1,GA0,3,50,48,A,50.00,2400.00,DIST-OPEN,,AVAIL,N,20
250704PK,GA1,GA5,1,50,50,A,50.00,2500.00,KILL,,AVAIL,Y,20
250704PK,GA1,GA6,1,50,50,A,50.00,2500.00,KILL,,AVAIL,Y,20
250704PK,GA1,GA7,1,50,50,A,50.00,2500.00,KILL,,AVAIL,Y,20
250704PK,GA1,GA8,1,50,50,A,50.00,2500.00,KILL,,AVAIL,Y,20
250704PK,GA1,GA9,1,50,50,A,50.00,2500.00,KILL,,AVAIL,Y,20
250704PK,GA2,GA9,1,50,50,A,50.00,2500.00,KILL,,AVAIL,Y,30
250704PK,GA2,GA4,1,50,50,A,50.00,2500.00,KILL,,AVAIL,Y,30
250704PK,GA2,GA3,1,50,50,A,50.00,2500.00,KILL,,AVAIL,Y,30
250704PK,GA2,GA0,1,50,50,A,50.00,2500.00,KILL,,AVAIL,Y,30
250704PK,GA2,GA2,1,50,50,A,50.00,2500.00,KILL,,AVAIL,Y,30
250704PK,GA2,GA6,1,50,50,A,50.00,2500.00,KILL,,AVAIL,Y,30
250704PK,GA2,GA7,1,50,50,A,50.00,2500.00,KILL,,AVAIL,Y,30
250704PK,GA2,GA8,1,50,50,A,50.00,2500.00,KILL,,AVAIL,Y,30
250704PK,GA2,GA5,1,50,50,A,50.00,2500.00,KILL,,AVAIL,Y,30
250704PK,GA2,GA1,1,50,50,A,50.00,2500.00,KILL,,AVAIL,Y,30
250704PT,GA0,GA9,1,50,50,A,50.00,2500.00,OPEN,,AVAIL,N,10
250704PT,GA0,GA8,1,50,50,A,50.00,2500.00,OPEN,,AVAIL,N,10
250704PT,GA0,GA7,1,50,50,A,50.00,2500.00,OPEN,,AVAIL,N,10
250704PT,GA0,GA6,1,50,50,A,50.00,2500.00,OPEN,,AVAIL,N,10
250704PT,GA0,GA5,1,50,50,A,50.00,2500.00,OPEN,,AVAIL,N,10
250704PT,GA0,GA3,1,50,50,A,50.00,2500.00,OPEN,,AVAIL,N,10
250704PT,GA0,GA2,1,50,50,A,50.00,2500.00,OPEN,,AVAIL,N,10
250704PT,GA0,GA1,1,50,50,A,50.00,2500.00,OPEN,,AVAIL,N,10
250704PT,GA0,GA0,1,50,50,A,50.00,2500.00,OPEN,,AVAIL,N,10
250704PT,GA0,GA4,1,50,50,A,50.00,2500.00,OPEN,,AVAIL,N,10
250704PT,GA1,GA1,26,50,25,A,50.00,1250.00,KILL,,AVAIL,Y,20
250704PT,GA1,GA9,1,50,50,A,50.00,2500.00,KILL,,AVAIL,Y,20
250704PT,GA1,GA8,1,50,50,A,50.00,2500.00,KILL,,AVAIL,Y,20
250704PT,GA1,GA7,1,50,50,A,50.00,2500.00,KILL,,AVAIL,Y,20
250704PT,GA1,GA6,1,50,50,A,50.00,2500.00,KILL,,AVAIL,Y,20
250704PT,GA1,GA5,1,50,50,A,50.00,2500.00,KILL,,AVAIL,Y,20
250704PT,GA1,GA4,1,50,50,A,50.00,2500.00,KILL,,AVAIL,Y,20
250704PT,GA1,GA3,1,50,50,A,50.00,2500.00,KILL,,AVAIL,Y,20
250704PT,GA1,GA2,1,50,50,A,50.00,2500.00,KILL,,AVAIL,Y,20
250704PT,GA1,GA1,1,25,25,A,50.00,1250.00,OPEN,,AVAIL,N,20
250704PT,GA1,GA0,1,50,50,A,50.00,2500.00,OPEN,,AVAIL,N,20
250704SA,OWNER,S1,1,6,6,X,0,0,OPEN,,AVAIL,N,1130
250704SA,OWNER,4,1,8,8,X,0,0,OPEN,,AVAIL,N,1120
250704SA,OWNER,3,1,10,10,X,0,0,OPEN,,AVAIL,N,1120
250704SA,OWNER,2,1,10,10,X,0,0,OPEN,,AVAIL,N,1120
250704SA,OWNER,1,1,10,10,X,0,0,OPEN,,AVAIL,N,1120
250704SA,PRES,1,1,25,25,X,0,0,OPEN,,AVAIL,N,100
250704SA,STE1,4,1,5,5,X,0,0,OPEN,,AVAIL,N,1140
250704SA,STE1,3,1,4,4,X,0,0,OPEN,,AVAIL,N,1140
250704SA,STE1,2,1,5,5,X,0,0,OPEN,,AVAIL,N,1140
250704SA,STE1,1,1,5,5,X,0,0,OPEN,,AVAIL,N,1140
250704SA,STE2,4,1,5,5,X,0,0,OPEN,,AVAIL,N,1150
250704SA,STE2,3,1,4,4,X,0,0,OPEN,,AVAIL,N,1150
250704SA,STE2,2,1,5,5,X,0,0,OPEN,,AVAIL,N,1150
250704SA,STE2,1,1,5,5,X,0,0,OPEN,,AVAIL,N,1150
250704SA,STE3,4,1,5,5,X,0,0,OPEN,,AVAIL,N,1160
250704SA,STE3,3,1,4,4,X,0,0,OPEN,,AVAIL,N,1160
250704SA,STE3,2,1,5,5,X,0,0,OPEN,,AVAIL,N,1160
250704SA,STE3,1,1,5,5,X,0,0,OPEN,,AVAIL,N,1160
250704SA,STE4,4,1,5,5,X,0,0,OPEN,,AVAIL,N,1170
250704SA,STE4,3,1,4,4,X,0,0,OPEN,,AVAIL,N,1170
250704SA,STE4,2,1,5,5,X,0,0,OPEN,,AVAIL,N,1170
250704SA,STE4,1,1,5,5,X,0,0,OPEN,,AVAIL,N,1170
250704SA,STE5,4,1,5,5,X,0,0,OPEN,,AVAIL,N,1180
250704SA,STE5,3,1,4,4,X,0,0,OPEN,,AVAIL,N,1180
250704SA,STE5,2,1,5,5,X,0,0,OPEN,,AVAIL,N,1180
250704SA,STE5,1,1,5,5,X,0,0,OPEN,,AVAIL,N,1180
250704SA,STE6,3,1,5,5,X,0,0,OPEN,,AVAIL,N,1190
250704SA,STE6,5,1,4,4,X,0,0,OPEN,,AVAIL,N,1190
250704SA,STE6,4,1,5,5,X,0,0,OPEN,,AVAIL,N,1190
250704SA,STE6,2,1,5,5,X,0,0,OPEN,,AVAIL,N,1190
250704SA,STE6,1,1,5,5,X,0,0,OPEN,,AVAIL,N,1190
250704SA,STE7,5,1,4,4,X,0,0,OPEN,,AVAIL,N,1200
250704SA,STE7,4,1,5,5,X,0,0,OPEN,,AVAIL,N,1200
250704SA,STE7,3,1,5,5,X,0,0,OPEN,,AVAIL,N,1200
250704SA,STE7,2,1,5,5,X,0,0,OPEN,,AVAIL,N,1200
250704SA,STE7,1,1,5,5,X,0,0,OPEN,,AVAIL,N,1200
250704SA,STE8,4,1,5,5,X,0,0,OPEN,,AVAIL,N,1210
250704SA,STE8,3,1,4,4,X,0,0,OPEN,,AVAIL,N,1210
250704SA,STE8,2,1,5,5,X,0,0,OPEN,,AVAIL,N,1210
250704SA,STE8,1,1,5,5,X,0,0,OPEN,,AVAIL,N,1210
250704SA,STE9,4,1,5,5,X,0,0,OPEN,,AVAIL,N,1220
250704SA,STE9,3,1,4,4,X,0,0,OPEN,,AVAIL,N,1220
250704SA,STE9,2,1,5,5,X,0,0,OPEN,,AVAIL,N,1220
250704SA,STE9,1,1,5,5,X,0,0,OPEN,,AVAIL,N,1220
250704SA,STE10,4,1,5,5,X,0,0,OPEN,,AVAIL,N,1230
250704SA,STE10,3,1,4,4,X,0,0,OPEN,,AVAIL,N,1230
250704SA,STE10,2,1,5,5,X,0,0,OPEN,,AVAIL,N,1230
250704SA,STE10,1,1,5,5,X,0,0,OPEN,,AVAIL,N,1230
250704SA,STE11,4,1,5,5,X,0,0,OPEN,,AVAIL,N,1240
250704SA,STE11,3,1,4,4,X,0,0,OPEN,,AVAIL,N,1240
250704SA,STE11,2,1,5,5,X,0,0,OPEN,,AVAIL,N,1240
250704SA,STE11,1,1,5,5,X,0,0,OPEN,,AVAIL,N,1240
250704SA,STE12,4,1,5,5,X,0,0,OPEN,,AVAIL,N,1250
250704SA,STE12,2,1,5,5,X,0,0,OPEN,,AVAIL,N,1250
250704SA,STE12,3,1,4,4,X,0,0,OPEN,,AVAIL,N,1250
250704SA,STE12,1,1,5,5,X,0,0,OPEN,,AVAIL,N,1250
250705,100,9,5,8,4,C,121.00,484.00,DRESS,,AVAIL,N,170
250705,100,7,3,4,2,C,121.00,242.00,DRESS,,AVAIL,N,170
250705,100,7,5,8,4,C,121.00,484.00,DIST-OPEN,,AVAIL,N,170
250705,100,5,5,6,2,C,121.00,242.00,DRESS,,AVAIL,N,170
250705,100,5,7,8,2,C,121.00,242.00,DIST-OPEN,,AVAIL,N,170
250705,100,3,5,6,2,C,121.00,242.00,DRESS,,AVAIL,N,170
250705,100,3,7,8,2,C,121.00,242.00,DIST-OPEN,,AVAIL,N,170
250705,100,3,1,2,2,C,121.00,242.00,DRESS,,AVAIL,N,170
250705,100,5,1,4,4,C,121.00,484.00,DIST-OPEN,,AVAIL,N,170
250705,100,3,3,4,2,C,121.00,242.00,DIST-OPEN,,AVAIL,N,170
250705,100,7,1,2,2,C,121.00,242.00,DIST-OPEN,,AVAIL,N,170
250705,100,9,1,4,4,C,121.00,484.00,DIST-OPEN,,AVAIL,N,170
250705,101,3,17,18,2,B,110.00,220.00,DIST-OPEN,,AVAIL,N,90
250705,101,2,13,18,6,B,110.00,660.00,DIST-OPEN,,AVAIL,N,90
250705,101,1,4,6,3,B,110.00,330.00,DIST-OPEN,,AVAIL,N,90
250705,101,6,1,6,6,B,110.00,660.00,DIST-OPEN,,AVAIL,N,90
250705,101,5,5,14,10,B,110.00,1100.00,DIST-OPEN,,AVAIL,N,90
250705,101,7,7,12,6,B,110.00,660.00,DIST-OPEN,,AVAIL,N,90
250705,101,3,7,12,6,B,110.00,660.00,DIST-OPEN,,AVAIL,N,90
250705,101,2,1,6,6,B,110.00,660.00,DIST-OPEN,,AVAIL,N,90
250705,101,4,1,6,6,B,110.00,660.00,DIST-OPEN,,AVAIL,N,90
250705,101,1,13,18,6,B,110.00,660.00,DRESS,,AVAIL,N,90
250705,101,2,7,12,6,B,110.00,660.00,DRESS,,AVAIL,N,90
250705,101,7,17,18,2,B,110.00,220.00,DIST-OPEN,,AVAIL,N,90
250705,101,6,13,18,6,B,110.00,660.00,DIST-OPEN,,AVAIL,N,90
250705,101,5,1,4,4,B,110.00,440.00,DRESS,,AVAIL,N,90
250705,101,4,13,18,6,B,110.00,660.00,DIST-OPEN,,AVAIL,N,90
250705,101,3,1,6,6,B,110.00,660.00,DRESS,,AVAIL,N,90
250705,101,7,13,16,4,B,110.00,440.00,DRESS,,AVAIL,N,90
250705,101,5,15,18,4,B,110.00,440.00,DRESS,,AVAIL,N,90
250705,101,4,7,12,6,B,110.00,660.00,DRESS,,AVAIL,N,90
250705,101,6,7,12,6,B,110.00,660.00,DRESS,,AVAIL,N,90
250705,101,7,1,6,6,B,110.00,660.00,DRESS,,AVAIL,N,90
250705,101,3,13,16,4,B,110.00,440.00,DRESS,,AVAIL,N,90
250705,101L,L3,1,4,4,D,133.00,532.00,DOQ-LOGEBOHOLD,LOGEBOHOLD,AVAIL,N,190
250705,101L,L2,1,4,4,D,133.00,532.00,DOQ-LOGEBOHOLD,LOGEBOHOLD,AVAIL,N,190
250705,101L,L1,1,4,4,D,133.00,532.00,DOQ-LOGEBOHOLD,LOGEBOHOLD,AVAIL,N,190
250705,102,6,1,4,4,B,110.00,440.00,DIST-OPEN,,AVAIL,N,100
250705,102,5,3,4,2,B,110.00,220.00,DIST-OPEN,,AVAIL,N,100
250705,102,3,1,4,4,B,110.00,440.00,DIST-OPEN,,AVAIL,N,100
250705,102,4,1,4,4,B,110.00,440.00,DIST-OPEN,,AVAIL,N,100
250705,102A,A1,1,1,1,B,110.00,110.00,DOQ-COMPANION,COMPAN,AVAIL,N,110
250705,102A,A1,2,3,2,B,110.00,220.00,DOQ-WHEELCHAIR,WCACC,AVAIL,N,110
250705,102A,A1,4,4,1,B,110.00,110.00,DOQ-COMPANION,COMPAN,AVAIL,N,110
250705,103,6,5,10,6,A,167.00,1002.00,DIST-OPEN,,AVAIL,N,10
250705,103,5,5,10,6,A,167.00,1002.00,DIST-OPEN,,AVAIL,N,10
250705,103,3,7,10,4,A,167.00,668.00,DIST-OPEN,,AVAIL,N,10
250705,103,4,5,10,6,A,167.00,1002.00,DIST-OPEN,,AVAIL,N,10
250705,103A,A1,8,8,1,A,167.00,167.00,DOQ-COMPANION,COMPAN,AVAIL,N,20
250705,103A,A1,5,5,1,A,167.00,167.00,DOQ-COMPANION,COMPAN,AVAIL,N,20
250705,103A,A1,6,7,2,A,167.00,334.00,DOQ-WHEELCHAIR,WCACC,AVAIL,N,20
250705,104,4,5,12,8,A,167.00,1336.00,DIST-OPEN,,AVAIL,N,30
250705,104,2,7,12,6,A,167.00,1002.00,DIST-OPEN,,AVAIL,N,30
250705,104,5,11,18,8,A,167.00,1336.00,DIST-OPEN,,AVAIL,N,30
250705,104,1,5,10,6,A,167.00,1002.00,DIST-OPEN,,AVAIL,N,30
250705,104,3,1,6,6,A,167.00,1002.00,DIST-OPEN,,AVAIL,N,30
250705,104,5,1,10,10,A,167.00,1670.00,RELO,,AVAIL,N,30
250705,104,1,15,15,1,A,167.00,167.00,DIST-OPEN,,AVAIL,N,30
250705,104,2,17,20,4,A,167.00,668.00,DIST-OPEN,,AVAIL,N,30
250705,104,3,7,12,6,A,167.00,1002.00,DRESS,,AVAIL,N,30
250705,104,4,1,4,4,A,167.00,668.00,DRESS,,AVAIL,N,30
250705,104,2,1,6,6,A,167.00,1002.00,DRESS,,AVAIL,N,30
250705,105,2,2,8,7,A,167.00,1169.00,DIST-OPEN,,AVAIL,N,40
250705,105,4,5,12,8,A,167.00,1336.00,DIST-OPEN,,AVAIL,N,40
250705,105,5,1,8,8,A,167.00,1336.00,DIST-OPEN,,AVAIL,N,40
250705,105,3,7,11,5,A,167.00,835.00,DIST-OPEN,,AVAIL,N,40
250705,105,5,11,11,1,A,167.00,167.00,DIST-OPEN,,AVAIL,N,40
250705,106,4,7,14,8,A,167.00,1336.00,DIST-OPEN,,AVAIL,N,50
250705,106,5,5,14,10,A,167.00,1670.00,DIST-OPEN,,AVAIL,N,50
250705,106,3,8,14,7,A,167.00,1169.00,DIST-OPEN,,AVAIL,N,50
250705,106,2,7,14,8,A,167.00,1336.00,DIST-OPEN,,AVAIL,N,50
250705,107,1,3,20,18,A,167.00,3006.00,CAMERA KILL,,AVAIL,N,60
250705,107,2,1,20,20,A,167.00,3340.00,CAMERA KILL,,AVAIL,N,60
250705,107,5,4,8,5,A,167.00,835.00,DRESS,,AVAIL,N,60
250705,107,5,15,18,4,A,167.00,668.00,DRESS,,AVAIL,N,60
250705,107,5,19,20,2,A,167.00,334.00,DIST-OPEN,,AVAIL,N,60
250705,107,5,9,14,6,A,167.00,1002.00,DIST-OPEN,,AVAIL,N,60
250705,107,4,13,16,4,A,167.00,668.00,DRESS,,AVAIL,N,60
250705,107,4,17,20,4,A,167.00,668.00,DIST-OPEN,,AVAIL,N,60
250705,107,4,1,6,6,A,167.00,1002.00,DRESS,,AVAIL,N,60
250705,107,3,7,12,6,A,167.00,1002.00,DRESS,,AVAIL,N,60
250705,107,3,13,20,8,A,167.00,1336.00,DIST-OPEN,,AVAIL,N,60
250705,107,4,7,12,6,A,167.00,1002.00,DIST-OPEN,,AVAIL,N,60
250705,107,3,1,6,6,A,167.00,1002.00,DIST-OPEN,,AVAIL,N,60
250705,108,6,1,6,6,A,167.00,1002.00,DIST-OPEN,,AVAIL,N,70
250705,108,1,1,6,6,A,167.00,1002.00,DIST-OPEN,,AVAIL,N,70
250705,108,5,1,6,6,A,167.00,1002.00,DIST-OPEN,,AVAIL,N,70
250705,108,4,1,6,6,A,167.00,1002.00,DIST-OPEN,,AVAIL,N,70
250705,108,2,1,6,6,A,167.00,1002.00,DIST-OPEN,,AVAIL,N,70
250705,108,3,1,6,6,A,167.00,1002.00,DIST-OPEN,,AVAIL,N,70
250705,108A,A1,1,1,1,A,167.00,167.00,DOQ-COMPANION,COMPAN,AVAIL,N,80
250705,108A,A1,2,3,2,A,167.00,334.00,DOQ-WHEELCHAIR,WCACC,AVAIL,N,80
250705,108A,A1,4,4,1,A,167.00,167.00,DOQ-COMPANION,COMPAN,AVAIL,N,80
250705,109,1,7,10,4,B,110.00,440.00,BOX OFFICE HOLD,,AVAIL,N,120
250705,109,6,7,10,4,B,110.00,440.00,BOX OFFICE HOLD,,AVAIL,N,120
250705,109,5,7,10,4,B,110.00,440.00,BOX OFFICE HOLD,,AVAIL,N,120
250705,109A,A1,5,5,1,B,110.00,110.00,DOQ-COMPANION,COMPAN,AVAIL,N,130
250705,109A,A1,6,7,2,B,110.00,220.00,DOQ-WHEELCHAIR,WCACC,AVAIL,N,130
250705,109A,A1,8,8,1,B,110.00,110.00,DOQ-COMPANION,COMPAN,AVAIL,N,130
250705,110,5,1,18,18,B,110.00,1980.00,BOX OFFICE HOLD,,AVAIL,N,140
250705,110,4,13,18,6,B,110.00,660.00,BOX OFFICE HOLD,,AVAIL,N,140
250705,110,1,1,18,18,B,110.00,1980.00,BOX OFFICE HOLD,,AVAIL,N,140
250705,110,2,8,18,11,B,110.00,1210.00,BOX OFFICE HOLD,,AVAIL,N,140
250705,110,7,1,18,18,B,110.00,1980.00,BOX OFFICE HOLD,,AVAIL,N,140
250705,110,6,1,18,18,B,110.00,1980.00,BOX OFFICE HOLD,,AVAIL,N,140
250705,110L,L3,1,4,4,D,133.00,532.00,DOQ-LOGEBOHOLD,LOGEBOHOLD,AVAIL,N,200
250705,110L,L2,1,4,4,D,133.00,532.00,DOQ-LOGEBOHOLD,LOGEBOHOLD,AVAIL,N,200
250705,111,5,1,8,8,C,121.00,968.00,BOX OFFICE HOLD,,AVAIL,N,180
250705,111,9,1,8,8,C,121.00,968.00,BOX OFFICE HOLD,,AVAIL,N,180
250705,111,7,1,8,8,C,121.00,968.00,BOX OFFICE HOLD,,AVAIL,N,180
250705,111,1,1,8,8,C,121.00,968.00,BOX OFFICE HOLD,,AVAIL,N,180
250705,111,3,1,8,8,C,121.00,968.00,BOX OFFICE HOLD,,AVAIL,N,180
250705,112,1,1,12,12,N,29.00,348.00,FUTURE,,AVAIL,N,630
250705,112A,A1,1,8,8,N,29.00,232.00,WHEELCHAIR,,AVAIL,N,640
250705,113,1,1,12,12,N,29.00,348.00,FUTURE,,AVAIL,N,650
250705,113,R2,1,4,4,O,29.00,116.00,LOGE SELL 4,,AVAIL,N,780
250705,113,R1,1,4,4,O,29.00,116.00,LOGE SELL 4,,AVAIL,N,780
250705,114,1,1,12,12,N,29.00,348.00,FUTURE,,AVAIL,N,660
250705,114,R2,1,4,4,O,29.00,116.00,LOGE SELL 4,,AVAIL,N,790
250705,114,R1,1,4,4,O,29.00,116.00,LOGE SELL 4,,AVAIL,N,790
250705,115,1,1,12,12,N,29.00,348.00,FUTURE,,AVAIL,N,670
250705,115A,A1,1,8,8,N,29.00,232.00,WHEELCHAIR,,AVAIL,N,680
250705,116,B1,1,8,8,P,29.00,232.00,FUTURE,,AVAIL,N,820
250705,116,1,1,12,12,N,29.00,348.00,FUTURE,,AVAIL,N,690
250705,117,B1,1,10,10,P,29.00,290.00,FUTURE,,AVAIL,N,830
250705,117,1,1,15,15,N,29.00,435.00,FUTURE,,AVAIL,N,700
250705,118,B1,1,8,8,P,29.00,232.00,FUTURE,,AVAIL,N,840
250705,118,1,1,12,12,N,29.00,348.00,FUTURE,,AVAIL,N,710
250705,119,1,1,12,12,N,29.00,348.00,FUTURE,,AVAIL,N,720
250705,119A,A1,1,8,8,N,29.00,232.00,WHEELCHAIR,,AVAIL,N,730
250705,120,1,1,12,12,N,29.00,348.00,FUTURE,,AVAIL,N,740
250705,120,R2,1,4,4,O,29.00,116.00,LOGE SELL 4,,AVAIL,N,800
250705,120,R1,1,4,4,O,29.00,116.00,LOGE SELL 4,,AVAIL,N,800
250705,121,1,1,12,12,N,29.00,348.00,FUTURE,,AVAIL,N,750
250705,121,R2,1,4,4,O,29.00,116.00,LOGE SELL 4,,AVAIL,N,810
250705,121,R1,1,4,4,O,29.00,116.00,LOGE SELL 4,,AVAIL,N,810
250705,122,1,1,12,12,N,29.00,348.00,FUTURE,,AVAIL,N,760
250705,122A,A1,1,8,8,N,29.00,232.00,WHEELCHAIR,,AVAIL,N,770
250705,123,3,9,10,2,K,46.00,92.00,DIST-OPEN,,AVAIL,N,440
250705,123,6,11,20,10,K,46.00,460.00,DIST-OPEN,,AVAIL,N,440
250705,123,7,1,10,10,K,46.00,460.00,DIST-OPEN,,AVAIL,N,440
250705,123,9,1,20,20,K,46.00,920.00,DRESS,,AVAIL,N,440
250705,123,6,8,10,3,K,46.00,138.00,DRESS,,AVAIL,N,440
250705,123,7,11,20,10,K,46.00,460.00,DRESS,,AVAIL,N,440
250705,123,3,19,20,2,K,46.00,92.00,DRESS,,AVAIL,N,440
250705,123,4,9,10,2,K,46.00,92.00,DRESS,,AVAIL,N,440
250705,123,10,3,20,18,K,46.00,828.00,DRESS,,AVAIL,N,440
250705,123,8,1,10,10,K,46.00,460.00,DRESS,,AVAIL,N,440
250705,123,5,19,20,2,K,46.00,92.00,DRESS,,AVAIL,N,440
250705,123,8,11,15,5,K,46.00,230.00,DIST-OPEN,,AVAIL,N,440
250705,124,L2,1,4,4,L,41.00,164.00,LOGE SELL 4,,AVAIL,N,510
250705,124,L1,1,4,4,L,41.00,164.00,LOGE SELL 4,,AVAIL,N,510
250705,125,4,11,14,4,I,64.00,256.00,DIST-OPEN,,AVAIL,N,290
250705,125,5,5,12,8,I,64.00,512.00,DIST-OPEN,,AVAIL,N,290
250705,125,6,5,18,14,I,64.00,896.00,DIST-OPEN,,AVAIL,N,290
250705,125A,A1,1,14,14,I,64.00,896.00,WHEELCHAIR,,AVAIL,N,300
250705,126,6,13,16,4,I,64.00,256.00,DIST-OPEN,,AVAIL,N,310
250705,126,7,10,15,6,I,64.00,384.00,DIST-OPEN,,AVAIL,N,310
250705,126,6,8,10,3,I,64.00,192.00,DIST-OPEN,,AVAIL,N,310
250705,126,1,15,16,2,I,64.00,128.00,DIST-OPEN,,AVAIL,N,310
250705,126,4,1,22,22,I,64.00,1408.00,DIST-OPEN,,AVAIL,N,310
250705,126,1,2,11,10,I,64.00,640.00,DIST-OPEN,,AVAIL,N,310
250705,126,3,1,16,16,I,64.00,1024.00,DIST-OPEN,,AVAIL,N,310
250705,126,2,1,16,16,I,64.00,1024.00,DIST-OPEN,,AVAIL,N,310
250705,126,3,17,22,6,I,64.00,384.00,D1Q-OBSTRUCTED,OBSTRUCTED,AVAIL,N,310
250705,126,1,17,22,6,I,64.00,384.00,D1Q-OBSTRUCTED,OBSTRUCTED,AVAIL,N,310
250705,126,2,17,22,6,I,64.00,384.00,D1Q-OBSTRUCTED,OBSTRUCTED,AVAIL,N,310
250705,126A,A1,1,8,8,I,64.00,512.00,WHEELCHAIR,,AVAIL,N,320
250705,126L,L2,1,2,2,L,41.00,82.00,LOGE SELL 4,,AVAIL,N,520
250705,126L,L1,1,4,4,L,41.00,164.00,LOGE SELL 4,,AVAIL,N,520
250705,127,1,1,16,16,G,75.00,1200.00,D1Q-OBSTRUCTED,OBSTRUCTED,AVAIL,N,250
250705,127,2,1,16,16,G,75.00,1200.00,D1Q-OBSTRUCTED,OBSTRUCTED,AVAIL,N,250
250705,127,3,1,16,16,G,75.00,1200.00,D1Q-OBSTRUCTED,OBSTRUCTED,AVAIL,N,250
250705,127,4,1,16,16,G,75.00,1200.00,D1Q-OBSTRUCTED,OBSTRUCTED,AVAIL,N,250
250705,128,7,9,16,8,I,64.00,512.00,DIST-OPEN,,AVAIL,N,330
250705,128,A1,1,8,8,I,64.00,512.00,WHEELCHAIR,,AVAIL,N,340
250705,128,1,9,18,10,I,64.00,640.00,DIST-OPEN,,AVAIL,N,330
250705,128,4,6,22,17,I,64.00,1088.00,DIST-OPEN,,AVAIL,N,330
250705,128,3,7,22,16,I,64.00,1024.00,DIST-OPEN,,AVAIL,N,330
250705,128,2,7,22,16,I,64.00,1024.00,DIST-OPEN,,AVAIL,N,330
250705,128,3,1,6,6,I,64.00,384.00,D1Q-OBSTRUCTED,OBSTRUCTED,AVAIL,N,330
250705,128,2,1,6,6,I,64.00,384.00,D1Q-OBSTRUCTED,OBSTRUCTED,AVAIL,N,330
250705,128,1,1,6,6,I,64.00,384.00,D1Q-OBSTRUCTED,OBSTRUCTED,AVAIL,N,330
250705,128,5,13,16,4,I,64.00,256.00,DIST-OPEN,,AVAIL,N,330
250705,128,6,10,13,4,I,64.00,256.00,DIST-OPEN,,AVAIL,N,330
250705,128L,L2,1,4,4,L,41.00,164.00,LOGE SELL 4,,AVAIL,N,530
250705,128L,L1,1,2,2,L,41.00,82.00,LOGE SELL 4,,AVAIL,N,530
250705,129,4,9,18,10,I,64.00,640.00,DIST-OPEN,,AVAIL,N,350
250705,129,6,17,19,3,I,64.00,192.00,DIST-OPEN,,AVAIL,N,350
250705,129,7,5,18,14,I,64.00,896.00,DIST-OPEN,,AVAIL,N,350
250705,129A,A1,1,14,14,I,64.00,896.00,WHEELCHAIR,,AVAIL,N,360
250705,130,L2,1,4,4,L,41.00,164.00,LOGE SELL 4,,AVAIL,N,540
250705,130,L1,1,4,4,L,41.00,164.00,LOGE SELL 4,,AVAIL,N,540
250705,130,3,23,24,2,K,46.00,92.00,DIST-OPEN,,AVAIL,N,470
250705,130,L3,1,4,4,L,41.00,164.00,RELO,,AVAIL,N,540
250705,130,7,19,24,6,K,46.00,276.00,RELO,,AVAIL,N,470
250705,130,6,12,18,7,K,46.00,322.00,RELO,,AVAIL,N,470
250705,130A,A1,1,1,1,K,46.00,46.00,DOQ-COMPANION,COMPAN,AVAIL,N,480
250705,130A,A1,4,4,1,K,46.00,46.00,DOQ-COMPANION,COMPAN,AVAIL,N,480
250705,130A,A1,2,3,2,K,46.00,92.00,DOQ-WHEELCHAIR,WCACC,AVAIL,N,480
250705,131,4,11,16,6,K,46.00,276.00,DIST-OPEN,,AVAIL,N,490
250705,131,1,12,13,2,K,46.00,92.00,DIST-OPEN,,AVAIL,N,490
250705,131,2,9,10,2,K,46.00,92.00,DIST-OPEN,,AVAIL,N,490
250705,131,8,1,8,8,K,46.00,368.00,DRESS,,AVAIL,N,490
250705,131,2,1,8,8,K,46.00,368.00,DRESS,,AVAIL,N,490
250705,131,3,9,16,8,K,46.00,368.00,DRESS,,AVAIL,N,490
250705,131,5,9,16,8,K,46.00,368.00,DRESS,,AVAIL,N,490
250705,131,9,2,16,15,K,46.00,690.00,DRESS,,AVAIL,N,490
250705,131,10,1,16,16,K,46.00,736.00,DRESS,,AVAIL,N,490
250705,131,4,1,8,8,K,46.00,368.00,DRESS,,AVAIL,N,490
250705,131,6,1,8,8,K,46.00,368.00,DRESS,,AVAIL,N,490
250705,131,7,9,16,8,K,46.00,368.00,DRESS,,AVAIL,N,490
250705,132,4,7,11,5,K,46.00,230.00,DIST-OPEN,,AVAIL,N,500
250705,132,7,1,6,6,K,46.00,276.00,DIST-OPEN,,AVAIL,N,500
250705,132,3,1,6,6,K,46.00,276.00,DIST-OPEN,,AVAIL,N,500
250705,132,6,7,11,5,K,46.00,230.00,DIST-OPEN,,AVAIL,N,500
250705,132,1,6,6,1,K,46.00,46.00,DIST-OPEN,,AVAIL,N,500
250705,132,9,1,11,11,K,46.00,506.00,DRESS,,AVAIL,N,500
250705,132,7,7,11,5,K,46.00,230.00,DRESS,,AVAIL,N,500
250705,132,3,7,11,5,K,46.00,230.00,DRESS,,AVAIL,N,500
250705,132,5,7,11,5,K,46.00,230.00,DRESS,,AVAIL,N,500
250705,132,2,1,6,6,K,46.00,276.00,DRESS,,AVAIL,N,500
250705,132,1,7,11,5,K,46.00,230.00,DRESS,,AVAIL,N,500
250705,132,4,1,6,6,K,46.00,276.00,DRESS,,AVAIL,N,500
250705,132,10,1,11,11,K,46.00,506.00,DRESS,,AVAIL,N,500
250705,132,8,1,11,11,K,46.00,506.00,DRESS,,AVAIL,N,500
250705,132,6,1,6,6,K,46.00,276.00,DRESS,,AVAIL,N,500
250705,200,16,1,8,8,M,35.00,280.00,FUTURE,,AVAIL,N,550
250705,200,17,1,8,8,M,35.00,280.00,FUTURE,,AVAIL,N,550
250705,200,15,1,8,8,M,35.00,280.00,FUTURE,,AVAIL,N,550
250705,200,10,1,8,8,M,35.00,280.00,FUTURE,,AVAIL,N,550
250705,200,11,1,8,8,M,35.00,280.00,FUTURE,,AVAIL,N,550
250705,200,13,1,8,8,M,35.00,280.00,FUTURE,,AVAIL,N,550
250705,200,14,1,8,8,M,35.00,280.00,FUTURE,,AVAIL,N,550
250705,200,12,1,8,8,M,35.00,280.00,FUTURE,,AVAIL,N,550
250705,200,9,1,8,8,M,35.00,280.00,DRESS,,AVAIL,N,550
250705,200,8,1,5,5,M,35.00,175.00,DRESS,,AVAIL,N,550
250705,200,6,1,5,5,M,35.00,175.00,DRESS,,AVAIL,N,550
250705,200,7,1,5,5,M,35.00,175.00,DRESS,,AVAIL,N,550
250705,200,5,1,5,5,M,35.00,175.00,DRESS,,AVAIL,N,550
250705,200,1,1,4,4,M,35.00,140.00,DIST-OPEN,,AVAIL,N,550
250705,200,2,4,5,2,M,35.00,70.00,DIST-OPEN,,AVAIL,N,550
250705,201,17,1,16,16,M,35.00,560.00,FUTURE,,AVAIL,N,570
250705,201,14,1,16,16,M,35.00,560.00,FUTURE,,AVAIL,N,570
250705,201,15,1,16,16,M,35.00,560.00,FUTURE,,AVAIL,N,570
250705,201,11,1,16,16,M,35.00,560.00,FUTURE,,AVAIL,N,570
250705,201,10,1,16,16,M,35.00,560.00,FUTURE,,AVAIL,N,570
250705,201,16,1,16,16,M,35.00,560.00,FUTURE,,AVAIL,N,570
250705,201,12,1,16,16,M,35.00,560.00,FUTURE,,AVAIL,N,570
250705,201,13,1,16,16,M,35.00,560.00,FUTURE,,AVAIL,N,570
250705,201,1,9,14,6,M,35.00,210.00,DRESS,,AVAIL,N,560
250705,201,9,1,16,16,M,35.00,560.00,DRESS,,AVAIL,N,560
250705,201,5,3,13,11,M,35.00,385.00,DRESS,,AVAIL,N,560
250705,201,8,3,13,11,M,35.00,385.00,DRESS,,AVAIL,N,560
250705,201,2,11,13,3,M,35.00,105.00,DRESS,,AVAIL,N,560
250705,201,7,3,13,11,M,35.00,385.00,PLAYERS,,AVAIL,N,560
250705,201,6,3,13,11,M,35.00,385.00,PLAYERS,,AVAIL,N,560
250705,201,4,3,13,11,M,35.00,385.00,PLAYERS,,AVAIL,N,560
250705,201,3,3,13,11,M,35.00,385.00,PLAYERS,,AVAIL,N,560
250705,201,2,9,10,2,M,35.00,70.00,DIST-OPEN,,AVAIL,N,560
250705,201,1,4,8,5,M,35.00,175.00,DIST-OPEN,,AVAIL,N,560
250705,201,2,5,6,2,M,35.00,70.00,DIST-OPEN,,AVAIL,N,560
250705,202,11,1,18,18,M,35.00,630.00,FUTURE,,AVAIL,N,590
250705,202,12,1,18,18,M,35.00,630.00,FUTURE,,AVAIL,N,590
250705,202,16,1,18,18,M,35.00,630.00,FUTURE,,AVAIL,N,590
250705,202,15,1,18,18,M,35.00,630.00,FUTURE,,AVAIL,N,590
250705,202,13,1,18,18,M,35.00,630.00,FUTURE,,AVAIL,N,590
250705,202,10,1,18,18,M,35.00,630.00,FUTURE,,AVAIL,N,590
250705,202,14,1,18,18,M,35.00,630.00,FUTURE,,AVAIL,N,590
250705,202,17,1,8,8,M,35.00,280.00,FUTURE,,AVAIL,N,590
250705,202,9,8,18,11,M,35.00,385.00,DRESS,,AVAIL,N,580
250705,202,5,11,15,5,M,35.00,175.00,DRESS,,AVAIL,N,580
250705,202,2,11,15,5,M,35.00,175.00,DRESS,,AVAIL,N,580
250705,202,8,6,7,2,M,35.00,70.00,DIST-OPEN,,AVAIL,N,580
250705,202,8,8,15,8,M,35.00,280.00,DRESS,,AVAIL,N,580
250705,202,6,3,15,13,M,35.00,455.00,PLAYERS,,AVAIL,N,580
250705,202,7,3,15,13,M,35.00,455.00,PLAYERS,,AVAIL,N,580
250705,202,4,3,15,13,M,35.00,455.00,PLAYERS,,AVAIL,N,580
250705,202,3,3,15,13,M,35.00,455.00,PLAYERS,,AVAIL,N,580
250705,202,1,5,5,1,M,35.00,35.00,DIST-OPEN,,AVAIL,N,580
250705,202,5,7,10,4,M,35.00,140.00,DIST-OPEN,,AVAIL,N,580
250705,202,2,3,5,3,M,35.00,105.00,DIST-OPEN,,AVAIL,N,580
250705,203,4,8,13,6,J,41.00,246.00,DRESS,,AVAIL,N,370
250705,203,14,1,24,24,J,41.00,984.00,FUTURE,,AVAIL,N,380
250705,203,10,1,24,24,J,41.00,984.00,FUTURE,,AVAIL,N,380
250705,203,15,1,24,24,J,41.00,984.00,FUTURE,,AVAIL,N,380
250705,203,12,1,24,24,J,41.00,984.00,FUTURE,,AVAIL,N,380
250705,203,11,1,24,24,J,41.00,984.00,FUTURE,,AVAIL,N,380
250705,203,16,1,24,24,J,41.00,984.00,FUTURE,,AVAIL,N,380
250705,203,13,1,24,24,J,41.00,984.00,FUTURE,,AVAIL,N,380
250705,203,5,12,14,3,J,41.00,123.00,DRESS,,AVAIL,N,370
250705,203,1,10,18,9,J,41.00,369.00,DRESS,,AVAIL,N,370
250705,203,8,15,22,8,J,41.00,328.00,DRESS,,AVAIL,N,370
250705,203,4,15,16,2,J,41.00,82.00,DIST-OPEN,,AVAIL,N,370
250705,203,5,21,22,2,J,41.00,82.00,OPEN,,AVAIL,N,370
250705,203,5,9,11,3,J,41.00,123.00,DIST-OPEN,,AVAIL,N,370
250705,203,6,18,19,2,J,41.00,82.00,DIST-OPEN,,AVAIL,N,370
250705,204,8,22,22,1,J,41.00,41.00,PLAYERS,,AVAIL,N,390
250705,204,16,1,24,24,J,41.00,984.00,FUTURE,,AVAIL,N,390
250705,204,15,1,24,24,J,41.00,984.00,FUTURE,,AVAIL,N,390
250705,204,12,1,24,24,J,41.00,984.00,FUTURE,,AVAIL,N,390
250705,204,11,1,24,24,J,41.00,984.00,FUTURE,,AVAIL,N,390
250705,204,14,1,24,24,J,41.00,984.00,FUTURE,,AVAIL,N,390
250705,204,10,1,24,24,J,41.00,984.00,FUTURE,,AVAIL,N,390
250705,204,13,1,24,24,J,41.00,984.00,FUTURE,,AVAIL,N,390
250705,204,4,3,8,6,E,64.00,384.00,SEAN HOLD,,AVAIL,N,210
250705,204,9,9,17,9,J,41.00,369.00,DRESS,,AVAIL,N,390
250705,204,9,22,24,3,J,41.00,123.00,DRESS,,AVAIL,N,390
250705,204,4,9,12,4,E,64.00,256.00,DRESS,,AVAIL,N,210
250705,204,5,8,10,3,J,41.00,123.00,DRESS,,AVAIL,N,390
250705,204,2,8,12,5,E,64.00,320.00,DRESS,,AVAIL,N,210
250705,204,1,5,6,2,E,64.00,128.00,DRESS,,AVAIL,N,210
250705,204,2,13,14,2,E,64.00,128.00,DIST-OPEN,,AVAIL,N,210
250705,205,15,1,24,24,F,58.00,1392.00,FUTURE,,AVAIL,N,240
250705,205,16,1,24,24,F,58.00,1392.00,FUTURE,,AVAIL,N,240
250705,205,10,1,24,24,F,58.00,1392.00,FUTURE,,AVAIL,N,240
250705,205,11,1,24,24,F,58.00,1392.00,FUTURE,,AVAIL,N,240
250705,205,13,1,24,24,F,58.00,1392.00,FUTURE,,AVAIL,N,240
250705,205,12,1,24,24,F,58.00,1392.00,FUTURE,,AVAIL,N,240
250705,205,14,1,24,24,F,58.00,1392.00,FUTURE,,AVAIL,N,240
250705,205,7,3,8,6,F,58.00,348.00,SEAN HOLD,,AVAIL,N,240
250705,205,9,7,19,13,F,58.00,754.00,DRESS,,AVAIL,N,240
250705,205,5,7,12,6,F,58.00,348.00,DRESS,,AVAIL,N,240
250705,205,3,14,14,1,E,64.00,64.00,DRESS,,AVAIL,N,220
250705,205,7,12,18,7,F,58.00,406.00,DRESS,,AVAIL,N,240
250705,205,3,8,9,2,E,64.00,128.00,DRESS,,AVAIL,N,220
250705,205,9,1,3,3,F,58.00,174.00,DRESS,,AVAIL,N,240
250705,205,4,13,13,1,E,64.00,64.00,DIST-OPEN,,AVAIL,N,220
250705,206,7,5,18,14,J,41.00,574.00,PLAYERS,,AVAIL,N,400
250705,206,4,3,21,19,E,64.00,1216.00,DRESS,,AVAIL,N,230
250705,206,11,1,24,24,J,41.00,984.00,FUTURE,,AVAIL,N,410
250705,206,16,1,24,24,J,41.00,984.00,FUTURE,,AVAIL,N,410
250705,206,10,1,24,24,J,41.00,984.00,FUTURE,,AVAIL,N,400
250705,206,12,1,24,24,J,41.00,984.00,FUTURE,,AVAIL,N,410
250705,206,15,1,24,24,J,41.00,984.00,FUTURE,,AVAIL,N,410
250705,206,14,1,24,24,J,41.00,984.00,FUTURE,,AVAIL,N,410
250705,206,13,1,24,24,J,41.00,984.00,FUTURE,,AVAIL,N,410
250705,206,9,7,24,18,J,41.00,738.00,DRESS,,AVAIL,N,400
250705,206,5,8,15,8,J,41.00,328.00,DRESS,,AVAIL,N,400
250705,206,8,7,22,16,J,41.00,656.00,DRESS,,AVAIL,N,400
250705,206,3,9,11,3,E,64.00,192.00,DRESS,,AVAIL,N,230
250705,206,1,9,10,2,E,64.00,128.00,DRESS,,AVAIL,N,230
250705,206,2,9,11,3,E,64.00,192.00,DRESS,,AVAIL,N,230
250705,206A,A1,4,5,2,J,41.00,82.00,DOQ-WHEELCHAIR,WCACC,AVAIL,N,160
250705,206A,A1,6,6,1,J,41.00,41.00,DOQ-COMPANION,COMPAN,AVAIL,N,160
250705,206A,A1,2,2,1,J,41.00,41.00,DOQ-WHEELCHAIR,WCACC,AVAIL,N,160
250705,206A,A1,1,1,1,J,41.00,41.00,DOQ-COMPANION,COMPAN,AVAIL,N,160
250705,206A,A1,3,3,1,J,41.00,41.00,DOQ-COMPANION,COMPAN,AVAIL,N,160
250705,207,5,3,22,20,J,41.00,820.00,PLAYERS,,AVAIL,N,420
250705,207,4,3,22,20,J,41.00,820.00,PLAYERS,,AVAIL,N,420
250705,207,7,3,22,20,J,41.00,820.00,DRESS,,AVAIL,N,420
250705,207,15,1,24,24,J,41.00,984.00,FUTURE,,AVAIL,N,430
250705,207,16,1,24,24,J,41.00,984.00,FUTURE,,AVAIL,N,430
250705,207,13,1,24,24,J,41.00,984.00,FUTURE,,AVAIL,N,430
250705,207,11,1,24,24,J,41.00,984.00,FUTURE,,AVAIL,N,430
250705,207,14,1,24,24,J,41.00,984.00,FUTURE,,AVAIL,N,430
250705,207,12,1,24,24,J,41.00,984.00,FUTURE,,AVAIL,N,430
250705,207,10,1,24,24,J,41.00,984.00,FUTURE,,AVAIL,N,430
250705,207,1,13,24,12,J,41.00,492.00,DRESS,,AVAIL,N,420
250705,207,2,3,22,20,J,41.00,820.00,DRESS,,AVAIL,N,420
250705,207,8,3,22,20,J,41.00,820.00,DRESS,,AVAIL,N,420
250705,207,6,3,22,20,J,41.00,820.00,DRESS,,AVAIL,N,420
250705,207,3,3,22,20,J,41.00,820.00,DRESS,,AVAIL,N,420
250705,208,12,1,18,18,M,35.00,630.00,FUTURE,,AVAIL,N,610
250705,208,16,1,18,18,M,35.00,630.00,FUTURE,,AVAIL,N,610
250705,208,15,1,18,18,M,35.00,630.00,FUTURE,,AVAIL,N,610
250705,208,17,11,18,8,M,35.00,280.00,FUTURE,,AVAIL,N,610
250705,208,13,1,18,18,M,35.00,630.00,FUTURE,,AVAIL,N,610
250705,208,11,1,18,18,M,35.00,630.00,FUTURE,,AVAIL,N,610
250705,208,14,1,18,18,M,35.00,630.00,FUTURE,,AVAIL,N,610
250705,208,6,3,16,14,M,35.00,490.00,DRESS,,AVAIL,N,600
250705,208,9,3,18,16,M,35.00,560.00,DRESS,,AVAIL,N,600
250705,208,2,3,16,14,M,35.00,490.00,DRESS,,AVAIL,N,600
250705,208,5,3,16,14,M,35.00,490.00,DRESS,,AVAIL,N,600
250705,208,1,1,18,18,M,35.00,630.00,DRESS,,AVAIL,N,600
250705,208,10,1,18,18,M,35.00,630.00,PLAYERS,,AVAIL,N,610
250705,208,8,3,16,14,M,35.00,490.00,PLAYERS,,AVAIL,N,600
250705,208,7,3,16,14,M,35.00,490.00,PLAYERS,,AVAIL,N,600
250705,208,4,3,16,14,M,35.00,490.00,PLAYERS,,AVAIL,N,600
250705,208,3,3,16,14,M,35.00,490.00,PLAYERS,,AVAIL,N,600
250705,209,15,1,12,12,M,35.00,420.00,FUTURE,,AVAIL,N,620
250705,209,12,1,12,12,M,35.00,420.00,FUTURE,,AVAIL,N,620
250705,209,16,1,12,12,M,35.00,420.00,FUTURE,,AVAIL,N,620
250705,209,13,1,12,12,M,35.00,420.00,FUTURE,,AVAIL,N,620
250705,209,11,1,12,12,M,35.00,420.00,FUTURE,,AVAIL,N,620
250705,209,17,1,12,12,M,35.00,420.00,FUTURE,,AVAIL,N,620
250705,209,14,1,12,12,M,35.00,420.00,FUTURE,,AVAIL,N,620
250705,209,6,3,11,9,M,35.00,315.00,DRESS,,AVAIL,N,620
250705,209,2,3,11,9,M,35.00,315.00,DRESS,,AVAIL,N,620
250705,209,1,5,12,8,M,35.00,280.00,DRESS,,AVAIL,N,620
250705,209,3,3,11,9,M,35.00,315.00,DRESS,,AVAIL,N,620
250705,209,9,1,12,12,M,35.00,420.00,DRESS,,AVAIL,N,620
250705,209,8,3,11,9,M,35.00,315.00,PLAYERS,,AVAIL,N,620
250705,209,7,3,11,9,M,35.00,315.00,PLAYERS,,AVAIL,N,620
250705,209,4,3,11,9,M,35.00,315.00,PLAYERS,,AVAIL,N,620
250705,209,5,3,11,9,M,35.00,315.00,PLAYERS,,AVAIL,N,620
250705,209,10,1,12,12,M,35.00,420.00,PLAYERS,,AVAIL,N,620
250705,223,3,2,3,2,R,29.00,58.00,DIST-OPEN,,AVAIL,N,930
250705,223,5,3,5,3,R,29.00,87.00,DIST-OPEN,,AVAIL,N,930
250705,223,20,1,12,12,R,29.00,348.00,FUTURE,,AVAIL,N,930
250705,223,19,1,12,12,R,29.00,348.00,FUTURE,,AVAIL,N,930
250705,223,18,1,12,12,R,29.00,348.00,FUTURE,,AVAIL,N,930
250705,223,17,1,12,12,R,29.00,348.00,FUTURE,,AVAIL,N,930
250705,223,5,6,9,4,R,29.00,116.00,DRESS,,AVAIL,N,930
250705,223,2,8,9,2,R,29.00,58.00,DIST-OPEN,,AVAIL,N,930
250705,223,7,1,3,3,R,29.00,87.00,DRESS,,AVAIL,N,930
250705,223,2,1,4,4,R,29.00,116.00,DRESS,,AVAIL,N,930
250705,223,4,1,4,4,R,29.00,116.00,DRESS,,AVAIL,N,930
250705,223,9,1,12,12,R,29.00,348.00,DRESS,,AVAIL,N,930
250705,223,4,7,9,3,R,29.00,87.00,DIST-OPEN,,AVAIL,N,930
250705,223,6,5,9,5,R,29.00,145.00,DIST-OPEN,,AVAIL,N,930
250705,223,15,1,12,12,R,29.00,348.00,DRESS,,AVAIL,N,930
250705,223,11,1,12,12,R,29.00,348.00,DRESS,,AVAIL,N,930
250705,223,16,1,12,12,R,29.00,348.00,DRESS,,AVAIL,N,930
250705,223,13,1,12,12,R,29.00,348.00,DRESS,,AVAIL,N,930
250705,223,14,1,12,12,R,29.00,348.00,DRESS,,AVAIL,N,930
250705,223,3,6,9,4,R,29.00,116.00,DRESS,,AVAIL,N,930
250705,224,2,7,9,3,R,29.00,87.00,DIST-OPEN,,AVAIL,N,940
250705,224,6,9,15,7,R,29.00,203.00,DIST-OPEN,,AVAIL,N,940
250705,224,20,1,18,18,R,29.00,522.00,FUTURE,,AVAIL,N,950
250705,224,19,1,18,18,R,29.00,522.00,FUTURE,,AVAIL,N,950
250705,224,18,1,18,18,R,29.00,522.00,FUTURE,,AVAIL,N,950
250705,224,17,1,18,18,R,29.00,522.00,FUTURE,,AVAIL,N,950
250705,224,4,11,13,3,R,29.00,87.00,DIST-OPEN,,AVAIL,N,940
250705,224,11,1,18,18,R,29.00,522.00,DRESS,,AVAIL,N,950
250705,224,8,11,18,8,R,29.00,232.00,DRESS,,AVAIL,N,940
250705,224,5,7,15,9,R,29.00,261.00,DIST-OPEN,,AVAIL,N,940
250705,224,3,12,15,4,R,29.00,116.00,DIST-OPEN,,AVAIL,N,940
250705,224,16,1,18,18,R,29.00,522.00,DRESS,,AVAIL,N,950
250705,224,15,1,18,18,R,29.00,522.00,DRESS,,AVAIL,N,950
250705,224,14,1,18,18,R,29.00,522.00,DRESS,,AVAIL,N,950
250705,224,13,1,18,18,R,29.00,522.00,DRESS,,AVAIL,N,950
250705,224,9,12,18,7,R,29.00,203.00,DOQ-VETTX1HOLD,VETTX1HOLD,AVAIL,N,940
250705,225,6,8,21,14,Q,35.00,490.00,DIST-OPEN,,AVAIL,N,850
250705,225,20,1,24,24,Q,35.00,840.00,FUTURE,,AVAIL,N,860
250705,225,19,1,24,24,Q,35.00,840.00,FUTURE,,AVAIL,N,860
250705,225,18,1,24,24,Q,35.00,840.00,FUTURE,,AVAIL,N,860
250705,225,17,1,24,24,Q,35.00,840.00,FUTURE,,AVAIL,N,860
250705,225,3,12,12,1,Q,35.00,35.00,KC CURRENT,,AVAIL,N,850
250705,225,16,1,24,24,Q,35.00,840.00,DRESS,,AVAIL,N,860
250705,225,15,1,24,24,Q,35.00,840.00,DRESS,,AVAIL,N,860
250705,225,7,4,12,9,Q,35.00,315.00,DRESS,,AVAIL,N,850
250705,225,12,1,24,24,Q,35.00,840.00,DRESS,,AVAIL,N,860
250705,225,14,1,24,24,Q,35.00,840.00,DRESS,,AVAIL,N,860
250705,226,20,1,24,24,Q,35.00,840.00,FUTURE,,AVAIL,N,880
250705,226,19,1,24,24,Q,35.00,840.00,FUTURE,,AVAIL,N,880
250705,226,18,1,24,24,Q,35.00,840.00,FUTURE,,AVAIL,N,880
250705,226,9,14,24,11,Q,35.00,385.00,DOQ-VETTX1HOLD,VETTX1HOLD,AVAIL,N,870
250705,226,17,1,24,24,Q,35.00,840.00,FUTURE,,AVAIL,N,880
250705,226,16,1,20,20,Q,35.00,700.00,DRESS,,AVAIL,N,880
250705,226,8,13,24,12,Q,35.00,420.00,DRESS,,AVAIL,N,870
250705,226,7,13,24,12,Q,35.00,420.00,DRESS,,AVAIL,N,870
250705,226,12,1,24,24,Q,35.00,840.00,DRESS,,AVAIL,N,880
250705,226,15,1,24,24,Q,35.00,840.00,DRESS,,AVAIL,N,880
250705,227,7,7,10,4,H,52.00,208.00,SEAN HOLD,,AVAIL,N,270
250705,227,5,15,20,6,H,52.00,312.00,SEAN HOLD,,AVAIL,N,270
250705,227,A1,1,10,10,G,75.00,750.00,WHEELCHAIR,,AVAIL,N,260
250705,227,11,1,24,24,H,52.00,1248.00,DRESS,,AVAIL,N,280
250705,227,9,1,24,24,H,52.00,1248.00,DRESS,,AVAIL,N,270
250705,227,16,1,24,24,H,52.00,1248.00,DRESS,,AVAIL,N,280
250705,227,7,11,24,14,H,52.00,728.00,DRESS,,AVAIL,N,270
250705,227,15,1,24,24,H,52.00,1248.00,DRESS,,AVAIL,N,280
250705,227,13,1,24,24,H,52.00,1248.00,DRESS,,AVAIL,N,280
250705,227,4,13,13,1,H,52.00,52.00,DIST-OPEN,,AVAIL,N,270
250705,227,4,17,17,1,H,52.00,52.00,DIST-OPEN,,AVAIL,N,270
250705,228,20,1,24,24,Q,35.00,840.00,FUTURE,,AVAIL,N,900
250705,228,19,1,24,24,Q,35.00,840.00,FUTURE,,AVAIL,N,900
250705,228,18,1,24,24,Q,35.00,840.00,FUTURE,,AVAIL,N,900
250705,228,17,1,24,24,Q,35.00,840.00,FUTURE,,AVAIL,N,900
250705,228,15,1,24,24,Q,35.00,840.00,DRESS,,AVAIL,N,900
250705,228,13,1,24,24,Q,35.00,840.00,DRESS,,AVAIL,N,900
250705,228,16,1,24,24,Q,35.00,840.00,DRESS,,AVAIL,N,900
250705,228,7,16,24,9,Q,35.00,315.00,DRESS,,AVAIL,N,890
250705,228,9,1,24,24,Q,35.00,840.00,DRESS,,AVAIL,N,890
250705,228,12,1,24,24,Q,35.00,840.00,DRESS,,AVAIL,N,900
250705,228,14,1,24,24,Q,35.00,840.00,DRESS,,AVAIL,N,900
250705,229,6,5,8,4,Q,35.00,140.00,DRESS,,AVAIL,N,910
250705,229,6,13,16,4,Q,35.00,140.00,DIST-OPEN,,AVAIL,N,910
250705,229,5,9,14,6,Q,35.00,210.00,DRESS,,AVAIL,N,910
250705,229,5,15,16,2,Q,35.00,70.00,DIST-OPEN,,AVAIL,N,910
250705,229,4,18,21,4,Q,35.00,140.00,DRESS,,AVAIL,N,910
250705,229,4,22,22,1,Q,35.00,35.00,DIST-OPEN,,AVAIL,N,910
250705,229,4,3,8,6,Q,35.00,210.00,DRESS,,AVAIL,N,910
250705,229,3,11,16,6,Q,35.00,210.00,DRESS,,AVAIL,N,910
250705,229,2,17,20,4,Q,35.00,140.00,DRESS,,AVAIL,N,910
250705,229,2,3,8,6,Q,35.00,210.00,DRESS,,AVAIL,N,910
250705,229,6,3,4,2,Q,35.00,70.00,DIST-OPEN,,AVAIL,N,910
250705,229,20,1,24,24,Q,35.00,840.00,FUTURE,,AVAIL,N,920
250705,229,19,1,24,24,Q,35.00,840.00,FUTURE,,AVAIL,N,920
250705,229,18,1,24,24,Q,35.00,840.00,FUTURE,,AVAIL,N,920
250705,229,17,1,24,24,Q,35.00,840.00,FUTURE,,AVAIL,N,920
250705,229,14,1,24,24,Q,35.00,840.00,DRESS,,AVAIL,N,920
250705,229,12,1,24,24,Q,35.00,840.00,DRESS,,AVAIL,N,920
250705,229,16,1,24,24,Q,35.00,840.00,DRESS,,AVAIL,N,920
250705,230,20,1,18,18,R,29.00,522.00,FUTURE,,AVAIL,N,970
250705,230,19,1,18,18,R,29.00,522.00,FUTURE,,AVAIL,N,970
250705,230,18,1,18,18,R,29.00,522.00,FUTURE,,AVAIL,N,970
250705,230,17,1,18,18,R,29.00,522.00,FUTURE,,AVAIL,N,970
250705,230,5,11,15,5,R,29.00,145.00,DIST-OPEN,,AVAIL,N,960
250705,230,3,14,15,2,R,29.00,58.00,DIST-OPEN,,AVAIL,N,960
250705,230,13,1,18,18,R,29.00,522.00,DRESS,,AVAIL,N,970
250705,230,15,1,18,18,R,29.00,522.00,DRESS,,AVAIL,N,970
250705,230,9,1,18,18,R,29.00,522.00,DRESS,,AVAIL,N,960
250705,230,11,1,18,18,R,29.00,522.00,DRESS,,AVAIL,N,970
250705,230,7,1,18,18,R,29.00,522.00,DRESS,,AVAIL,N,960
250705,230,4,11,15,5,R,29.00,145.00,DIST-OPEN,,AVAIL,N,960
250705,230,16,1,18,18,R,29.00,522.00,DRESS,,AVAIL,N,970
250705,231,20,1,16,16,R,29.00,464.00,FUTURE,,AVAIL,N,990
250705,231,19,1,16,16,R,29.00,464.00,FUTURE,,AVAIL,N,990
250705,231,18,1,16,16,R,29.00,464.00,FUTURE,,AVAIL,N,990
250705,231,17,1,16,16,R,29.00,464.00,FUTURE,,AVAIL,N,990
250705,231,1,3,4,2,R,29.00,58.00,DIST-OPEN,,AVAIL,N,980
250705,231,2,9,13,5,R,29.00,145.00,DIST-OPEN,,AVAIL,N,980
250705,231,4,9,13,5,R,29.00,145.00,DIST-OPEN,,AVAIL,N,980
250705,231,6,7,13,7,R,29.00,203.00,DIST-OPEN,,AVAIL,N,980
250705,231,9,1,16,16,R,29.00,464.00,DRESS,,AVAIL,N,980
250705,231,11,1,16,16,R,29.00,464.00,DRESS,,AVAIL,N,990
250705,231,6,3,6,4,R,29.00,116.00,DRESS,,AVAIL,N,980
250705,231,2,3,8,6,R,29.00,174.00,DRESS,,AVAIL,N,980
250705,231,4,3,8,6,R,29.00,174.00,DRESS,,AVAIL,N,980
250705,231,15,1,16,16,R,29.00,464.00,DRESS,,AVAIL,N,990
250705,231,16,1,16,16,R,29.00,464.00,DRESS,,AVAIL,N,990
250705,232,20,1,8,8,R,29.00,232.00,FUTURE,,AVAIL,N,1000
250705,232,19,1,8,8,R,29.00,232.00,FUTURE,,AVAIL,N,1000
250705,232,18,1,8,8,R,29.00,232.00,FUTURE,,AVAIL,N,1000
250705,232,17,1,8,8,R,29.00,232.00,FUTURE,,AVAIL,N,1000
250705,232,5,7,8,2,R,29.00,58.00,DIST-OPEN,,AVAIL,N,1000
250705,232,3,6,8,3,R,29.00,87.00,DIST-OPEN,,AVAIL,N,1000
250705,232,1,6,8,3,R,29.00,87.00,DIST-OPEN,,AVAIL,N,1000
250705,232,8,1,8,8,R,29.00,232.00,DRESS,,AVAIL,N,1000
250705,232,15,1,8,8,R,29.00,232.00,DRESS,,AVAIL,N,1000
250705,232,12,1,8,8,R,29.00,232.00,DRESS,,AVAIL,N,1000
250705,232,5,4,6,3,R,29.00,87.00,DRESS,,AVAIL,N,1000
250705,232,2,6,8,3,R,29.00,87.00,DRESS,,AVAIL,N,1000
250705,232,6,4,8,5,R,29.00,145.00,DIST-OPEN,,AVAIL,N,1000
250705,232,2,4,5,2,R,29.00,58.00,DIST-OPEN,,AVAIL,N,1000
250705,232,16,1,8,8,R,29.00,232.00,DRESS,,AVAIL,N,1000
250705,232,4,4,8,5,R,29.00,145.00,DIST-OPEN,,AVAIL,N,1000
250705,SPERCA,A1,1,2,2,U,0,0,WHEELCHAIR,,AVAIL,N,1060
250705,STSMDA,A1,1,12,12,T,0,0,WHEELCHAIR,,AVAIL,N,1010
250705,STSND,GA4,1,50,50,S,29.00,1450.00,FUTURE,,AVAIL,N,1260
250705,STSND,GA3,1,50,50,S,29.00,1450.00,FUTURE,,AVAIL,N,1260
250705,STSND,GA2,1,50,50,S,29.00,1450.00,FUTURE,,AVAIL,N,1260
250705,STSND,GA1,1,50,50,S,29.00,1450.00,FUTURE,,AVAIL,N,1260
250705,STSND,GA0,1,50,50,S,29.00,1450.00,FUTURE,,AVAIL,N,1260
250705,STSND1,GA4,1,50,50,S,29.00,1450.00,FUTURE,,AVAIL,N,1270
250705,STSND1,GA3,1,50,50,S,29.00,1450.00,FUTURE,,AVAIL,N,1270
250705,STSND1,GA2,1,50,50,S,29.00,1450.00,FUTURE,,AVAIL,N,1270
250705,STSND1,GA1,1,50,50,S,29.00,1450.00,FUTURE,,AVAIL,N,1270
250705,STSND1,GA0,1,50,50,S,29.00,1450.00,FUTURE,,AVAIL,N,1270
250705,STSND2,GA4,1,50,50,S,29.00,1450.00,FUTURE,,AVAIL,N,1280
250705,STSND2,GA3,1,50,50,S,29.00,1450.00,FUTURE,,AVAIL,N,1280
250705,STSND2,GA2,1,50,50,S,29.00,1450.00,FUTURE,,AVAIL,N,1280
250705,STSND2,GA1,1,50,50,S,29.00,1450.00,FUTURE,,AVAIL,N,1280
250705,STSND2,GA0,1,50,50,S,29.00,1450.00,FUTURE,,AVAIL,N,1280
250705,STSND3,GA4,1,50,50,S,29.00,1450.00,FUTURE,,AVAIL,N,1290
250705,STSND3,GA3,1,50,50,S,29.00,1450.00,FUTURE,,AVAIL,N,1290
250705,STSND3,GA2,1,50,50,S,29.00,1450.00,FUTURE,,AVAIL,N,1290
250705,STSND3,GA1,1,50,50,S,29.00,1450.00,FUTURE,,AVAIL,N,1290
250705,STSND3,GA0,1,50,50,S,29.00,1450.00,FUTURE,,AVAIL,N,1290
250705,STSND4,GA4,1,50,50,S,29.00,1450.00,FUTURE,,AVAIL,N,1300
250705,STSND4,GA3,1,50,50,S,29.00,1450.00,FUTURE,,AVAIL,N,1300
250705,STSND4,GA2,1,50,50,S,29.00,1450.00,FUTURE,,AVAIL,N,1300
250705,STSND4,GA1,1,50,50,S,29.00,1450.00,FUTURE,,AVAIL,N,1300
250705,STSND4,GA0,1,50,50,S,29.00,1450.00,FUTURE,,AVAIL,N,1300
250705,STSND5,GA2,1,14,14,S,29.00,406.00,FUTURE,,AVAIL,N,1310
250705,STSND5,GA1,1,50,50,S,29.00,1450.00,FUTURE,,AVAIL,N,1310
250705,STSND5,GA0,1,50,50,S,29.00,1450.00,FUTURE,,AVAIL,N,1310
250705C,GA0,GA0,2,4,3,A,299.00,897.00,DIST-OPEN,,AVAIL,N,10
250705F,GA0,GA0,1,25,25,A,60.00,1500.00,KILL,,AVAIL,Y,10
250705G,GA0,GA0,1,50,50,A,0,0,KILL,,AVAIL,Y,10
250705M,GA0,GA0,21,22,2,A,60.00,120.00,DIST-OPEN,,AVAIL,N,10
250705M,GA0,GA0,25,25,1,A,60.00,60.00,DIST-OPEN,,AVAIL,N,10
250705PB,GA0,GA4,1,50,50,A,50.00,2500.00,KILL,,AVAIL,Y,10
250705PB,GA0,GA0,33,39,7,A,50.00,350.00,SEAN HOLD,,AVAIL,N,10
250705PB,GA0,GA9,1,50,50,A,50.00,2500.00,KILL,,AVAIL,Y,10
250705PB,GA0,GA8,1,50,50,A,50.00,2500.00,KILL,,AVAIL,Y,10
250705PB,GA0,GA7,1,50,50,A,50.00,2500.00,KILL,,AVAIL,Y,10
250705PB,GA0,GA6,1,50,50,A,50.00,2500.00,KILL,,AVAIL,Y,10
250705PB,GA0,GA5,1,50,50,A,50.00,2500.00,KILL,,AVAIL,Y,10
250705PB,GA0,GA3,1,50,50,A,50.00,2500.00,KILL,,AVAIL,Y,10
250705PB,GA0,GA2,1,50,50,A,50.00,2500.00,KILL,,AVAIL,Y,10
250705PB,GA0,GA1,1,50,50,A,50.00,2500.00,KILL,,AVAIL,Y,10
250705PB,GA0,GA0,40,50,11,A,50.00,550.00,KILL,,AVAIL,Y,10
250705PB,GA0,GA0,4,32,29,A,50.00,1450.00,OPEN,,AVAIL,N,10
250705PG,GA0,GA2,43,50,8,A,50.00,400.00,KILL,,AVAIL,Y,10
250705PG,GA0,GA9,1,50,50,A,50.00,2500.00,KILL,,AVAIL,Y,10
250705PG,GA0,GA8,1,50,50,A,50.00,2500.00,KILL,,AVAIL,Y,10
250705PG,GA0,GA7,1,50,50,A,50.00,2500.00,KILL,,AVAIL,Y,10
250705PG,GA0,GA6,1,50,50,A,50.00,2500.00,KILL,,AVAIL,Y,10
250705PG,GA0,GA5,1,50,50,A,50.00,2500.00,KILL,,AVAIL,Y,10
250705PG,GA0,GA4,1,50,50,A,50.00,2500.00,KILL,,AVAIL,Y,10
250705PG,GA0,GA3,1,50,50,A,50.00,2500.00,KILL,,AVAIL,Y,10
250705PG,GA0,GA2,1,42,42,A,50.00,2100.00,OPEN,,AVAIL,N,10
250705PG,GA0,GA1,28,50,23,A,50.00,1150.00,OPEN,,AVAIL,N,10
250705PK,GA0,GA4,31,50,20,A,50.00,1000.00,DIST-OPEN,,AVAIL,N,10
250705PK,GA0,GA9,1,50,50,A,50.00,2500.00,DIST-OPEN,,AVAIL,N,10
250705PK,GA0,GA7,1,50,50,A,50.00,2500.00,DIST-OPEN,,AVAIL,N,10
250705PK,GA0,GA5,1,50,50,A,50.00,2500.00,DIST-OPEN,,AVAIL,N,10
250705PK,GA0,GA8,1,50,50,A,50.00,2500.00,DIST-OPEN,,AVAIL,N,10
250705PK,GA0,GA6,1,50,50,A,50.00,2500.00,DIST-OPEN,,AVAIL,N,10
250705PK,GA1,GA4,1,50,50,A,50.00,2500.00,DIST-OPEN,,AVAIL,N,20
250705PK,GA1,GA3,1,50,50,A,50.00,2500.00,DIST-OPEN,,AVAIL,N,20
250705PK,GA1,GA2,1,50,50,A,50.00,2500.00,DIST-OPEN,,AVAIL,N,20
250705PK,GA1,GA1,1,50,50,A,50.00,2500.00,DIST-OPEN,,AVAIL,N,20
250705PK,GA1,GA5,1,50,50,A,50.00,2500.00,KILL,,AVAIL,Y,20
250705PK,GA1,GA6,1,50,50,A,50.00,2500.00,KILL,,AVAIL,Y,20
250705PK,GA1,GA9,1,50,50,A,50.00,2500.00,KILL,,AVAIL,Y,20
250705PK,GA1,GA7,1,50,50,A,50.00,2500.00,KILL,,AVAIL,Y,20
250705PK,GA1,GA8,1,50,50,A,50.00,2500.00,KILL,,AVAIL,Y,20
250705PK,GA1,GA0,10,50,41,A,50.00,2050.00,DIST-OPEN,,AVAIL,N,20
250705PK,GA2,GA2,1,50,50,A,50.00,2500.00,KILL,,AVAIL,Y,30
250705PK,GA2,GA4,1,50,50,A,50.00,2500.00,KILL,,AVAIL,Y,30
250705PK,GA2,GA9,1,50,50,A,50.00,2500.00,KILL,,AVAIL,Y,30
250705PK,GA2,GA7,1,50,50,A,50.00,2500.00,KILL,,AVAIL,Y,30
250705PK,GA2,GA3,1,50,50,A,50.00,2500.00,KILL,,AVAIL,Y,30
250705PK,GA2,GA6,1,50,50,A,50.00,2500.00,KILL,,AVAIL,Y,30
250705PK,GA2,GA5,1,50,50,A,50.00,2500.00,KILL,,AVAIL,Y,30
250705PK,GA2,GA8,1,50,50,A,50.00,2500.00,KILL,,AVAIL,Y,30
250705PK,GA2,GA0,1,50,50,A,50.00,2500.00,KILL,,AVAIL,Y,30
250705PK,GA2,GA1,1,50,50,A,50.00,2500.00,KILL,,AVAIL,Y,30
250705PT,GA0,GA9,1,50,50,A,50.00,2500.00,OPEN,,AVAIL,N,10
250705PT,GA0,GA8,1,50,50,A,50.00,2500.00,OPEN,,AVAIL,N,10
250705PT,GA0,GA7,1,50,50,A,50.00,2500.00,OPEN,,AVAIL,N,10
250705PT,GA0,GA6,1,50,50,A,50.00,2500.00,OPEN,,AVAIL,N,10
250705PT,GA0,GA4,1,50,50,A,50.00,2500.00,OPEN,,AVAIL,N,10
250705PT,GA0,GA3,1,50,50,A,50.00,2500.00,OPEN,,AVAIL,N,10
250705PT,GA0,GA2,1,50,50,A,50.00,2500.00,OPEN,,AVAIL,N,10
250705PT,GA0,GA1,1,50,50,A,50.00,2500.00,OPEN,,AVAIL,N,10
250705PT,GA0,GA0,1,50,50,A,50.00,2500.00,OPEN,,AVAIL,N,10
250705PT,GA0,GA5,1,50,50,A,50.00,2500.00,OPEN,,AVAIL,N,10
250705PT,GA1,GA1,26,50,25,A,50.00,1250.00,KILL,,AVAIL,Y,20
250705PT,GA1,GA9,1,50,50,A,50.00,2500.00,KILL,,AVAIL,Y,20
250705PT,GA1,GA8,1,50,50,A,50.00,2500.00,KILL,,AVAIL,Y,20
250705PT,GA1,GA7,1,50,50,A,50.00,2500.00,KILL,,AVAIL,Y,20
250705PT,GA1,GA6,1,50,50,A,50.00,2500.00,KILL,,AVAIL,Y,20
250705PT,GA1,GA5,1,50,50,A,50.00,2500.00,KILL,,AVAIL,Y,20
250705PT,GA1,GA4,1,50,50,A,50.00,2500.00,KILL,,AVAIL,Y,20
250705PT,GA1,GA3,1,50,50,A,50.00,2500.00,KILL,,AVAIL,Y,20
250705PT,GA1,GA2,1,50,50,A,50.00,2500.00,KILL,,AVAIL,Y,20
250705PT,GA1,GA1,1,25,25,A,50.00,1250.00,OPEN,,AVAIL,N,20
250705PT,GA1,GA0,1,50,50,A,50.00,2500.00,OPEN,,AVAIL,N,20
250705SA,OWNER,S1,1,6,6,X,0,0,OPEN,,AVAIL,N,1130
250705SA,OWNER,4,1,8,8,X,0,0,OPEN,,AVAIL,N,1120
250705SA,OWNER,3,1,10,10,X,0,0,OPEN,,AVAIL,N,1120
250705SA,OWNER,2,1,10,10,X,0,0,OPEN,,AVAIL,N,1120
250705SA,OWNER,1,1,10,10,X,0,0,OPEN,,AVAIL,N,1120
250705SA,PRES,1,1,25,25,X,0,0,OPEN,,AVAIL,N,100
250705SA,STE1,4,1,5,5,X,0,0,OPEN,,AVAIL,N,1140
250705SA,STE1,3,1,4,4,X,0,0,OPEN,,AVAIL,N,1140
250705SA,STE1,2,1,5,5,X,0,0,OPEN,,AVAIL,N,1140
250705SA,STE1,1,1,5,5,X,0,0,OPEN,,AVAIL,N,1140
250705SA,STE2,4,1,5,5,X,0,0,OPEN,,AVAIL,N,1150
250705SA,STE2,3,1,4,4,X,0,0,OPEN,,AVAIL,N,1150
250705SA,STE2,2,1,5,5,X,0,0,OPEN,,AVAIL,N,1150
250705SA,STE2,1,1,5,5,X,0,0,OPEN,,AVAIL,N,1150
250705SA,STE3,4,1,5,5,X,0,0,OPEN,,AVAIL,N,1160
250705SA,STE3,3,1,4,4,X,0,0,OPEN,,AVAIL,N,1160
250705SA,STE3,2,1,5,5,X,0,0,OPEN,,AVAIL,N,1160
250705SA,STE3,1,1,5,5,X,0,0,OPEN,,AVAIL,N,1160
250705SA,STE4,4,1,5,5,X,0,0,OPEN,,AVAIL,N,1170
250705SA,STE4,3,1,4,4,X,0,0,OPEN,,AVAIL,N,1170
250705SA,STE4,2,1,5,5,X,0,0,OPEN,,AVAIL,N,1170
250705SA,STE4,1,1,5,5,X,0,0,OPEN,,AVAIL,N,1170
250705SA,STE5,4,1,5,5,X,0,0,OPEN,,AVAIL,N,1180
250705SA,STE5,3,1,4,4,X,0,0,OPEN,,AVAIL,N,1180
250705SA,STE5,2,1,5,5,X,0,0,OPEN,,AVAIL,N,1180
250705SA,STE5,1,5,5,1,X,0,0,OPEN,,AVAIL,N,1180
250705SA,STE6,5,1,4,4,X,0,0,OPEN,,AVAIL,N,1190
250705SA,STE6,4,1,5,5,X,0,0,OPEN,,AVAIL,N,1190
250705SA,STE6,3,1,5,5,X,0,0,OPEN,,AVAIL,N,1190
250705SA,STE6,2,1,5,5,X,0,0,OPEN,,AVAIL,N,1190
250705SA,STE6,1,1,5,5,X,0,0,OPEN,,AVAIL,N,1190
250705SA,STE7,5,1,4,4,X,0,0,OPEN,,AVAIL,N,1200
250705SA,STE7,4,1,5,5,X,0,0,OPEN,,AVAIL,N,1200
250705SA,STE7,3,1,5,5,X,0,0,OPEN,,AVAIL,N,1200
250705SA,STE7,2,1,5,5,X,0,0,OPEN,,AVAIL,N,1200
250705SA,STE7,1,1,5,5,X,0,0,OPEN,,AVAIL,N,1200
250705SA,STE8,4,1,5,5,X,0,0,OPEN,,AVAIL,N,1210
250705SA,STE8,3,1,4,4,X,0,0,OPEN,,AVAIL,N,1210
250705SA,STE8,2,1,5,5,X,0,0,OPEN,,AVAIL,N,1210
250705SA,STE8,1,1,5,5,X,0,0,OPEN,,AVAIL,N,1210
250705SA,STE9,4,1,5,5,X,0,0,OPEN,,AVAIL,N,1220
250705SA,STE9,3,1,4,4,X,0,0,OPEN,,AVAIL,N,1220
250705SA,STE9,2,1,5,5,X,0,0,OPEN,,AVAIL,N,1220
250705SA,STE9,1,1,5,5,X,0,0,OPEN,,AVAIL,N,1220
250705SA,STE10,4,1,5,5,X,0,0,OPEN,,AVAIL,N,1230
250705SA,STE10,3,1,4,4,X,0,0,OPEN,,AVAIL,N,1230
250705SA,STE10,2,1,5,5,X,0,0,OPEN,,AVAIL,N,1230
250705SA,STE10,1,1,5,5,X,0,0,OPEN,,AVAIL,N,1230
250705SA,STE11,4,1,5,5,X,0,0,OPEN,,AVAIL,N,1240
250705SA,STE11,3,1,4,4,X,0,0,OPEN,,AVAIL,N,1240
250705SA,STE11,2,1,5,5,X,0,0,OPEN,,AVAIL,N,1240
250705SA,STE11,1,1,5,5,X,0,0,OPEN,,AVAIL,N,1240
250705SA,STE12,4,1,5,5,X,0,0,OPEN,,AVAIL,N,1250
250705SA,STE12,3,1,4,4,X,0,0,OPEN,,AVAIL,N,1250
250705SA,STE12,2,1,5,5,X,0,0,OPEN,,AVAIL,N,1250
250705SA,STE12,1,4,5,2,X,0,0,OPEN,,AVAIL,N,1250
250711S,LOGE1,1,1,4,4,B,0,0,SUITES,,AVAIL,N,100
250711S,LOGE2,1,1,4,4,B,0,0,SUITES,,AVAIL,N,100
250711S,LOGE3,1,1,4,4,B,0,0,SUITES,,AVAIL,N,100
250711S,LOGE4,1,1,4,4,B,0,0,SUITES,,AVAIL,N,100
250711S,LOGE5,1,1,4,4,B,0,0,SUITES,,AVAIL,N,100
250711S,LOGE6,1,1,4,4,B,0,0,SUITES,,AVAIL,N,100
250711S,LOGE7,1,1,4,4,B,0,0,SUITES,,AVAIL,N,100
250711S,LOGE8,1,1,4,4,B,0,0,SUITES,,AVAIL,N,100
250711S,LOGE9,1,1,4,4,B,0,0,SUITES,,AVAIL,N,100
250711S,LOGE10,1,1,4,4,B,0,0,SUITES,,AVAIL,N,100
250711S,LOGE11,1,1,4,4,B,0,0,SUITES,,AVAIL,N,100
250711S,LOGE12,1,1,4,4,B,0,0,SUITES,,AVAIL,N,100
250711S,STE2,GA0,1,25,25,A,0,0,SUITES,,AVAIL,N,100
250711S,STE5,GA0,1,25,25,A,0,0,SUITES,,AVAIL,N,100
250711S,STE7,GA0,1,25,25,A,0,0,SUITES,,AVAIL,N,100
250711S,STE8,GA0,1,25,25,A,0,0,SUITES,,AVAIL,N,100
250712S,LOGE1,1,1,4,4,B,0,0,SUITES,,AVAIL,N,100
250712S,LOGE2,1,1,4,4,B,0,0,SUITES,,AVAIL,N,100
250712S,LOGE3,1,1,4,4,B,0,0,SUITES,,AVAIL,N,100
250712S,LOGE4,1,1,4,4,B,0,0,SUITES,,AVAIL,N,100
250712S,LOGE5,1,1,4,4,B,0,0,SUITES,,AVAIL,N,100
250712S,LOGE6,1,1,4,4,B,0,0,SUITES,,AVAIL,N,100
250712S,LOGE7,1,1,4,4,B,0,0,SUITES,,AVAIL,N,100
250712S,LOGE8,1,1,4,4,B,0,0,SUITES,,AVAIL,N,100
250712S,LOGE9,1,1,4,4,B,0,0,SUITES,,AVAIL,N,100
250712S,LOGE10,1,1,4,4,B,0,0,SUITES,,AVAIL,N,100
250712S,LOGE11,1,1,4,4,B,0,0,SUITES,,AVAIL,N,100
250712S,LOGE12,1,1,4,4,B,0,0,SUITES,,AVAIL,N,100
250712S,STE1,GA0,16,25,10,A,0,0,SUITES,,AVAIL,N,100
250718,STAD1,GA0,1,20,20,B,350.00,7000.00,SUITES,,AVAIL,N,100
250718,STAD2,GA0,1,20,20,B,350.00,7000.00,SUITES,,AVAIL,N,100
250718,TERR1,GA0,1,20,20,C,325.00,6500.00,SUITES,,AVAIL,N,100
250719A,FLDST1,GA0,1,20,20,A,200.00,4000.00,SUITES,,AVAIL,N,100
250719A,FLDST2,GA0,1,20,20,A,200.00,4000.00,SUITES,,AVAIL,N,100
250719A,STAD1,GA0,1,20,20,B,175.00,3500.00,SUITES,,AVAIL,N,100
250719A,STAD2,GA0,1,20,20,B,175.00,3500.00,SUITES,,AVAIL,N,100
250719A,TERR1,GA0,1,20,20,C,150.00,3000.00,SUITES,,AVAIL,N,100
250719B,FLDST1,GA0,1,20,20,A,200.00,4000.00,SUITES,,AVAIL,N,100
250719B,FLDST2,GA0,1,20,20,A,200.00,4000.00,SUITES,,AVAIL,N,100
250719B,STAD1,GA0,1,20,20,B,175.00,3500.00,SUITES,,AVAIL,N,100
250719B,STAD2,GA0,1,20,20,B,175.00,3500.00,SUITES,,AVAIL,N,100
250719B,TERR2,GA0,1,20,20,C,150.00,3000.00,SUITES,,AVAIL,N,100
250725,1,A,1,1,1,F,52.00,52.00,DIST-OPEN,,AVAIL,N,370
250725,1,B,1,13,13,F,52.00,676.00,DIST-OPEN,,AVAIL,N,370
250725,1,J,1,13,13,F,52.00,676.00,DIST-OPEN,,AVAIL,N,370
250725,1,D,13,13,1,F,52.00,52.00,DIST-OPEN,,AVAIL,N,370
250725,1,C,1,13,13,F,52.00,676.00,DIST-OPEN,,AVAIL,N,370
250725,1,K,1,13,13,F,52.00,676.00,DIST-OPEN,,AVAIL,N,370
250725,1,F,1,13,13,F,52.00,676.00,DIST-OPEN,,AVAIL,N,370
250725,1,M,3,12,10,F,52.00,520.00,DIST-OPEN,,AVAIL,N,370
250725,1,A,3,9,7,F,52.00,364.00,DIST-OPEN,,AVAIL,N,370
250725,1,E,1,13,13,F,52.00,676.00,DIST-OPEN,,AVAIL,N,370
250725,2,H,11,13,3,F,52.00,156.00,DIST-OPEN,,AVAIL,N,350
250725,2,M,5,11,7,F,52.00,364.00,DIST-OPEN,,AVAIL,N,350
250725,2,K,1,3,3,F,52.00,156.00,DIST-OPEN,,AVAIL,N,350
250725,2,L,9,12,4,F,52.00,208.00,DIST-OPEN,,AVAIL,N,350
250725,3,F,9,10,2,F,52.00,104.00,OPEN,,AVAIL,N,320
250725,3,G,7,7,1,F,52.00,52.00,DIST-OPEN,,AVAIL,N,320
250725,3,M,4,4,1,F,52.00,52.00,DIST-OPEN,,AVAIL,N,320
250725,3,H,5,5,1,F,52.00,52.00,DIST-OPEN,,AVAIL,N,320
250725,3,ADA,1,11,11,F,52.00,572.00,DOQ-WHEELCHAIR,WCACC,AVAIL,N,310
250725,4,G,16,17,2,E,72.00,144.00,OPEN,,AVAIL,N,260
250725,4,L,6,9,4,E,72.00,288.00,OPEN,,AVAIL,N,260
250725,4,F,1,5,5,D,81.00,405.00,OPEN,,AVAIL,N,130
250725,4,E,1,6,6,D,81.00,486.00,OPEN,,AVAIL,N,130
250725,4,M,10,10,1,E,72.00,72.00,DIST-OPEN,,AVAIL,N,260
250725,4,K,10,13,4,E,72.00,288.00,DIST-OPEN,,AVAIL,N,260
250725,4,D,13,15,3,D,81.00,243.00,DIST-OPEN,,AVAIL,N,130
250725,4,C,13,15,3,D,81.00,243.00,DIST-OPEN,,AVAIL,N,130
250725,4,F,6,9,4,D,81.00,324.00,DIST-OPEN,,AVAIL,N,130
250725,4,A,5,17,13,D,81.00,1053.00,DIST-OPEN,,AVAIL,N,130
250725,4,M,6,9,4,E,72.00,288.00,OPEN,,AVAIL,N,260
250725,4,L,13,15,3,E,72.00,216.00,DIST-OPEN,,AVAIL,N,260
250725,4,G,5,10,6,E,72.00,432.00,DIST-OPEN,,AVAIL,N,260
250725,5,K,15,17,3,E,72.00,216.00,OPEN,,AVAIL,N,250
250725,5,H,22,25,4,E,72.00,288.00,OPEN,,AVAIL,N,250
250725,5,J,15,19,5,E,72.00,360.00,OPEN,,AVAIL,N,250
250725,5,H,10,10,1,E,72.00,72.00,DIST-OPEN,,AVAIL,N,250
250725,5,ADA,1,12,12,D,81.00,972.00,DOQ-WHEELCHAIR,WCACC,AVAIL,N,120
250725,5,E,9,9,1,D,81.00,81.00,DIST-OPEN,,AVAIL,N,110
250725,5,K,5,6,2,E,72.00,144.00,DIST-OPEN,,AVAIL,N,250
250725,5,E,5,8,4,D,81.00,324.00,OPEN,,AVAIL,N,110
250725,6,K,4,8,5,E,72.00,360.00,OPEN,,AVAIL,N,270
250725,6,J,4,8,5,E,72.00,360.00,OPEN,,AVAIL,N,270
250725,6,C,11,17,7,D,81.00,567.00,DIST-OPEN,,AVAIL,N,140
250725,6,B,11,15,5,D,81.00,405.00,DIST-OPEN,,AVAIL,N,140
250725,6,F,3,10,8,D,81.00,648.00,DIST-OPEN,,AVAIL,N,140
250725,6,E,7,13,7,D,81.00,567.00,DIST-OPEN,,AVAIL,N,140
250725,6,D,11,14,4,D,81.00,324.00,DIST-OPEN,,AVAIL,N,140
250725,6,H,17,17,1,E,72.00,72.00,OPEN,,AVAIL,N,270
250725,7,ADA,5,6,2,F,52.00,104.00,WAELDER,,AVAIL,N,330
250725,7,M,5,12,8,F,52.00,416.00,WAELDER,,AVAIL,N,340
250725,7,L,3,7,5,F,52.00,260.00,WAELDER,,AVAIL,N,340
250725,7,L,8,17,10,L,38.00,380.00,SUPPORTERS,,AVAIL,N,340
250725,7,F,12,13,2,L,38.00,76.00,SUPPORTERS,,AVAIL,N,340
250725,7,D,13,17,5,L,38.00,190.00,SUPPORTERS,,AVAIL,N,340
250725,7,B,10,13,4,L,38.00,152.00,SUPPORTERS,,AVAIL,N,340
250725,7,K,10,11,2,L,38.00,76.00,SUPPORTERS,,AVAIL,N,340
250725,7,K,5,5,1,L,38.00,38.00,SUPPORTERS,,AVAIL,N,340
250725,7,J,10,11,2,L,38.00,76.00,SUPPORTERS,,AVAIL,N,340
250725,7,J,1,3,3,L,38.00,114.00,SUPPORTERS,,AVAIL,N,340
250725,7,H,11,13,3,L,38.00,114.00,SUPPORTERS,,AVAIL,N,340
250725,7,H,3,3,1,L,38.00,38.00,SUPPORTERS,,AVAIL,N,340
250725,7,G,14,17,4,L,38.00,152.00,SUPPORTERS,,AVAIL,N,340
250725,7,G,1,9,9,L,38.00,342.00,SUPPORTERS,,AVAIL,N,340
250725,7,ADA,10,11,2,F,52.00,104.00,DOQ-WHEELCHAIR,WCACC,AVAIL,N,330
250725,8,C,3,3,1,F,52.00,52.00,DIST-OPEN,,AVAIL,N,360
250725,8,F,7,7,1,F,52.00,52.00,DIST-OPEN,,AVAIL,N,360
250725,8,E,7,7,1,F,52.00,52.00,DIST-OPEN,,AVAIL,N,360
250725,8,D,9,9,1,F,52.00,52.00,DIST-OPEN,,AVAIL,N,360
250725,8,L,5,5,1,F,52.00,52.00,DIST-OPEN,,AVAIL,N,360
250725,8,L,17,17,1,F,52.00,52.00,DIST-OPEN,,AVAIL,N,360
250725,8,J,5,5,1,F,52.00,52.00,DIST-OPEN,,AVAIL,N,360
250725,8,J,12,13,2,F,52.00,104.00,DIST-OPEN,,AVAIL,N,360
250725,9,C,1,4,4,F,52.00,208.00,DIST-OPEN,,AVAIL,N,380
250725,9,B,3,13,11,F,52.00,572.00,DIST-OPEN,,AVAIL,N,380
250725,9,D,1,5,5,F,52.00,260.00,DIST-OPEN,,AVAIL,N,380
250725,9,M,9,13,5,F,52.00,260.00,DIST-OPEN,,AVAIL,N,380
250725,9,K,1,13,13,F,52.00,676.00,WAELDER,,AVAIL,N,380
250725,9,G,1,13,13,F,52.00,676.00,WAELDER,,AVAIL,N,380
250725,9,J,1,13,13,F,52.00,676.00,WAELDER,,AVAIL,N,380
250725,9,H,1,13,13,F,52.00,676.00,WAELDER,,AVAIL,N,380
250725,9,L,1,13,13,F,52.00,676.00,WAELDER,,AVAIL,N,380
250725,9,E,1,13,13,F,52.00,676.00,WAELDER,,AVAIL,N,380
250725,9,F,1,13,13,F,52.00,676.00,WAELDER,,AVAIL,N,380
250725,9,A,6,13,8,F,52.00,416.00,DIST-OPEN,,AVAIL,N,380
250725,17,D,5,5,1,G,44.00,44.00,DIST-OPEN,,AVAIL,N,510
250725,17,G,1,9,9,G,44.00,396.00,DIST-OPEN,,AVAIL,N,510
250725,17,C,1,13,13,G,44.00,572.00,DIST-OPEN,,AVAIL,N,510
250725,17,B,1,9,9,G,44.00,396.00,DIST-OPEN,,AVAIL,N,510
250725,17,E,1,12,12,G,44.00,528.00,DIST-OPEN,,AVAIL,N,510
250725,17,A,3,11,9,G,44.00,396.00,DIST-OPEN,,AVAIL,N,510
250725,17,F,1,6,6,G,44.00,264.00,DIST-OPEN,,AVAIL,N,510
250725,17,D,7,13,7,G,44.00,308.00,DIST-OPEN,,AVAIL,N,510
250725,17,P,1,13,13,G,44.00,572.00,DIST-OPEN,,AVAIL,N,510
250725,17,N,1,13,13,G,44.00,572.00,DIST-OPEN,,AVAIL,N,510
250725,17,L,1,13,13,G,44.00,572.00,DIST-OPEN,,AVAIL,N,510
250725,17,K,1,13,13,G,44.00,572.00,DIST-OPEN,,AVAIL,N,510
250725,17,J,1,13,13,G,44.00,572.00,DIST-OPEN,,AVAIL,N,510
250725,17,M,1,13,13,G,44.00,572.00,DIST-OPEN,,AVAIL,N,510
250725,18,M,3,3,1,G,44.00,44.00,DIST-OPEN,,AVAIL,N,490
250725,18,D,6,8,3,G,44.00,132.00,DIST-OPEN,,AVAIL,N,490
250725,18,G,1,11,11,G,44.00,484.00,DIST-OPEN,,AVAIL,N,490
250725,18,D,1,2,2,G,44.00,88.00,DIST-OPEN,,AVAIL,N,490
250725,18,E,9,13,5,G,44.00,220.00,DIST-OPEN,,AVAIL,N,490
250725,18,F,6,13,8,G,44.00,352.00,DIST-OPEN,,AVAIL,N,490
250725,18,H,1,13,13,G,44.00,572.00,DIST-OPEN,,AVAIL,N,490
250725,18,L,1,13,13,G,44.00,572.00,DIST-OPEN,,AVAIL,N,490
250725,18,M,9,9,1,G,44.00,44.00,DIST-OPEN,,AVAIL,N,490
250725,18,N,9,11,3,G,44.00,132.00,OPEN,,AVAIL,N,490
250725,19,B,1,6,6,F,52.00,312.00,DIST-OPEN,,AVAIL,N,460
250725,19,C,1,13,13,F,52.00,676.00,DIST-OPEN,,AVAIL,N,460
250725,19,A,6,10,5,F,52.00,260.00,DIST-OPEN,,AVAIL,N,460
250725,19,L,1,13,13,F,52.00,676.00,DIST-OPEN,,AVAIL,N,460
250725,19,D,1,13,13,F,52.00,676.00,DIST-OPEN,,AVAIL,N,460
250725,19,E,1,13,13,F,52.00,676.00,DIST-OPEN,,AVAIL,N,460
250725,19,M,7,13,7,F,52.00,364.00,DIST-OPEN,,AVAIL,N,460
250725,19,P,4,5,2,F,52.00,104.00,DIST-OPEN,,AVAIL,N,460
250725,19,J,1,13,13,F,52.00,676.00,DIST-OPEN,,AVAIL,N,460
250725,19,H,1,6,6,F,52.00,312.00,DIST-OPEN,,AVAIL,N,460
250725,19,K,1,13,13,F,52.00,676.00,DIST-OPEN,,AVAIL,N,460
250725,20,K,1,13,13,F,52.00,676.00,DIST-OPEN,,AVAIL,N,440
250725,20,H,8,11,4,F,52.00,208.00,DIST-OPEN,,AVAIL,N,440
250725,20,C,1,11,11,F,52.00,572.00,DIST-OPEN,,AVAIL,N,440
250725,20,F,3,10,8,F,52.00,416.00,DIST-OPEN,,AVAIL,N,440
250725,20,E,4,9,6,F,52.00,312.00,DIST-OPEN,,AVAIL,N,440
250725,20,D,1,8,8,F,52.00,416.00,DIST-OPEN,,AVAIL,N,440
250725,20,A,5,5,1,F,52.00,52.00,DIST-OPEN,,AVAIL,N,440
250725,20,B,3,6,4,F,52.00,208.00,DIST-OPEN,,AVAIL,N,440
250725,20,P,8,13,6,F,52.00,312.00,DIST-OPEN,,AVAIL,N,440
250725,20,J,1,13,13,F,52.00,676.00,DIST-OPEN,,AVAIL,N,440
250725,20,L,1,13,13,F,52.00,676.00,DIST-OPEN,,AVAIL,N,440
250725,20,N,1,13,13,F,52.00,676.00,DIST-OPEN,,AVAIL,N,440
250725,20,M,1,13,13,F,52.00,676.00,DIST-OPEN,,AVAIL,N,440
250725,20,G,6,13,8,F,52.00,416.00,OPEN,,AVAIL,N,440
250725,21,M,7,9,3,F,52.00,156.00,DIST-OPEN,,AVAIL,N,420
250725,21,E,7,8,2,D,81.00,162.00,SEAN HOLD,,AVAIL,N,220
250725,21,N,4,13,10,F,52.00,520.00,BIZDEV,,AVAIL,N,420
250725,21,J,7,9,3,F,52.00,156.00,DIST-OPEN,,AVAIL,N,420
250725,21,K,7,13,7,F,52.00,364.00,DIST-OPEN,,AVAIL,N,420
250725,21,G,1,11,11,D,81.00,891.00,DIST-OPEN,,AVAIL,N,220
250725,21,L,1,13,13,F,52.00,676.00,DIST-OPEN,,AVAIL,N,420
250725,21,A,6,9,4,D,81.00,324.00,OPEN,,AVAIL,N,210
250725,22,D,10,12,3,D,81.00,243.00,OPEN,,AVAIL,N,190
250725,22,H,5,8,4,F,52.00,208.00,DIST-OPEN,,AVAIL,N,390
250725,22,J,5,7,3,F,52.00,156.00,DIST-OPEN,,AVAIL,N,390
250725,22,K,5,7,3,F,52.00,156.00,DIST-OPEN,,AVAIL,N,390
250725,22,E,5,10,6,D,81.00,486.00,DIST-OPEN,,AVAIL,N,190
250725,23,L,1,4,4,E,72.00,288.00,DIST-OPEN,,AVAIL,N,290
250725,23,J,6,12,7,E,72.00,504.00,DIST-OPEN,,AVAIL,N,290
250725,23,K,5,7,3,E,72.00,216.00,DIST-OPEN,,AVAIL,N,290
250725,24,L,11,14,4,E,72.00,288.00,DIST-OPEN,,AVAIL,N,280
250725,24,E,7,7,1,E,72.00,72.00,DIST-OPEN,,AVAIL,N,280
250725,24,H,7,9,3,E,72.00,216.00,DIST-OPEN,,AVAIL,N,280
250725,24,F,7,7,1,E,72.00,72.00,DIST-OPEN,,AVAIL,N,280
250725,24,J,1,14,14,E,72.00,1008.00,BIZDEV,,AVAIL,N,280
250725,24,L,1,4,4,E,72.00,288.00,DIST-OPEN,,AVAIL,N,280
250725,24,K,1,4,4,E,72.00,288.00,DIST-OPEN,,AVAIL,N,280
250725,24,K,11,14,4,E,72.00,288.00,DIST-OPEN,,AVAIL,N,280
250725,24,G,9,10,2,E,72.00,144.00,DIST-OPEN,,AVAIL,N,280
250725,25,B,9,12,4,D,81.00,324.00,DIST-OPEN,,AVAIL,N,180
250725,25,K,4,12,9,E,72.00,648.00,DIST-OPEN,,AVAIL,N,300
250725,25,J,3,8,6,E,72.00,432.00,DIST-OPEN,,AVAIL,N,300
250725,25,H,5,12,8,E,72.00,576.00,DIST-OPEN,,AVAIL,N,300
250725,25,F,8,8,1,E,72.00,72.00,DIST-OPEN,,AVAIL,N,300
250725,25,L,6,6,1,E,72.00,72.00,DIST-OPEN,,AVAIL,N,300
250725,25,G,6,12,7,E,72.00,504.00,DIST-OPEN,,AVAIL,N,300
250725,25,C,5,12,8,D,81.00,648.00,DIST-OPEN,,AVAIL,N,180
250725,26,B,4,12,9,D,81.00,729.00,DIST-OPEN,,AVAIL,N,200
250725,26,ADA,1,6,6,F,52.00,312.00,DIST-OPEN,,AVAIL,N,410
250725,26,A,5,6,2,C,94.00,188.00,DIST-OPEN,,AVAIL,N,100
250725,26,D,6,12,7,D,81.00,567.00,DIST-OPEN,,AVAIL,N,200
250725,26,C,9,12,4,D,81.00,324.00,DIST-OPEN,,AVAIL,N,200
250725,26,J,5,7,3,F,52.00,156.00,DIST-OPEN,,AVAIL,N,400
250725,26,L,10,10,1,F,52.00,52.00,DIST-OPEN,,AVAIL,N,400
250725,26,F,5,5,1,F,52.00,52.00,DIST-OPEN,,AVAIL,N,400
250725,26,K,6,9,4,F,52.00,208.00,DIST-OPEN,,AVAIL,N,400
250725,26,G,5,8,4,F,52.00,208.00,DIST-OPEN,,AVAIL,N,400
250725,26,E,6,12,7,D,81.00,567.00,DIST-OPEN,,AVAIL,N,200
250725,27,N,3,8,6,F,52.00,312.00,OPEN,,AVAIL,N,430
250725,27,B,5,13,9,D,81.00,729.00,DIST-OPEN,,AVAIL,N,230
250725,27,C,5,13,9,D,81.00,729.00,DIST-OPEN,,AVAIL,N,230
250725,27,E,4,13,10,D,81.00,810.00,DIST-OPEN,,AVAIL,N,240
250725,27,F,4,11,8,D,81.00,648.00,DIST-OPEN,,AVAIL,N,240
250725,27,A,11,13,3,D,81.00,243.00,DIST-OPEN,,AVAIL,N,230
250725,27,K,6,13,8,F,52.00,416.00,DIST-OPEN,,AVAIL,N,430
250725,27,J,7,11,5,F,52.00,260.00,DIST-OPEN,,AVAIL,N,430
250725,27,L,5,12,8,F,52.00,416.00,DIST-OPEN,,AVAIL,N,430
250725,27,M,11,11,1,F,52.00,52.00,DIST-OPEN,,AVAIL,N,430
250725,28,M,1,13,13,F,52.00,676.00,DIST-OPEN,,AVAIL,N,450
250725,28,L,1,13,13,F,52.00,676.00,DIST-OPEN,,AVAIL,N,450
250725,28,N,1,13,13,F,52.00,676.00,DIST-OPEN,,AVAIL,N,450
250725,28,J,5,13,9,F,52.00,468.00,DIST-OPEN,,AVAIL,N,450
250725,28,P,5,10,6,F,52.00,312.00,DIST-OPEN,,AVAIL,N,450
250725,28,K,1,13,13,F,52.00,676.00,DIST-OPEN,,AVAIL,N,450
250725,29,P,10,11,2,F,52.00,104.00,DIST-OPEN,,AVAIL,N,470
250725,29,J,1,13,13,F,52.00,676.00,DIST-OPEN,,AVAIL,N,470
250725,29,L,1,13,13,F,52.00,676.00,DIST-OPEN,,AVAIL,N,470
250725,29,M,1,13,13,F,52.00,676.00,DIST-OPEN,,AVAIL,N,470
250725,29,N,1,4,4,F,52.00,208.00,DIST-OPEN,,AVAIL,N,470
250725,29,H,1,13,13,F,52.00,676.00,DIST-OPEN,,AVAIL,N,470
250725,29,K,1,13,13,F,52.00,676.00,DIST-OPEN,,AVAIL,N,470
250725,29,P,1,4,4,F,52.00,208.00,DIST-OPEN,,AVAIL,N,470
250725,30,P,1,10,10,G,44.00,440.00,DIST-OPEN,,AVAIL,N,480
250725,30,K,13,13,1,G,44.00,44.00,DIST-OPEN,,AVAIL,N,480
250725,30,M,1,13,13,G,44.00,572.00,DIST-OPEN,,AVAIL,N,480
250725,30,N,1,13,13,G,44.00,572.00,DIST-OPEN,,AVAIL,N,480
250725,30,L,9,13,5,G,44.00,220.00,DIST-OPEN,,AVAIL,N,480
250725,31,K,8,13,6,G,44.00,264.00,DIST-OPEN,,AVAIL,N,500
250725,31,M,6,13,8,G,44.00,352.00,DIST-OPEN,,AVAIL,N,500
250725,31,P,8,13,6,G,44.00,264.00,DIST-OPEN,,AVAIL,N,500
250725,31,L,1,13,13,G,44.00,572.00,DIST-OPEN,,AVAIL,N,500
250725,31,J,1,13,13,G,44.00,572.00,DIST-OPEN,,AVAIL,N,500
250725,31,H,7,13,7,G,44.00,308.00,DIST-OPEN,,AVAIL,N,500
250725,31,K,4,5,2,G,44.00,88.00,DIST-OPEN,,AVAIL,N,500
250725,31,N,1,13,13,G,44.00,572.00,DIST-OPEN,,AVAIL,N,500
250725,FB1,C,5,5,1,D,81.00,81.00,SEAN HOLD,,AVAIL,N,150
250725,FSTE1,GA0,1,20,20,I,275.00,5500.00,SUITES,,AVAIL,N,100
250725,FSTE6,GA0,1,20,20,I,275.00,5500.00,SUITES,,AVAIL,N,100
250725,INDSTE,GA0,1,20,20,I,275.00,5500.00,SUITES,,AVAIL,N,100
250725,TSL,GA1,16,25,10,M,176.00,1760.00,FUTURE,,AVAIL,N,600
250725F,GA1,GA0,7,25,19,A,60.00,1140.00,OPEN,,AVAIL,N,10
250725G,GA1,GA0,1,50,50,A,0,0,OPEN,,AVAIL,N,10
250725H,GA1,GA0,1,4,4,A,299.00,1196.00,OPEN,,AVAIL,N,10
250725M,GA1,GA0,9,25,17,A,50.00,850.00,OPEN,,AVAIL,N,10
250726,1,D,9,10,2,F,52.00,104.00,DIST-OPEN,,AVAIL,N,370
250726,1,A,1,1,1,F,52.00,52.00,DIST-OPEN,,AVAIL,N,370
250726,1,K,7,9,3,F,52.00,156.00,DIST-OPEN,,AVAIL,N,370
250726,1,K,13,13,1,F,52.00,52.00,DIST-OPEN,,AVAIL,N,370
250726,1,F,7,9,3,F,52.00,156.00,DIST-OPEN,,AVAIL,N,370
250726,1,J,13,13,1,F,52.00,52.00,DIST-OPEN,,AVAIL,N,370
250726,1,M,3,4,2,F,52.00,104.00,DIST-OPEN,,AVAIL,N,370
250726,1,C,12,13,2,F,52.00,104.00,DIST-OPEN,,AVAIL,N,370
250726,2,K,7,8,2,F,52.00,104.00,WAELDER,,AVAIL,N,350
250726,2,J,7,8,2,F,52.00,104.00,WAELDER,,AVAIL,N,350
250726,3,ADA,1,11,11,F,52.00,572.00,DOQ-WHEELCHAIR,WCACC,AVAIL,N,310
250726,4,L,9,9,1,E,72.00,72.00,OPEN,,AVAIL,N,260
250726,4,C,14,15,2,D,81.00,162.00,DIST-OPEN,,AVAIL,N,130
250726,4,G,1,6,6,E,72.00,432.00,WAELDER,,AVAIL,N,260
250726,4,D,13,15,3,D,81.00,243.00,DIST-OPEN,,AVAIL,N,130
250726,4,F,7,9,3,D,81.00,243.00,DIST-OPEN,,AVAIL,N,130
250726,4,G,16,17,2,E,72.00,144.00,OPEN,,AVAIL,N,260
250726,4,M,10,10,1,E,72.00,72.00,DIST-OPEN,,AVAIL,N,260
250726,4,M,8,9,2,E,72.00,144.00,OPEN,,AVAIL,N,260
250726,5,L,4,4,1,E,72.00,72.00,DIST-OPEN,,AVAIL,N,250
250726,5,H,7,7,1,E,72.00,72.00,DIST-OPEN,,AVAIL,N,250
250726,5,C,10,10,1,D,81.00,81.00,DIST-OPEN,,AVAIL,N,110
250726,5,J,7,7,1,E,72.00,72.00,DIST-OPEN,,AVAIL,N,250
250726,5,E,20,20,1,D,81.00,81.00,DIST-OPEN,,AVAIL,N,110
250726,5,ADA,1,12,12,D,81.00,972.00,DOQ-WHEELCHAIR,WCACC,AVAIL,N,120
250726,6,C,11,13,3,D,81.00,243.00,DIST-OPEN,,AVAIL,N,140
250726,6,E,7,8,2,D,81.00,162.00,DIST-OPEN,,AVAIL,N,140
250726,6,D,11,13,3,D,81.00,243.00,DIST-OPEN,,AVAIL,N,140
250726,7,F,12,13,2,L,38.00,76.00,SUPPORTERS,,AVAIL,N,340
250726,7,D,13,17,5,L,38.00,190.00,SUPPORTERS,,AVAIL,N,340
250726,7,B,10,13,4,L,38.00,152.00,SUPPORTERS,,AVAIL,N,340
250726,7,ADA,10,11,2,F,52.00,104.00,DOQ-WHEELCHAIR,WCACC,AVAIL,N,330
250726,7,K,10,11,2,L,38.00,76.00,SUPPORTERS,,AVAIL,N,340
250726,7,K,5,5,1,L,38.00,38.00,SUPPORTERS,,AVAIL,N,340
250726,7,G,1,9,9,L,38.00,342.00,SUPPORTERS,,AVAIL,N,340
250726,7,J,10,11,2,L,38.00,76.00,SUPPORTERS,,AVAIL,N,340
250726,7,J,1,3,3,L,38.00,114.00,SUPPORTERS,,AVAIL,N,340
250726,7,H,11,13,3,L,38.00,114.00,SUPPORTERS,,AVAIL,N,340
250726,7,H,3,3,1,L,38.00,38.00,SUPPORTERS,,AVAIL,N,340
250726,7,G,14,17,4,L,38.00,152.00,SUPPORTERS,,AVAIL,N,340
250726,8,E,11,11,1,F,52.00,52.00,DIST-OPEN,,AVAIL,N,360
250726,8,F,9,9,1,F,52.00,52.00,DIST-OPEN,,AVAIL,N,360
250726,8,D,13,13,1,F,52.00,52.00,DIST-OPEN,,AVAIL,N,360
250726,8,L,5,5,1,F,52.00,52.00,DIST-OPEN,,AVAIL,N,360
250726,8,K,11,12,2,F,52.00,104.00,DIST-OPEN,,AVAIL,N,360
250726,8,J,5,5,1,F,52.00,52.00,DIST-OPEN,,AVAIL,N,360
250726,8,L,17,17,1,F,52.00,52.00,DIST-OPEN,,AVAIL,N,360
250726,8,J,11,11,1,F,52.00,52.00,DIST-OPEN,,AVAIL,N,360
250726,9,L,1,13,13,F,52.00,676.00,WAELDER,,AVAIL,N,380
250726,9,K,1,13,13,F,52.00,676.00,WAELDER,,AVAIL,N,380
250726,9,J,1,13,13,F,52.00,676.00,WAELDER,,AVAIL,N,380
250726,9,H,1,13,13,F,52.00,676.00,WAELDER,,AVAIL,N,380
250726,9,F,12,13,2,F,52.00,104.00,WAELDER,,AVAIL,N,380
250726,9,E,12,13,2,F,52.00,104.00,WAELDER,,AVAIL,N,380
250726,9,D,10,13,4,F,52.00,208.00,DIST-OPEN,,AVAIL,N,380
250726,9,M,4,13,10,F,52.00,520.00,DIST-OPEN,,AVAIL,N,380
250726,9,C,5,13,9,F,52.00,468.00,DIST-OPEN,,AVAIL,N,380
250726,9,B,3,13,11,F,52.00,572.00,DIST-OPEN,,AVAIL,N,380
250726,9,D,1,5,5,F,52.00,260.00,DIST-OPEN,,AVAIL,N,380
250726,9,A,9,13,5,F,52.00,260.00,DIST-OPEN,,AVAIL,N,380
250726,9,G,12,13,2,F,52.00,104.00,WAELDER,,AVAIL,N,380
250726,17,G,1,9,9,G,44.00,396.00,DIST-OPEN,,AVAIL,N,510
250726,17,A,3,11,9,G,44.00,396.00,DIST-OPEN,,AVAIL,N,510
250726,17,D,7,13,7,G,44.00,308.00,DIST-OPEN,,AVAIL,N,510
250726,17,F,1,6,6,G,44.00,264.00,DIST-OPEN,,AVAIL,N,510
250726,17,E,1,12,12,G,44.00,528.00,DIST-OPEN,,AVAIL,N,510
250726,17,D,5,5,1,G,44.00,44.00,DIST-OPEN,,AVAIL,N,510
250726,17,B,1,9,9,G,44.00,396.00,DIST-OPEN,,AVAIL,N,510
250726,17,C,1,13,13,G,44.00,572.00,DIST-OPEN,,AVAIL,N,510
250726,17,P,1,11,11,G,44.00,484.00,DIST-OPEN,,AVAIL,N,510
250726,17,M,1,13,13,G,44.00,572.00,DIST-OPEN,,AVAIL,N,510
250726,17,N,1,13,13,G,44.00,572.00,DIST-OPEN,,AVAIL,N,510
250726,17,L,1,13,13,G,44.00,572.00,DIST-OPEN,,AVAIL,N,510
250726,17,J,12,13,2,G,44.00,88.00,DIST-OPEN,,AVAIL,N,510
250726,17,K,12,13,2,G,44.00,88.00,DIST-OPEN,,AVAIL,N,510
250726,18,F,1,13,13,G,44.00,572.00,DIST-OPEN,,AVAIL,N,490
250726,18,G,6,10,5,G,44.00,220.00,DIST-OPEN,,AVAIL,N,490
250726,18,E,9,11,3,G,44.00,132.00,DIST-OPEN,,AVAIL,N,490
250726,18,D,4,7,4,G,44.00,176.00,DIST-OPEN,,AVAIL,N,490
250726,18,M,9,9,1,G,44.00,44.00,DIST-OPEN,,AVAIL,N,490
250726,18,M,3,3,1,G,44.00,44.00,DIST-OPEN,,AVAIL,N,490
250726,18,L,1,13,13,G,44.00,572.00,DIST-OPEN,,AVAIL,N,490
250726,18,H,1,10,10,G,44.00,440.00,DIST-OPEN,,AVAIL,N,490
250726,19,K,1,13,13,F,52.00,676.00,DIST-OPEN,,AVAIL,N,460
250726,19,A,5,7,3,F,52.00,156.00,DIST-OPEN,,AVAIL,N,460
250726,19,B,1,13,13,F,52.00,676.00,DIST-OPEN,,AVAIL,N,460
250726,19,C,1,13,13,F,52.00,676.00,DIST-OPEN,,AVAIL,N,460
250726,19,D,1,13,13,F,52.00,676.00,DIST-OPEN,,AVAIL,N,460
250726,19,E,1,13,13,F,52.00,676.00,DIST-OPEN,,AVAIL,N,460
250726,19,M,1,13,13,F,52.00,676.00,DIST-OPEN,,AVAIL,N,460
250726,19,P,4,5,2,F,52.00,104.00,DIST-OPEN,,AVAIL,N,460
250726,19,J,1,13,13,F,52.00,676.00,DIST-OPEN,,AVAIL,N,460
250726,19,L,1,13,13,F,52.00,676.00,DIST-OPEN,,AVAIL,N,460
250726,19,H,1,8,8,F,52.00,416.00,DIST-OPEN,,AVAIL,N,460
250726,20,C,1,8,8,F,52.00,416.00,DIST-OPEN,,AVAIL,N,440
250726,20,E,4,6,3,F,52.00,156.00,DIST-OPEN,,AVAIL,N,440
250726,20,F,3,10,8,F,52.00,416.00,DIST-OPEN,,AVAIL,N,440
250726,20,D,1,7,7,F,52.00,364.00,DIST-OPEN,,AVAIL,N,440
250726,20,B,1,7,7,F,52.00,364.00,DIST-OPEN,,AVAIL,N,440
250726,20,A,11,11,1,F,52.00,52.00,DIST-OPEN,,AVAIL,N,440
250726,20,L,1,13,13,F,52.00,676.00,DIST-OPEN,,AVAIL,N,440
250726,20,J,1,13,13,F,52.00,676.00,DIST-OPEN,,AVAIL,N,440
250726,20,K,1,13,13,F,52.00,676.00,DIST-OPEN,,AVAIL,N,440
250726,20,H,8,13,6,F,52.00,312.00,DIST-OPEN,,AVAIL,N,440
250726,20,N,1,13,13,F,52.00,676.00,DIST-OPEN,,AVAIL,N,440
250726,20,M,1,13,13,F,52.00,676.00,DIST-OPEN,,AVAIL,N,440
250726,20,P,4,4,1,F,52.00,52.00,DIST-OPEN,,AVAIL,N,440
250726,20,G,6,13,8,F,52.00,416.00,OPEN,,AVAIL,N,440
250726,21,F,3,4,2,D,81.00,162.00,OPEN,,AVAIL,N,220
250726,21,N,4,13,10,F,52.00,520.00,BIZDEV,,AVAIL,N,420
250726,21,J,3,10,8,F,52.00,416.00,DIST-OPEN,,AVAIL,N,420
250726,21,M,7,9,3,F,52.00,156.00,DIST-OPEN,,AVAIL,N,420
250726,21,H,6,11,6,F,52.00,312.00,DIST-OPEN,,AVAIL,N,420
250726,21,L,5,10,6,F,52.00,312.00,DIST-OPEN,,AVAIL,N,420
250726,21,K,1,6,6,F,52.00,312.00,DIST-OPEN,,AVAIL,N,420
250726,21,G,8,11,4,D,81.00,324.00,DIST-OPEN,,AVAIL,N,220
250726,21,F,1,2,2,D,81.00,162.00,DIST-OPEN,,AVAIL,N,220
250726,21,A,6,9,4,D,81.00,324.00,OPEN,,AVAIL,N,210
250726,22,J,6,7,2,F,52.00,104.00,DIST-OPEN,,AVAIL,N,390
250726,22,E,10,10,1,D,81.00,81.00,DIST-OPEN,,AVAIL,N,190
250726,22,D,10,12,3,D,81.00,243.00,OPEN,,AVAIL,N,190
250726,23,K,5,7,3,E,72.00,216.00,DIST-OPEN,,AVAIL,N,290
250726,23,L,1,4,4,E,72.00,288.00,DIST-OPEN,,AVAIL,N,290
250726,23,J,4,12,9,E,72.00,648.00,DIST-OPEN,,AVAIL,N,290
250726,24,L,11,14,4,E,72.00,288.00,DIST-OPEN,,AVAIL,N,280
250726,24,E,7,7,1,E,72.00,72.00,DIST-OPEN,,AVAIL,N,280
250726,24,H,7,9,3,E,72.00,216.00,DIST-OPEN,,AVAIL,N,280
250726,24,F,7,7,1,E,72.00,72.00,DIST-OPEN,,AVAIL,N,280
250726,24,J,1,14,14,E,72.00,1008.00,BIZDEV,,AVAIL,N,280
250726,24,K,3,4,2,E,72.00,144.00,DIST-OPEN,,AVAIL,N,280
250726,25,H,12,12,1,E,72.00,72.00,DIST-OPEN,,AVAIL,N,300
250726,25,G,10,10,1,E,72.00,72.00,DIST-OPEN,,AVAIL,N,300
250726,25,J,7,8,2,E,72.00,144.00,DIST-OPEN,,AVAIL,N,300
250726,25,H,5,9,5,E,72.00,360.00,DIST-OPEN,,AVAIL,N,300
250726,25,K,1,12,12,E,72.00,864.00,DIST-OPEN,,AVAIL,N,300
250726,25,F,6,8,3,E,72.00,216.00,DIST-OPEN,,AVAIL,N,300
250726,25,L,6,6,1,E,72.00,72.00,DIST-OPEN,,AVAIL,N,300
250726,25,C,5,7,3,D,81.00,243.00,DIST-OPEN,,AVAIL,N,180
250726,26,A,3,6,4,C,94.00,376.00,DIST-OPEN,,AVAIL,N,100
250726,26,ADA,1,10,10,F,52.00,520.00,DIST-OPEN,,AVAIL,N,410
250726,26,C,9,12,4,D,81.00,324.00,DIST-OPEN,,AVAIL,N,200
250726,26,B,1,9,9,D,81.00,729.00,DIST-OPEN,,AVAIL,N,200
250726,26,D,6,12,7,D,81.00,567.00,DIST-OPEN,,AVAIL,N,200
250726,26,F,5,5,1,F,52.00,52.00,DIST-OPEN,,AVAIL,N,400
250726,26,G,5,6,2,F,52.00,104.00,DIST-OPEN,,AVAIL,N,400
250726,26,L,10,10,1,F,52.00,52.00,DIST-OPEN,,AVAIL,N,400
250726,26,K,6,6,1,F,52.00,52.00,DIST-OPEN,,AVAIL,N,400
250726,26,E,6,12,7,D,81.00,567.00,DIST-OPEN,,AVAIL,N,200
250726,27,N,3,8,6,F,52.00,312.00,OPEN,,AVAIL,N,430
250726,27,E,4,13,10,D,81.00,810.00,DIST-OPEN,,AVAIL,N,240
250726,27,F,4,11,8,D,81.00,648.00,DIST-OPEN,,AVAIL,N,240
250726,27,A,11,13,3,D,81.00,243.00,DIST-OPEN,,AVAIL,N,230
250726,27,C,5,13,9,D,81.00,729.00,DIST-OPEN,,AVAIL,N,230
250726,27,B,5,13,9,D,81.00,729.00,DIST-OPEN,,AVAIL,N,230
250726,27,K,5,9,5,F,52.00,260.00,DIST-OPEN,,AVAIL,N,430
250726,27,H,11,13,3,F,52.00,156.00,DIST-OPEN,,AVAIL,N,430
250726,27,L,5,12,8,F,52.00,416.00,DIST-OPEN,,AVAIL,N,430
250726,27,J,9,11,3,F,52.00,156.00,DIST-OPEN,,AVAIL,N,430
250726,27,M,11,13,3,F,52.00,156.00,DIST-OPEN,,AVAIL,N,430
250726,28,G,9,9,1,F,52.00,52.00,OPEN,,AVAIL,N,450
250726,28,M,1,13,13,F,52.00,676.00,DIST-OPEN,,AVAIL,N,450
250726,28,L,1,13,13,F,52.00,676.00,DIST-OPEN,,AVAIL,N,450
250726,28,J,1,13,13,F,52.00,676.00,DIST-OPEN,,AVAIL,N,450
250726,28,N,1,13,13,F,52.00,676.00,DIST-OPEN,,AVAIL,N,450
250726,28,K,1,13,13,F,52.00,676.00,DIST-OPEN,,AVAIL,N,450
250726,28,P,5,10,6,F,52.00,312.00,DIST-OPEN,,AVAIL,N,450
250726,29,P,10,11,2,F,52.00,104.00,DIST-OPEN,,AVAIL,N,470
250726,29,P,1,4,4,F,52.00,208.00,DIST-OPEN,,AVAIL,N,470
250726,29,J,1,13,13,F,52.00,676.00,DIST-OPEN,,AVAIL,N,470
250726,29,H,1,13,13,F,52.00,676.00,DIST-OPEN,,AVAIL,N,470
250726,29,M,1,13,13,F,52.00,676.00,DIST-OPEN,,AVAIL,N,470
250726,29,K,1,13,13,F,52.00,676.00,DIST-OPEN,,AVAIL,N,470
250726,29,L,1,13,13,F,52.00,676.00,DIST-OPEN,,AVAIL,N,470
250726,29,N,1,4,4,F,52.00,208.00,DIST-OPEN,,AVAIL,N,470
250726,30,P,4,10,7,G,44.00,308.00,DIST-OPEN,,AVAIL,N,480
250726,30,K,7,13,7,G,44.00,308.00,DIST-OPEN,,AVAIL,N,480
250726,30,M,1,13,13,G,44.00,572.00,DIST-OPEN,,AVAIL,N,480
250726,30,L,9,13,5,G,44.00,220.00,DIST-OPEN,,AVAIL,N,480
250726,30,N,1,13,13,G,44.00,572.00,DIST-OPEN,,AVAIL,N,480
250726,31,K,8,13,6,G,44.00,264.00,DIST-OPEN,,AVAIL,N,500
250726,31,H,7,13,7,G,44.00,308.00,DIST-OPEN,,AVAIL,N,500
250726,31,N,1,13,13,G,44.00,572.00,DIST-OPEN,,AVAIL,N,500
250726,31,L,1,13,13,G,44.00,572.00,DIST-OPEN,,AVAIL,N,500
250726,31,P,8,13,6,G,44.00,264.00,DIST-OPEN,,AVAIL,N,500
250726,31,J,1,13,13,G,44.00,572.00,DIST-OPEN,,AVAIL,N,500
250726,31,K,4,5,2,G,44.00,88.00,DIST-OPEN,,AVAIL,N,500
250726,31,M,6,13,8,G,44.00,352.00,DIST-OPEN,,AVAIL,N,500
250726,FB1,C,5,5,1,D,81.00,81.00,SEAN HOLD,,AVAIL,N,150
250726,FSTE3,GA0,1,20,20,I,275.00,5500.00,SUITES,,AVAIL,N,100
250726,FSTE6,GA0,1,20,20,I,275.00,5500.00,SUITES,,AVAIL,N,100
250726,INDSTE,GA0,1,20,20,I,275.00,5500.00,SUITES,,AVAIL,N,100
250726,TSL,GA1,16,25,10,M,176.00,1760.00,FUTURE,,AVAIL,N,600
250726F,GA1,GA0,4,25,22,A,60.00,1320.00,OPEN,,AVAIL,N,10
250726G,GA1,GA0,1,50,50,A,0,0,OPEN,,AVAIL,N,10
250726H,GA1,GA0,3,4,2,A,299.00,598.00,OPEN,,AVAIL,N,10
250726M,GA1,GA0,19,25,7,A,50.00,350.00,OPEN,,AVAIL,N,10
250802A,STE1,GA1,1,25,25,A,0,0,SUITES,,AVAIL,N,100
250808,FLD2,B,1,30,30,A,259.00,7770.00,KILL,,AVAIL,Y,20
250808,FLD2,A,1,6,6,A,259.00,1554.00,BIZDEV,,AVAIL,N,20
250808,FLD2,A,21,23,3,A,259.00,777.00,DIST-OPEN,,AVAIL,N,20
250808,FLD2,A,7,8,2,A,259.00,518.00,DIST-OPEN,,AVAIL,N,20
250808,R25,NN,1,24,24,E,37.00,888.00,DRESS,,AVAIL,N,520
250808,R25,CC,1,21,21,E,37.00,777.00,DRESS,,AVAIL,N,520
250808,R25,GG,9,22,14,E,37.00,518.00,DRESS,,AVAIL,N,520
250808,R25,OO,1,25,25,E,37.00,925.00,DRESS,,AVAIL,N,520
250808,R25,PP,1,25,25,E,37.00,925.00,DRESS,,AVAIL,N,520
250808,R25,DD,1,1,1,E,37.00,37.00,DOQ-VETTX1HOLD,VETTX1HOLD,AVAIL,N,520
250808,R25,P,9,9,1,E,37.00,37.00,DIST-OPEN,,AVAIL,N,510
250808,R25,KK,1,23,23,E,37.00,851.00,DRESS,,AVAIL,N,520
250808,R25,LL,1,24,24,E,37.00,888.00,DRESS,,AVAIL,N,520
250808,R25,O,5,5,1,E,37.00,37.00,DIST-OPEN,,AVAIL,N,510
250808,R25,O,7,7,1,E,37.00,37.00,DIST-OPEN,,AVAIL,N,510
250808,R25,U,4,13,10,E,37.00,370.00,DRESS,,AVAIL,N,510
250808,R25,S,4,14,11,E,37.00,407.00,DRESS,,AVAIL,N,510
250808,R25,T,8,10,3,E,37.00,111.00,DIST-OPEN,,AVAIL,N,510
250808,R25,R,9,11,3,E,37.00,111.00,DIST-OPEN,,AVAIL,N,510
250808,R25,Y,1,19,19,E,37.00,703.00,DRESS,,AVAIL,N,510
250808,R25,Z,1,20,20,E,37.00,740.00,DRESS,,AVAIL,N,510
250808,R25,HH,22,22,1,E,37.00,37.00,DIST-OPEN,,AVAIL,N,520
250808,R25,W,1,19,19,E,37.00,703.00,DRESS,,AVAIL,N,510
250808,R25,X,1,19,19,E,37.00,703.00,DRESS,,AVAIL,N,510
250808,R25,II,1,23,23,E,37.00,851.00,DRESS,,AVAIL,N,520
250808,R25,JJ,1,23,23,E,37.00,851.00,DRESS,,AVAIL,N,520
250808,R25,MM,1,24,24,E,37.00,888.00,DRESS,,AVAIL,N,520
250808,R26,NN,1,24,24,E,37.00,888.00,DRESS,,AVAIL,N,540
250808,R26,CC,1,21,21,E,37.00,777.00,DRESS,,AVAIL,N,540
250808,R26,DD,1,21,21,E,37.00,777.00,DRESS,,AVAIL,N,540
250808,R26,GG,1,22,22,E,37.00,814.00,DRESS,,AVAIL,N,540
250808,R26,OO,1,25,25,E,37.00,925.00,DRESS,,AVAIL,N,540
250808,R26,PP,1,25,25,E,37.00,925.00,DRESS,,AVAIL,N,540
250808,R26,U,4,15,12,E,37.00,444.00,DRESS,,AVAIL,N,530
250808,R26,KK,1,23,23,E,37.00,851.00,DRESS,,AVAIL,N,540
250808,R26,S,4,12,9,E,37.00,333.00,DRESS,,AVAIL,N,530
250808,R26,Q,5,15,11,E,37.00,407.00,DRESS,,AVAIL,N,530
250808,R26,W,1,17,17,E,37.00,629.00,DRESS,,AVAIL,N,530
250808,R26,O,9,9,1,E,37.00,37.00,DIST-OPEN,,AVAIL,N,530
250808,R26,LL,1,24,24,E,37.00,888.00,DOQ-VETTX1HOLD,VETTX1HOLD,AVAIL,N,540
250808,R26,JJ,1,7,7,E,37.00,259.00,DOQ-VETTX1HOLD,VETTX1HOLD,AVAIL,N,540
250808,R26,P,16,16,1,E,37.00,37.00,DIST-OPEN,,AVAIL,N,530
250808,R26,Z,2,20,19,E,37.00,703.00,DRESS,,AVAIL,N,530
250808,R26,HH,4,16,13,E,37.00,481.00,DIST-OPEN,,AVAIL,N,540
250808,R26,X,1,15,15,E,37.00,555.00,DRESS,,AVAIL,N,530
250808,R26,II,1,23,23,E,37.00,851.00,DRESS,,AVAIL,N,540
250808,R26,MM,1,24,24,E,37.00,888.00,DRESS,,AVAIL,N,540
250808,R26,Y,1,19,19,E,37.00,703.00,DRESS,,AVAIL,N,530
250808,R27,NN,1,21,21,D,58.00,1218.00,DRESS,,AVAIL,N,560
250808,R27,CC,1,21,21,D,58.00,1218.00,DRESS,,AVAIL,N,560
250808,R27,DD,1,21,21,D,58.00,1218.00,DRESS,,AVAIL,N,560
250808,R27,GG,1,21,21,D,58.00,1218.00,DRESS,,AVAIL,N,560
250808,R27,OO,1,21,21,D,58.00,1218.00,DRESS,,AVAIL,N,560
250808,R27,PP,1,21,21,D,58.00,1218.00,DRESS,,AVAIL,N,560
250808,R27,KK,1,21,21,D,58.00,1218.00,DRESS,,AVAIL,N,560
250808,R27,LL,1,21,21,D,58.00,1218.00,DRESS,,AVAIL,N,560
250808,R27,BB,6,21,16,D,58.00,928.00,DIST-OPEN,,AVAIL,N,560
250808,R27,EE,1,21,21,D,58.00,1218.00,DIST-OPEN,,AVAIL,N,560
250808,R27,FF,1,21,21,D,58.00,1218.00,DIST-OPEN,,AVAIL,N,560
250808,R27,T,10,18,9,D,58.00,522.00,DIST-OPEN,,AVAIL,N,550
250808,R27,V,4,18,15,D,58.00,870.00,DIST-OPEN,,AVAIL,N,550
250808,R27,Y,9,10,2,D,58.00,116.00,DRESS,,AVAIL,N,550
250808,R27,AA,6,21,16,D,58.00,928.00,DIST-OPEN,,AVAIL,N,560
250808,R27,Y,15,18,4,D,58.00,232.00,DRESS,,AVAIL,N,550
250808,R27,HH,1,21,21,D,58.00,1218.00,DIST-OPEN,,AVAIL,N,560
250808,R27,X,11,21,11,D,58.00,638.00,DRESS,,AVAIL,N,550
250808,R27,II,1,21,21,D,58.00,1218.00,DRESS,,AVAIL,N,560
250808,R27,JJ,1,21,21,D,58.00,1218.00,DRESS,,AVAIL,N,560
250808,R27,MM,1,21,21,D,58.00,1218.00,DRESS,,AVAIL,N,560
250808,R28,CC,1,21,21,D,58.00,1218.00,DRESS,,AVAIL,N,580
250808,R28,DD,1,21,21,D,58.00,1218.00,DRESS,,AVAIL,N,580
250808,R28,OO,1,21,21,D,58.00,1218.00,DRESS,,AVAIL,N,580
250808,R28,PP,1,21,21,D,58.00,1218.00,DRESS,,AVAIL,N,580
250808,R28,KK,1,21,21,D,58.00,1218.00,DRESS,,AVAIL,N,580
250808,R28,LL,1,21,21,D,58.00,1218.00,DRESS,,AVAIL,N,580
250808,R28,Q,1,2,2,D,58.00,116.00,DRESS,,AVAIL,N,570
250808,R28,BB,1,21,21,D,58.00,1218.00,DIST-OPEN,,AVAIL,N,580
250808,R28,EE,1,21,21,D,58.00,1218.00,DIST-OPEN,,AVAIL,N,580
250808,R28,FF,1,21,21,D,58.00,1218.00,DIST-OPEN,,AVAIL,N,580
250808,R28,R,4,15,12,D,58.00,696.00,DIST-OPEN,,AVAIL,N,570
250808,R28,T,4,14,11,D,58.00,638.00,DIST-OPEN,,AVAIL,N,570
250808,R28,V,4,18,15,D,58.00,870.00,DIST-OPEN,,AVAIL,N,570
250808,R28,U,4,18,15,D,58.00,870.00,DRESS,,AVAIL,N,570
250808,R28,S,4,18,15,D,58.00,870.00,DRESS,,AVAIL,N,570
250808,R28,GG,1,21,21,D,58.00,1218.00,DRESS,,AVAIL,N,580
250808,R28,Z,1,6,6,D,58.00,348.00,DRESS,,AVAIL,N,570
250808,R28,HH,1,21,21,D,58.00,1218.00,DIST-OPEN,,AVAIL,N,580
250808,R28,W,1,6,6,D,58.00,348.00,DRESS,,AVAIL,N,570
250808,R28,Q,11,14,4,D,58.00,232.00,DRESS,,AVAIL,N,570
250808,R28,X,1,6,6,D,58.00,348.00,DRESS,,AVAIL,N,570
250808,R28,II,1,21,21,D,58.00,1218.00,DRESS,,AVAIL,N,580
250808,R28,JJ,1,21,21,D,58.00,1218.00,DRESS,,AVAIL,N,580
250808,R28,Y,1,6,6,D,58.00,348.00,DRESS,,AVAIL,N,570
250808,R28,MM,1,21,21,D,58.00,1218.00,DRESS,,AVAIL,N,580
250808,R28,NN,1,21,21,D,58.00,1218.00,DRESS,,AVAIL,N,580
250808,R29,NN,1,21,21,D,58.00,1218.00,DRESS,,AVAIL,N,600
250808,R29,OO,1,21,21,D,58.00,1218.00,DRESS,,AVAIL,N,600
250808,R29,PP,1,21,21,D,58.00,1218.00,DRESS,,AVAIL,N,600
250808,R29,O,7,10,4,C,69.00,276.00,DIST-OPEN,,AVAIL,N,590
250808,R29,KK,1,21,21,D,58.00,1218.00,DRESS,,AVAIL,N,600
250808,R29,LL,1,21,21,D,58.00,1218.00,DRESS,,AVAIL,N,600
250808,R29,N,8,10,3,C,69.00,207.00,DIST-OPEN,,AVAIL,N,590
250808,R29,FF,1,16,16,D,58.00,928.00,DIST-OPEN,,AVAIL,N,600
250808,R29,EE,11,11,1,D,58.00,58.00,DIST-OPEN,,AVAIL,N,600
250808,R29,V,6,10,5,C,69.00,345.00,DIST-OPEN,,AVAIL,N,590
250808,R29,T,4,15,12,C,69.00,828.00,DIST-OPEN,,AVAIL,N,590
250808,R29,P,5,8,4,C,69.00,276.00,DIST-OPEN,,AVAIL,N,590
250808,R29,R,4,18,15,C,69.00,1035.00,DIST-OPEN,,AVAIL,N,590
250808,R29,U,4,13,10,C,69.00,690.00,DRESS,,AVAIL,N,590
250808,R29,S,4,16,13,C,69.00,897.00,DRESS,,AVAIL,N,590
250808,R29,Q,7,15,9,C,69.00,621.00,DRESS,,AVAIL,N,590
250808,R29,GG,1,21,21,D,58.00,1218.00,DRESS,,AVAIL,N,600
250808,R29,Z,1,18,18,C,69.00,1242.00,DRESS,,AVAIL,N,590
250808,R29,Z,20,21,2,C,69.00,138.00,DRESS,,AVAIL,N,590
250808,R29,L,13,16,4,C,69.00,276.00,OPEN,,AVAIL,N,590
250808,R29,W,1,18,18,C,69.00,1242.00,DRESS,,AVAIL,N,590
250808,R29,HH,1,18,18,D,58.00,1044.00,DIST-OPEN,,AVAIL,N,600
250808,R29,II,1,21,21,D,58.00,1218.00,DRESS,,AVAIL,N,600
250808,R29,JJ,1,21,21,D,58.00,1218.00,DRESS,,AVAIL,N,600
250808,R29,MM,1,21,21,D,58.00,1218.00,DRESS,,AVAIL,N,600
250808,R29,X,1,21,21,C,69.00,1449.00,DRESS,,AVAIL,N,590
250808,R29,Y,1,21,21,C,69.00,1449.00,DRESS,,AVAIL,N,590
250808,R30,NN,1,21,21,C,69.00,1449.00,DRESS,,AVAIL,N,620
250808,R30,OO,1,21,21,C,69.00,1449.00,DRESS,,AVAIL,N,620
250808,R30,PP,1,21,21,C,69.00,1449.00,DRESS,,AVAIL,N,620
250808,R30,S,4,14,11,B,81.00,891.00,DRESS,,AVAIL,N,610
250808,R30,KK,1,21,21,C,69.00,1449.00,DRESS,,AVAIL,N,620
250808,R30,LL,1,21,21,C,69.00,1449.00,DRESS,,AVAIL,N,620
250808,R30,FF,1,21,21,C,69.00,1449.00,DIST-OPEN,,AVAIL,N,620
250808,R30,T,4,16,13,B,81.00,1053.00,DIST-OPEN,,AVAIL,N,610
250808,R30,R,9,19,11,B,81.00,891.00,DIST-OPEN,,AVAIL,N,610
250808,R30,V,4,18,15,B,81.00,1215.00,DIST-OPEN,,AVAIL,N,610
250808,R30,P,6,8,3,B,81.00,243.00,DIST-OPEN,,AVAIL,N,610
250808,R30,EE,7,18,12,C,69.00,828.00,DIST-OPEN,,AVAIL,N,620
250808,R30,U,4,18,15,B,81.00,1215.00,DRESS,,AVAIL,N,610
250808,R30,Q,5,12,8,B,81.00,648.00,DRESS,,AVAIL,N,610
250808,R30,W,1,21,21,B,81.00,1701.00,DRESS,,AVAIL,N,610
250808,R30,GG,1,21,21,C,69.00,1449.00,DRESS,,AVAIL,N,620
250808,R30,Y,1,21,21,B,81.00,1701.00,DRESS,,AVAIL,N,610
250808,R30,Z,1,21,21,B,81.00,1701.00,DRESS,,AVAIL,N,610
250808,R30,HH,1,21,21,C,69.00,1449.00,DIST-OPEN,,AVAIL,N,620
250808,R30,X,1,21,21,B,81.00,1701.00,DRESS,,AVAIL,N,610
250808,R30,II,1,21,21,C,69.00,1449.00,DRESS,,AVAIL,N,620
250808,R30,JJ,1,21,21,C,69.00,1449.00,DRESS,,AVAIL,N,620
250808,R30,L,1,1,1,B,81.00,81.00,DIST-OPEN,,AVAIL,N,610
250808,R30,MM,1,21,21,C,69.00,1449.00,DRESS,,AVAIL,N,620
250808,R31,OO,1,21,21,C,69.00,1449.00,DRESS,,AVAIL,N,640
250808,R31,PP,3,19,17,C,69.00,1173.00,DRESS,,AVAIL,N,640
250808,R31,KK,1,21,21,C,69.00,1449.00,DRESS,,AVAIL,N,640
250808,R31,LL,1,21,21,C,69.00,1449.00,DRESS,,AVAIL,N,640
250808,R31,T,9,9,1,B,81.00,81.00,DIST-OPEN,,AVAIL,N,630
250808,R31,EE,11,15,5,C,69.00,345.00,DIST-OPEN,,AVAIL,N,640
250808,R31,FF,5,21,17,C,69.00,1173.00,DIST-OPEN,,AVAIL,N,640
250808,R31,U,4,16,13,B,81.00,1053.00,DRESS,,AVAIL,N,630
250808,R31,GG,1,21,21,C,69.00,1449.00,DRESS,,AVAIL,N,640
250808,R31,Y,1,21,21,B,81.00,1701.00,DRESS,,AVAIL,N,630
250808,R31,Z,4,21,18,B,81.00,1458.00,DRESS,,AVAIL,N,630
250808,R31,HH,3,19,17,C,69.00,1173.00,DIST-OPEN,,AVAIL,N,640
250808,R31,W,13,21,9,B,81.00,729.00,DRESS,,AVAIL,N,630
250808,R31,X,1,21,21,B,81.00,1701.00,DRESS,,AVAIL,N,630
250808,R31,II,11,21,11,C,69.00,759.00,DRESS,,AVAIL,N,640
250808,R31,JJ,1,21,21,C,69.00,1449.00,DRESS,,AVAIL,N,640
250808,R31,II,1,8,8,C,69.00,552.00,DRESS,,AVAIL,N,640
250808,R31,MM,1,21,21,C,69.00,1449.00,DRESS,,AVAIL,N,640
250808,R31,NN,1,21,21,C,69.00,1449.00,DRESS,,AVAIL,N,640
250808,R32,CC,10,21,12,C,69.00,828.00,DRESS,,AVAIL,N,660
250808,R32,DD,10,19,10,C,69.00,690.00,DRESS,,AVAIL,N,660
250808,R32,OO,1,21,21,C,69.00,1449.00,DRESS,,AVAIL,N,660
250808,R32,PP,1,21,21,C,69.00,1449.00,DRESS,,AVAIL,N,660
250808,R32,AA,9,9,1,C,69.00,69.00,DIST-OPEN,,AVAIL,N,660
250808,R32,BB,8,15,8,C,69.00,552.00,DIST-OPEN,,AVAIL,N,660
250808,R32,O,6,6,1,B,81.00,81.00,DIST-OPEN,,AVAIL,N,650
250808,R32,T,7,12,6,B,81.00,486.00,DIST-OPEN,,AVAIL,N,650
250808,R32,V,12,16,5,B,81.00,405.00,DIST-OPEN,,AVAIL,N,650
250808,R32,Q,4,19,16,B,81.00,1296.00,DRESS,,AVAIL,N,650
250808,R32,U,4,18,15,B,81.00,1215.00,DRESS,,AVAIL,N,650
250808,R32,R,16,17,2,B,81.00,162.00,DIST-OPEN,,AVAIL,N,650
250808,R32,S,4,18,15,B,81.00,1215.00,DRESS,,AVAIL,N,650
250808,R32,Z,1,21,21,B,81.00,1701.00,DRESS,,AVAIL,N,650
250808,R32,Y,1,21,21,B,81.00,1701.00,DRESS,,AVAIL,N,650
250808,R32,W,1,21,21,B,81.00,1701.00,DRESS,,AVAIL,N,650
250808,R32,X,1,21,21,B,81.00,1701.00,DRESS,,AVAIL,N,650
250808,R32,MM,16,21,6,C,69.00,414.00,DRESS,,AVAIL,N,660
250808,R32,MM,1,4,4,C,69.00,276.00,DRESS,,AVAIL,N,660
250808,R32,NN,1,21,21,C,69.00,1449.00,DRESS,,AVAIL,N,660
250808,R33,II,1,1,1,K,37.00,37.00,DOQ-VETTX1HOLD,VETTX1HOLD,AVAIL,N,680
250808,R33,BB,3,3,1,K,37.00,37.00,DOQ-VETTX1HOLD,VETTX1HOLD,AVAIL,N,680
250808,R33,Y,14,21,8,J,58.00,464.00,SUPPORTERS,,AVAIL,N,670
250808,R33,S,7,18,12,J,58.00,696.00,SUPPORTERS,,AVAIL,N,670
250808,R33,Q,15,17,3,J,58.00,174.00,SUPPORTERS,,AVAIL,N,670
250808,R33,P,9,17,9,J,58.00,522.00,SUPPORTERS,,AVAIL,N,670
250808,R33,O,10,17,8,J,58.00,464.00,SUPPORTERS,,AVAIL,N,670
250808,R33,N,6,13,8,J,58.00,464.00,SUPPORTERS,,AVAIL,N,670
250808,R33,M,7,12,6,J,58.00,348.00,SUPPORTERS,,AVAIL,N,670
250808,R33,Z,1,19,19,J,58.00,1102.00,SUPPORTERS,,AVAIL,N,670
250808,R33,Y,1,11,11,J,58.00,638.00,SUPPORTERS,,AVAIL,N,670
250808,R33,X,1,21,21,J,58.00,1218.00,SUPPORTERS,,AVAIL,N,670
250808,R33,W,11,21,11,J,58.00,638.00,SUPPORTERS,,AVAIL,N,670
250808,R33,PP,1,21,21,K,37.00,777.00,SUPPORTERS,,AVAIL,N,680
250808,R33,OO,1,21,21,K,37.00,777.00,SUPPORTERS,,AVAIL,N,680
250808,R33,NN,1,21,21,K,37.00,777.00,SUPPORTERS,,AVAIL,N,680
250808,R33,MM,1,21,21,K,37.00,777.00,SUPPORTERS,,AVAIL,N,680
250808,R33,LL,1,21,21,K,37.00,777.00,SUPPORTERS,,AVAIL,N,680
250808,R33,KK,1,21,21,K,37.00,777.00,SUPPORTERS,,AVAIL,N,680
250808,R33,JJ,1,21,21,K,37.00,777.00,SUPPORTERS,,AVAIL,N,680
250808,R33,HH,1,21,21,K,37.00,777.00,SUPPORTERS,,AVAIL,N,680
250808,R33,GG,1,21,21,K,37.00,777.00,SUPPORTERS,,AVAIL,N,680
250808,R33,FF,1,21,21,K,37.00,777.00,SUPPORTERS,,AVAIL,N,680
250808,R33,EE,1,21,21,K,37.00,777.00,SUPPORTERS,,AVAIL,N,680
250808,R33,DD,1,21,21,K,37.00,777.00,SUPPORTERS,,AVAIL,N,680
250808,R33,CC,1,21,21,K,37.00,777.00,SUPPORTERS,,AVAIL,N,680
250808,R33,AA,5,21,17,K,37.00,629.00,SUPPORTERS,,AVAIL,N,680
250808,R34,CC,1,21,21,D,58.00,1218.00,DRESS,,AVAIL,N,700
250808,R34,DD,1,21,21,D,58.00,1218.00,DRESS,,AVAIL,N,700
250808,R34,OO,1,21,21,D,58.00,1218.00,DRESS,,AVAIL,N,700
250808,R34,PP,1,21,21,D,58.00,1218.00,DRESS,,AVAIL,N,700
250808,R34,KK,1,21,21,D,58.00,1218.00,DRESS,,AVAIL,N,700
250808,R34,LL,1,21,21,D,58.00,1218.00,DRESS,,AVAIL,N,700
250808,R34,O,10,12,3,D,58.00,174.00,DIST-OPEN,,AVAIL,N,690
250808,R34,FF,14,21,8,D,58.00,464.00,DIST-OPEN,,AVAIL,N,700
250808,R34,AA,1,21,21,D,58.00,1218.00,DIST-OPEN,,AVAIL,N,700
250808,R34,FF,1,12,12,D,58.00,696.00,DIST-OPEN,,AVAIL,N,700
250808,R34,EE,1,21,21,D,58.00,1218.00,DIST-OPEN,,AVAIL,N,700
250808,R34,V,14,16,3,D,58.00,174.00,DIST-OPEN,,AVAIL,N,690
250808,R34,R,11,19,9,D,58.00,522.00,DIST-OPEN,,AVAIL,N,690
250808,R34,V,4,11,8,D,58.00,464.00,DIST-OPEN,,AVAIL,N,690
250808,R34,T,4,18,15,D,58.00,870.00,DIST-OPEN,,AVAIL,N,690
250808,R34,P,11,11,1,D,58.00,58.00,DIST-OPEN,,AVAIL,N,690
250808,R34,BB,1,21,21,D,58.00,1218.00,DIST-OPEN,,AVAIL,N,700
250808,R34,U,4,18,15,D,58.00,870.00,DRESS,,AVAIL,N,690
250808,R34,S,8,18,11,D,58.00,638.00,DRESS,,AVAIL,N,690
250808,R34,Q,5,21,17,D,58.00,986.00,DRESS,,AVAIL,N,690
250808,R34,GG,1,21,21,D,58.00,1218.00,DRESS,,AVAIL,N,700
250808,R34,Z,1,21,21,D,58.00,1218.00,DRESS,,AVAIL,N,690
250808,R34,HH,1,21,21,D,58.00,1218.00,DIST-OPEN,,AVAIL,N,700
250808,R34,W,1,18,18,D,58.00,1044.00,DRESS,,AVAIL,N,690
250808,R34,X,1,21,21,D,58.00,1218.00,DRESS,,AVAIL,N,690
250808,R34,Y,1,21,21,D,58.00,1218.00,DRESS,,AVAIL,N,690
250808,R34,II,1,21,21,D,58.00,1218.00,DRESS,,AVAIL,N,700
250808,R34,JJ,1,21,21,D,58.00,1218.00,DRESS,,AVAIL,N,700
250808,R34,MM,1,21,21,D,58.00,1218.00,DRESS,,AVAIL,N,700
250808,R34,NN,1,21,21,D,58.00,1218.00,DRESS,,AVAIL,N,700
250808,R35,NN,1,21,21,D,58.00,1218.00,DRESS,,AVAIL,N,730
250808,R35,DD,1,21,21,D,58.00,1218.00,DRESS,,AVAIL,N,730
250808,R35,CC,1,21,21,D,58.00,1218.00,DRESS,,AVAIL,N,730
250808,R35,OO,1,21,21,D,58.00,1218.00,DRESS,,AVAIL,N,730
250808,R35,PP,1,21,21,D,58.00,1218.00,DRESS,,AVAIL,N,730
250808,R35,N,4,20,17,D,58.00,986.00,DOQ-WHEELCHAIR,WCACC,AVAIL,N,710
250808,R35,KK,1,21,21,D,58.00,1218.00,DRESS,,AVAIL,N,730
250808,R35,LL,1,21,21,D,58.00,1218.00,DRESS,,AVAIL,N,730
250808,R35,V,4,18,15,D,58.00,870.00,DIST-OPEN,,AVAIL,N,720
250808,R35,FF,1,21,21,D,58.00,1218.00,DIST-OPEN,,AVAIL,N,730
250808,R35,BB,1,21,21,D,58.00,1218.00,DIST-OPEN,,AVAIL,N,730
250808,R35,EE,1,21,21,D,58.00,1218.00,DIST-OPEN,,AVAIL,N,730
250808,R35,O,1,21,21,D,58.00,1218.00,DIST-OPEN,,AVAIL,N,720
250808,R35,R,1,21,21,D,58.00,1218.00,DIST-OPEN,,AVAIL,N,720
250808,R35,P,1,21,21,D,58.00,1218.00,DIST-OPEN,,AVAIL,N,720
250808,R35,T,4,18,15,D,58.00,870.00,DIST-OPEN,,AVAIL,N,720
250808,R35,U,4,18,15,D,58.00,870.00,DRESS,,AVAIL,N,720
250808,R35,S,4,18,15,D,58.00,870.00,DRESS,,AVAIL,N,720
250808,R35,Q,1,21,21,D,58.00,1218.00,DRESS,,AVAIL,N,720
250808,R35,GG,1,21,21,D,58.00,1218.00,DRESS,,AVAIL,N,730
250808,R35,Z,1,21,21,D,58.00,1218.00,DRESS,,AVAIL,N,720
250808,R35,HH,1,21,21,D,58.00,1218.00,DIST-OPEN,,AVAIL,N,730
250808,R35,W,1,21,21,D,58.00,1218.00,DRESS,,AVAIL,N,720
250808,R35,X,1,21,21,D,58.00,1218.00,DRESS,,AVAIL,N,720
250808,R35,II,1,21,21,D,58.00,1218.00,DRESS,,AVAIL,N,730
250808,R35,JJ,1,21,21,D,58.00,1218.00,DRESS,,AVAIL,N,730
250808,R35,MM,1,21,21,D,58.00,1218.00,DRESS,,AVAIL,N,730
250808,R35,Y,1,21,21,D,58.00,1218.00,DRESS,,AVAIL,N,720
250808,R36,NN,3,21,19,E,37.00,703.00,DRESS,,AVAIL,N,760
250808,R36,DD,1,21,21,E,37.00,777.00,DRESS,,AVAIL,N,760
250808,R36,CC,1,21,21,E,37.00,777.00,DRESS,,AVAIL,N,760
250808,R36,GG,1,21,21,E,37.00,777.00,DRESS,,AVAIL,N,760
250808,R36,OO,1,21,21,E,37.00,777.00,DRESS,,AVAIL,N,760
250808,R36,PP,1,21,21,E,37.00,777.00,DRESS,,AVAIL,N,760
250808,R36,FF,1,5,5,E,37.00,185.00,DOQ-VETTX1HOLD,VETTX1HOLD,AVAIL,N,760
250808,R36,T,13,13,1,E,37.00,37.00,DIST-OPEN,,AVAIL,N,750
250808,R36,N,7,17,11,E,37.00,407.00,DOQ-WHEELCHAIR,WCACC,AVAIL,N,740
250808,R36,KK,1,21,21,E,37.00,777.00,DRESS,,AVAIL,N,760
250808,R36,LL,1,18,18,E,37.00,666.00,DRESS,,AVAIL,N,760
250808,R36,LL,20,21,2,E,37.00,74.00,DRESS,,AVAIL,N,760
250808,R36,BB,5,21,17,E,37.00,629.00,DIST-OPEN,,AVAIL,N,760
250808,R36,T,8,8,1,E,37.00,37.00,DIST-OPEN,,AVAIL,N,750
250808,R36,AA,3,17,15,E,37.00,555.00,DIST-OPEN,,AVAIL,N,760
250808,R36,V,13,15,3,E,37.00,111.00,DIST-OPEN,,AVAIL,N,750
250808,R36,U,9,18,10,E,37.00,370.00,DRESS,,AVAIL,N,750
250808,R36,S,4,18,15,E,37.00,555.00,DRESS,,AVAIL,N,750
250808,R36,Q,11,15,5,E,37.00,185.00,DRESS,,AVAIL,N,750
250808,R36,Y,9,21,13,E,37.00,481.00,DRESS,,AVAIL,N,750
250808,R36,Z,1,21,21,E,37.00,777.00,DRESS,,AVAIL,N,750
250808,R36,HH,11,21,11,E,37.00,407.00,DIST-OPEN,,AVAIL,N,760
250808,R36,W,11,11,1,E,37.00,37.00,DRESS,,AVAIL,N,750
250808,R36,X,11,21,11,E,37.00,407.00,DRESS,,AVAIL,N,750
250808,R36,II,1,21,21,E,37.00,777.00,DRESS,,AVAIL,N,760
250808,R36,JJ,1,21,21,E,37.00,777.00,DRESS,,AVAIL,N,760
250808,R36,MM,3,21,19,E,37.00,703.00,DRESS,,AVAIL,N,760
250808,R36,Y,3,5,3,E,37.00,111.00,DRESS,,AVAIL,N,750
250808,R37,DD,1,21,21,E,37.00,777.00,DRESS,,AVAIL,N,790
250808,R37,CC,1,21,21,E,37.00,777.00,DRESS,,AVAIL,N,790
250808,R37,GG,1,21,21,E,37.00,777.00,DRESS,,AVAIL,N,790
250808,R37,OO,1,21,21,E,37.00,777.00,DRESS,,AVAIL,N,790
250808,R37,PP,1,9,9,E,37.00,333.00,DRESS,,AVAIL,N,790
250808,R37,N,8,20,13,E,37.00,481.00,DOQ-WHEELCHAIR,WCACC,AVAIL,N,770
250808,R37,KK,1,21,21,E,37.00,777.00,DRESS,,AVAIL,N,790
250808,R37,LL,1,21,21,E,37.00,777.00,DRESS,,AVAIL,N,790
250808,R37,P,1,21,21,E,37.00,777.00,DIST-OPEN,,AVAIL,N,780
250808,R37,O,7,16,10,E,37.00,370.00,DIST-OPEN,,AVAIL,N,780
250808,R37,EE,1,21,21,E,37.00,777.00,DIST-OPEN,,AVAIL,N,790
250808,R37,BB,1,21,21,E,37.00,777.00,DIST-OPEN,,AVAIL,N,790
250808,R37,FF,1,21,21,E,37.00,777.00,DIST-OPEN,,AVAIL,N,790
250808,R37,AA,1,21,21,E,37.00,777.00,DIST-OPEN,,AVAIL,N,790
250808,R37,V,4,18,15,E,37.00,555.00,DIST-OPEN,,AVAIL,N,780
250808,R37,R,5,21,17,E,37.00,629.00,DIST-OPEN,,AVAIL,N,780
250808,R37,T,4,18,15,E,37.00,555.00,DIST-OPEN,,AVAIL,N,780
250808,R37,U,4,18,15,E,37.00,555.00,DRESS,,AVAIL,N,780
250808,R37,S,4,18,15,E,37.00,555.00,DRESS,,AVAIL,N,780
250808,R37,Q,1,21,21,E,37.00,777.00,DRESS,,AVAIL,N,780
250808,R37,W,1,21,21,E,37.00,777.00,DRESS,,AVAIL,N,780
250808,R37,Z,1,21,21,E,37.00,777.00,DRESS,,AVAIL,N,780
250808,R37,HH,1,21,21,E,37.00,777.00,DIST-OPEN,,AVAIL,N,790
250808,R37,X,1,21,21,E,37.00,777.00,DRESS,,AVAIL,N,780
250808,R37,II,1,21,21,E,37.00,777.00,DRESS,,AVAIL,N,790
250808,R37,JJ,1,21,21,E,37.00,777.00,DRESS,,AVAIL,N,790
250808,R37,MM,1,21,21,E,37.00,777.00,DRESS,,AVAIL,N,790
250808,R37,Y,1,21,21,E,37.00,777.00,DRESS,,AVAIL,N,780
250808,R37,NN,1,21,21,E,37.00,777.00,DRESS,,AVAIL,N,790
250808,STE1,GA0,16,25,10,L,240.00,2400.00,SUITES,,AVAIL,N,100
250808,STE2,GA0,1,25,25,L,240.00,6000.00,SUITES,,AVAIL,N,100
250808,STE3,GA0,1,25,25,L,240.00,6000.00,SUITES,,AVAIL,N,100
250808,STE5,GA0,1,25,25,L,240.00,6000.00,SUITES,,AVAIL,N,100
250808,STE6,GA0,1,25,25,L,240.00,6000.00,SUITES,,AVAIL,N,100
250808,STE7,GA0,1,25,25,L,240.00,6000.00,SUITES,,AVAIL,N,100
250808,TSL,GA1,16,25,10,I,173.00,1730.00,FUTURE,,AVAIL,N,1160
250808F,GA1,GA0,9,25,17,A,60.00,1020.00,OPEN,,AVAIL,N,10
250808G,GA1,GA0,1,50,50,A,0,0,OPEN,,AVAIL,N,10
250808HC,GA1,GA0,4,4,1,A,0,0,GROUP,,AVAIL,N,10
250808M,GA1,GA0,7,25,19,A,50.00,950.00,OPEN,,AVAIL,N,10
250809A,FLD1,A,10,15,6,A,173.00,1038.00,OPEN,,AVAIL,N,10
250809A,FLD1,A,4,5,2,A,173.00,346.00,DIST-OPEN,,AVAIL,N,10
250809A,FLD2,B,1,30,30,A,173.00,5190.00,KILL,,AVAIL,Y,20
250809A,FLD2,A,18,23,6,A,173.00,1038.00,DIST-OPEN,,AVAIL,N,20
250809A,FLD2,A,1,6,6,A,173.00,1038.00,BIZDEV,,AVAIL,N,20
250809A,R25,NN,1,24,24,E,29.00,696.00,DRESS,,AVAIL,N,520
250809A,R25,CC,1,21,21,E,29.00,609.00,DRESS,,AVAIL,N,520
250809A,R25,GG,9,22,14,E,29.00,406.00,DRESS,,AVAIL,N,520
250809A,R25,OO,1,25,25,E,29.00,725.00,DRESS,,AVAIL,N,520
250809A,R25,PP,1,25,25,E,29.00,725.00,DRESS,,AVAIL,N,520
250809A,R25,DD,1,1,1,E,29.00,29.00,DOQ-VETTX1HOLD,VETTX1HOLD,AVAIL,N,520
250809A,R25,KK,1,23,23,E,29.00,667.00,DRESS,,AVAIL,N,520
250809A,R25,LL,1,24,24,E,29.00,696.00,DRESS,,AVAIL,N,520
250809A,R25,P,9,10,2,E,29.00,58.00,DIST-OPEN,,AVAIL,N,510
250809A,R25,U,4,13,10,E,29.00,290.00,DRESS,,AVAIL,N,510
250809A,R25,S,4,14,11,E,29.00,319.00,DRESS,,AVAIL,N,510
250809A,R25,AA,6,6,1,E,29.00,29.00,DIST-OPEN,,AVAIL,N,520
250809A,R25,T,4,10,7,E,29.00,203.00,DIST-OPEN,,AVAIL,N,510
250809A,R25,BB,6,10,5,E,29.00,145.00,DIST-OPEN,,AVAIL,N,520
250809A,R25,R,5,13,9,E,29.00,261.00,DIST-OPEN,,AVAIL,N,510
250809A,R25,O,5,7,3,E,29.00,87.00,DIST-OPEN,,AVAIL,N,510
250809A,R25,Z,1,20,20,E,29.00,580.00,DRESS,,AVAIL,N,510
250809A,R25,W,1,19,19,E,29.00,551.00,DRESS,,AVAIL,N,510
250809A,R25,X,1,19,19,E,29.00,551.00,DRESS,,AVAIL,N,510
250809A,R25,HH,3,19,17,E,29.00,493.00,DIST-OPEN,,AVAIL,N,520
250809A,R25,II,1,23,23,E,29.00,667.00,DRESS,,AVAIL,N,520
250809A,R25,JJ,1,23,23,E,29.00,667.00,DRESS,,AVAIL,N,520
250809A,R25,MM,1,24,24,E,29.00,696.00,DRESS,,AVAIL,N,520
250809A,R25,Y,1,19,19,E,29.00,551.00,DRESS,,AVAIL,N,510
250809A,R26,NN,1,24,24,E,29.00,696.00,DRESS,,AVAIL,N,540
250809A,R26,II,1,23,23,E,29.00,667.00,DOQ-VETTX1HOLD,VETTX1HOLD,AVAIL,N,540
250809A,R26,GG,1,14,14,E,29.00,406.00,DOQ-VETTX1HOLD,VETTX1HOLD,AVAIL,N,540
250809A,R26,CC,1,21,21,E,29.00,609.00,DRESS,,AVAIL,N,540
250809A,R26,DD,1,21,21,E,29.00,609.00,DRESS,,AVAIL,N,540
250809A,R26,OO,1,25,25,E,29.00,725.00,DRESS,,AVAIL,N,540
250809A,R26,PP,1,25,25,E,29.00,725.00,DRESS,,AVAIL,N,540
250809A,R26,AA,15,16,2,E,29.00,58.00,DIST-OPEN,,AVAIL,N,540
250809A,R26,KK,1,23,23,E,29.00,667.00,DRESS,,AVAIL,N,540
250809A,R26,LL,1,24,24,E,29.00,696.00,DRESS,,AVAIL,N,540
250809A,R26,P,10,10,1,E,29.00,29.00,DIST-OPEN,,AVAIL,N,530
250809A,R26,FF,1,18,18,E,29.00,522.00,DIST-OPEN,,AVAIL,N,540
250809A,R26,BB,1,20,20,E,29.00,580.00,DIST-OPEN,,AVAIL,N,540
250809A,R26,T,6,10,5,E,29.00,145.00,DIST-OPEN,,AVAIL,N,530
250809A,R26,EE,1,21,21,E,29.00,609.00,DIST-OPEN,,AVAIL,N,540
250809A,R26,V,6,15,10,E,29.00,290.00,DIST-OPEN,,AVAIL,N,530
250809A,R26,U,4,15,12,E,29.00,348.00,DRESS,,AVAIL,N,530
250809A,R26,S,4,12,9,E,29.00,261.00,DRESS,,AVAIL,N,530
250809A,R26,Q,5,15,11,E,29.00,319.00,DRESS,,AVAIL,N,530
250809A,R26,R,13,15,3,E,29.00,87.00,DIST-OPEN,,AVAIL,N,530
250809A,R26,P,5,5,1,E,29.00,29.00,DIST-OPEN,,AVAIL,N,530
250809A,R26,Y,1,19,19,E,29.00,551.00,DRESS,,AVAIL,N,530
250809A,R26,Z,1,20,20,E,29.00,580.00,DRESS,,AVAIL,N,530
250809A,R26,HH,1,22,22,E,29.00,638.00,DIST-OPEN,,AVAIL,N,540
250809A,R26,W,1,17,17,E,29.00,493.00,DRESS,,AVAIL,N,530
250809A,R26,JJ,1,23,23,E,29.00,667.00,DRESS,,AVAIL,N,540
250809A,R26,MM,1,24,24,E,29.00,696.00,DRESS,,AVAIL,N,540
250809A,R26,X,1,15,15,E,29.00,435.00,DRESS,,AVAIL,N,530
250809A,R27,NN,1,21,21,D,46.00,966.00,DRESS,,AVAIL,N,560
250809A,R27,MM,1,21,21,D,46.00,966.00,DRESS,,AVAIL,N,560
250809A,R27,CC,1,21,21,D,46.00,966.00,DRESS,,AVAIL,N,560
250809A,R27,DD,1,21,21,D,46.00,966.00,DRESS,,AVAIL,N,560
250809A,R27,OO,1,21,21,D,46.00,966.00,DRESS,,AVAIL,N,560
250809A,R27,PP,1,21,21,D,46.00,966.00,DRESS,,AVAIL,N,560
250809A,R27,KK,1,21,21,D,46.00,966.00,DRESS,,AVAIL,N,560
250809A,R27,LL,1,21,21,D,46.00,966.00,DRESS,,AVAIL,N,560
250809A,R27,FF,1,21,21,D,46.00,966.00,DIST-OPEN,,AVAIL,N,560
250809A,R27,BB,1,21,21,D,46.00,966.00,DIST-OPEN,,AVAIL,N,560
250809A,R27,EE,1,21,21,D,46.00,966.00,DIST-OPEN,,AVAIL,N,560
250809A,R27,AA,1,21,21,D,46.00,966.00,DIST-OPEN,,AVAIL,N,560
250809A,R27,V,4,18,15,D,46.00,690.00,DIST-OPEN,,AVAIL,N,550
250809A,R27,T,10,18,9,D,46.00,414.00,DIST-OPEN,,AVAIL,N,550
250809A,R27,Y,9,10,2,D,46.00,92.00,DRESS,,AVAIL,N,550
250809A,R27,GG,1,21,21,D,46.00,966.00,DRESS,,AVAIL,N,560
250809A,R27,HH,1,21,21,D,46.00,966.00,DIST-OPEN,,AVAIL,N,560
250809A,R27,X,11,21,11,D,46.00,506.00,DRESS,,AVAIL,N,550
250809A,R27,Y,15,18,4,D,46.00,184.00,DRESS,,AVAIL,N,550
250809A,R27,II,1,21,21,D,46.00,966.00,DRESS,,AVAIL,N,560
250809A,R27,JJ,1,21,21,D,46.00,966.00,DRESS,,AVAIL,N,560
250809A,R28,CC,1,21,21,D,46.00,966.00,DRESS,,AVAIL,N,580
250809A,R28,DD,1,21,21,D,46.00,966.00,DRESS,,AVAIL,N,580
250809A,R28,PP,1,21,21,D,46.00,966.00,DRESS,,AVAIL,N,580
250809A,R28,OO,1,21,21,D,46.00,966.00,DRESS,,AVAIL,N,580
250809A,R28,KK,1,21,21,D,46.00,966.00,DRESS,,AVAIL,N,580
250809A,R28,LL,1,21,21,D,46.00,966.00,DRESS,,AVAIL,N,580
250809A,R28,EE,1,21,21,D,46.00,966.00,DIST-OPEN,,AVAIL,N,580
250809A,R28,BB,1,21,21,D,46.00,966.00,DIST-OPEN,,AVAIL,N,580
250809A,R28,AA,1,6,6,D,46.00,276.00,DIST-OPEN,,AVAIL,N,580
250809A,R28,FF,1,21,21,D,46.00,966.00,DIST-OPEN,,AVAIL,N,580
250809A,R28,V,4,18,15,D,46.00,690.00,DIST-OPEN,,AVAIL,N,570
250809A,R28,P,1,17,17,D,46.00,782.00,DIST-OPEN,,AVAIL,N,570
250809A,R28,T,4,16,13,D,46.00,598.00,DIST-OPEN,,AVAIL,N,570
250809A,R28,R,1,19,19,D,46.00,874.00,DIST-OPEN,,AVAIL,N,570
250809A,R28,U,4,18,15,D,46.00,690.00,DRESS,,AVAIL,N,570
250809A,R28,S,4,18,15,D,46.00,690.00,DRESS,,AVAIL,N,570
250809A,R28,Q,1,14,14,D,46.00,644.00,DRESS,,AVAIL,N,570
250809A,R28,GG,1,21,21,D,46.00,966.00,DRESS,,AVAIL,N,580
250809A,R28,Y,1,6,6,D,46.00,276.00,DRESS,,AVAIL,N,570
250809A,R28,Z,1,6,6,D,46.00,276.00,DRESS,,AVAIL,N,570
250809A,R28,HH,1,21,21,D,46.00,966.00,DIST-OPEN,,AVAIL,N,580
250809A,R28,W,1,6,6,D,46.00,276.00,DRESS,,AVAIL,N,570
250809A,R28,X,1,6,6,D,46.00,276.00,DRESS,,AVAIL,N,570
250809A,R28,II,1,21,21,D,46.00,966.00,DRESS,,AVAIL,N,580
250809A,R28,JJ,1,21,21,D,46.00,966.00,DRESS,,AVAIL,N,580
250809A,R28,MM,1,21,21,D,46.00,966.00,DRESS,,AVAIL,N,580
250809A,R28,NN,1,21,21,D,46.00,966.00,DRESS,,AVAIL,N,580
250809A,R29,NN,1,21,21,D,46.00,966.00,DRESS,,AVAIL,N,600
250809A,R29,OO,1,21,21,D,46.00,966.00,DRESS,,AVAIL,N,600
250809A,R29,PP,1,21,21,D,46.00,966.00,DRESS,,AVAIL,N,600
250809A,R29,KK,1,21,21,D,46.00,966.00,DRESS,,AVAIL,N,600
250809A,R29,LL,1,21,21,D,46.00,966.00,DRESS,,AVAIL,N,600
250809A,R29,L,10,10,1,C,52.00,52.00,DIST-OPEN,,AVAIL,N,590
250809A,R29,O,3,10,8,C,52.00,416.00,DIST-OPEN,,AVAIL,N,590
250809A,R29,M,3,4,2,C,52.00,104.00,DIST-OPEN,,AVAIL,N,590
250809A,R29,N,5,7,3,C,52.00,156.00,DIST-OPEN,,AVAIL,N,590
250809A,R29,FF,1,21,21,D,46.00,966.00,DIST-OPEN,,AVAIL,N,600
250809A,R29,EE,1,16,16,D,46.00,736.00,DIST-OPEN,,AVAIL,N,600
250809A,R29,P,5,13,9,C,52.00,468.00,DIST-OPEN,,AVAIL,N,590
250809A,R29,T,4,18,15,C,52.00,780.00,DIST-OPEN,,AVAIL,N,590
250809A,R29,V,4,18,15,C,52.00,780.00,DIST-OPEN,,AVAIL,N,590
250809A,R29,R,11,18,8,C,52.00,416.00,DIST-OPEN,,AVAIL,N,590
250809A,R29,U,4,18,15,C,52.00,780.00,DRESS,,AVAIL,N,590
250809A,R29,S,4,16,13,C,52.00,676.00,DRESS,,AVAIL,N,590
250809A,R29,Q,7,15,9,C,52.00,468.00,DRESS,,AVAIL,N,590
250809A,R29,GG,1,21,21,D,46.00,966.00,DRESS,,AVAIL,N,600
250809A,R29,Z,1,18,18,C,52.00,936.00,DRESS,,AVAIL,N,590
250809A,R29,L,13,16,4,C,52.00,208.00,OPEN,,AVAIL,N,590
250809A,R29,W,1,18,18,C,52.00,936.00,DRESS,,AVAIL,N,590
250809A,R29,X,1,21,21,C,52.00,1092.00,DRESS,,AVAIL,N,590
250809A,R29,HH,1,21,21,D,46.00,966.00,DIST-OPEN,,AVAIL,N,600
250809A,R29,L,5,5,1,C,52.00,52.00,DIST-OPEN,,AVAIL,N,590
250809A,R29,II,1,21,21,D,46.00,966.00,DRESS,,AVAIL,N,600
250809A,R29,JJ,1,21,21,D,46.00,966.00,DRESS,,AVAIL,N,600
250809A,R29,MM,1,21,21,D,46.00,966.00,DRESS,,AVAIL,N,600
250809A,R29,Y,1,21,21,C,52.00,1092.00,DRESS,,AVAIL,N,590
250809A,R30,OO,1,21,21,C,52.00,1092.00,DRESS,,AVAIL,N,620
250809A,R30,PP,1,21,21,C,52.00,1092.00,DRESS,,AVAIL,N,620
250809A,R30,KK,1,21,21,C,52.00,1092.00,DRESS,,AVAIL,N,620
250809A,R30,LL,1,21,21,C,52.00,1092.00,DRESS,,AVAIL,N,620
250809A,R30,FF,1,21,21,C,52.00,1092.00,DIST-OPEN,,AVAIL,N,620
250809A,R30,T,4,16,13,B,69.00,897.00,DIST-OPEN,,AVAIL,N,610
250809A,R30,V,4,18,15,B,69.00,1035.00,DIST-OPEN,,AVAIL,N,610
250809A,R30,EE,5,21,17,C,52.00,884.00,DIST-OPEN,,AVAIL,N,620
250809A,R30,R,1,19,19,B,69.00,1311.00,DIST-OPEN,,AVAIL,N,610
250809A,R30,P,7,17,11,B,69.00,759.00,DIST-OPEN,,AVAIL,N,610
250809A,R30,U,4,18,15,B,69.00,1035.00,DRESS,,AVAIL,N,610
250809A,R30,S,4,14,11,B,69.00,759.00,DRESS,,AVAIL,N,610
250809A,R30,Q,5,19,15,B,69.00,1035.00,DRESS,,AVAIL,N,610
250809A,R30,GG,1,21,21,C,52.00,1092.00,DRESS,,AVAIL,N,620
250809A,R30,Z,1,21,21,B,69.00,1449.00,DRESS,,AVAIL,N,610
250809A,R30,W,1,21,21,B,69.00,1449.00,DRESS,,AVAIL,N,610
250809A,R30,HH,1,21,21,C,52.00,1092.00,DIST-OPEN,,AVAIL,N,620
250809A,R30,X,1,21,21,B,69.00,1449.00,DRESS,,AVAIL,N,610
250809A,R30,II,1,21,21,C,52.00,1092.00,DRESS,,AVAIL,N,620
250809A,R30,JJ,1,21,21,C,52.00,1092.00,DRESS,,AVAIL,N,620
250809A,R30,MM,1,21,21,C,52.00,1092.00,DRESS,,AVAIL,N,620
250809A,R30,L,1,1,1,B,69.00,69.00,DIST-OPEN,,AVAIL,N,610
250809A,R30,Y,1,21,21,B,69.00,1449.00,DRESS,,AVAIL,N,610
250809A,R30,NN,1,21,21,C,52.00,1092.00,DRESS,,AVAIL,N,620
250809A,R31,NN,1,21,21,C,52.00,1092.00,DRESS,,AVAIL,N,640
250809A,R31,GG,1,21,21,C,52.00,1092.00,DRESS,,AVAIL,N,640
250809A,R31,OO,1,21,21,C,52.00,1092.00,DRESS,,AVAIL,N,640
250809A,R31,PP,3,19,17,C,52.00,884.00,DRESS,,AVAIL,N,640
250809A,R31,KK,1,21,21,C,52.00,1092.00,DRESS,,AVAIL,N,640
250809A,R31,EE,13,16,4,C,52.00,208.00,DIST-OPEN,,AVAIL,N,640
250809A,R31,LL,1,21,21,C,52.00,1092.00,DRESS,,AVAIL,N,640
250809A,R31,T,12,16,5,B,69.00,345.00,DIST-OPEN,,AVAIL,N,630
250809A,R31,FF,5,17,13,C,52.00,676.00,DIST-OPEN,,AVAIL,N,640
250809A,R31,V,10,15,6,B,69.00,414.00,DIST-OPEN,,AVAIL,N,630
250809A,R31,EE,3,10,8,C,52.00,416.00,DIST-OPEN,,AVAIL,N,640
250809A,R31,U,4,18,15,B,69.00,1035.00,DRESS,,AVAIL,N,630
250809A,R31,Q,11,17,7,B,69.00,483.00,DRESS,,AVAIL,N,630
250809A,R31,W,13,19,7,B,69.00,483.00,DRESS,,AVAIL,N,630
250809A,R31,Z,4,21,18,B,69.00,1242.00,DRESS,,AVAIL,N,630
250809A,R31,W,4,10,7,B,69.00,483.00,DRESS,,AVAIL,N,630
250809A,R31,X,1,21,21,B,69.00,1449.00,DRESS,,AVAIL,N,630
250809A,R31,HH,1,14,14,C,52.00,728.00,DIST-OPEN,,AVAIL,N,640
250809A,R31,II,11,21,11,C,52.00,572.00,DRESS,,AVAIL,N,640
250809A,R31,II,5,8,4,C,52.00,208.00,DRESS,,AVAIL,N,640
250809A,R31,JJ,1,21,21,C,52.00,1092.00,DRESS,,AVAIL,N,640
250809A,R31,MM,1,21,21,C,52.00,1092.00,DRESS,,AVAIL,N,640
250809A,R31,CC,20,20,1,C,52.00,52.00,DIST-OPEN,,AVAIL,N,640
250809A,R31,Y,1,21,21,B,69.00,1449.00,DRESS,,AVAIL,N,630
250809A,R32,CC,1,21,21,C,52.00,1092.00,DRESS,,AVAIL,N,660
250809A,R32,DD,1,21,21,C,52.00,1092.00,DRESS,,AVAIL,N,660
250809A,R32,GG,1,21,21,C,52.00,1092.00,DRESS,,AVAIL,N,660
250809A,R32,PP,1,21,21,C,52.00,1092.00,DRESS,,AVAIL,N,660
250809A,R32,KK,1,21,21,C,52.00,1092.00,DRESS,,AVAIL,N,660
250809A,R32,LL,1,21,21,C,52.00,1092.00,DRESS,,AVAIL,N,660
250809A,R32,OO,1,21,21,C,52.00,1092.00,DRESS,,AVAIL,N,660
250809A,R32,M,5,5,1,B,69.00,69.00,DIST-OPEN,,AVAIL,N,650
250809A,R32,BB,3,17,15,C,52.00,780.00,DIST-OPEN,,AVAIL,N,660
250809A,R32,O,3,15,13,B,69.00,897.00,DIST-OPEN,,AVAIL,N,650
250809A,R32,AA,9,17,9,C,52.00,468.00,DIST-OPEN,,AVAIL,N,660
250809A,R32,N,16,19,4,B,69.00,276.00,DIST-OPEN,,AVAIL,N,650
250809A,R32,R,4,11,8,B,69.00,552.00,DIST-OPEN,,AVAIL,N,650
250809A,R32,FF,5,21,17,C,52.00,884.00,DIST-OPEN,,AVAIL,N,660
250809A,R32,EE,1,21,21,C,52.00,1092.00,DIST-OPEN,,AVAIL,N,660
250809A,R32,T,6,18,13,B,69.00,897.00,DIST-OPEN,,AVAIL,N,650
250809A,R32,R,14,17,4,B,69.00,276.00,DIST-OPEN,,AVAIL,N,650
250809A,R32,P,5,17,13,B,69.00,897.00,DIST-OPEN,,AVAIL,N,650
250809A,R32,V,4,18,15,B,69.00,1035.00,DIST-OPEN,,AVAIL,N,650
250809A,R32,U,4,18,15,B,69.00,1035.00,DRESS,,AVAIL,N,650
250809A,R32,S,4,18,15,B,69.00,1035.00,DRESS,,AVAIL,N,650
250809A,R32,Q,1,21,21,B,69.00,1449.00,DRESS,,AVAIL,N,650
250809A,R32,Z,1,21,21,B,69.00,1449.00,DRESS,,AVAIL,N,650
250809A,R32,W,1,21,21,B,69.00,1449.00,DRESS,,AVAIL,N,650
250809A,R32,X,1,21,21,B,69.00,1449.00,DRESS,,AVAIL,N,650
250809A,R32,HH,1,21,21,C,52.00,1092.00,DIST-OPEN,,AVAIL,N,660
250809A,R32,II,1,21,21,C,52.00,1092.00,DRESS,,AVAIL,N,660
250809A,R32,JJ,1,21,21,C,52.00,1092.00,DRESS,,AVAIL,N,660
250809A,R32,MM,1,21,21,C,52.00,1092.00,DRESS,,AVAIL,N,660
250809A,R32,Y,1,21,21,B,69.00,1449.00,DRESS,,AVAIL,N,650
250809A,R32,NN,1,21,21,C,52.00,1092.00,DRESS,,AVAIL,N,660
250809A,R33,Y,14,21,8,J,46.00,368.00,SUPPORTERS,,AVAIL,N,670
250809A,R33,S,7,18,12,J,46.00,552.00,SUPPORTERS,,AVAIL,N,670
250809A,R33,Q,15,17,3,J,46.00,138.00,SUPPORTERS,,AVAIL,N,670
250809A,R33,P,9,17,9,J,46.00,414.00,SUPPORTERS,,AVAIL,N,670
250809A,R33,O,10,17,8,J,46.00,368.00,SUPPORTERS,,AVAIL,N,670
250809A,R33,N,6,21,16,J,46.00,736.00,SUPPORTERS,,AVAIL,N,670
250809A,R33,M,7,21,15,J,46.00,690.00,SUPPORTERS,,AVAIL,N,670
250809A,R33,Z,1,19,19,J,46.00,874.00,SUPPORTERS,,AVAIL,N,670
250809A,R33,Y,1,11,11,J,46.00,506.00,SUPPORTERS,,AVAIL,N,670
250809A,R33,X,1,21,21,J,46.00,966.00,SUPPORTERS,,AVAIL,N,670
250809A,R33,W,11,21,11,J,46.00,506.00,SUPPORTERS,,AVAIL,N,670
250809A,R33,PP,1,21,21,K,29.00,609.00,SUPPORTERS,,AVAIL,N,680
250809A,R33,OO,1,21,21,K,29.00,609.00,SUPPORTERS,,AVAIL,N,680
250809A,R33,NN,1,21,21,K,29.00,609.00,SUPPORTERS,,AVAIL,N,680
250809A,R33,MM,1,21,21,K,29.00,609.00,SUPPORTERS,,AVAIL,N,680
250809A,R33,LL,1,21,21,K,29.00,609.00,SUPPORTERS,,AVAIL,N,680
250809A,R33,KK,1,21,21,K,29.00,609.00,SUPPORTERS,,AVAIL,N,680
250809A,R33,JJ,1,21,21,K,29.00,609.00,SUPPORTERS,,AVAIL,N,680
250809A,R33,II,1,21,21,K,29.00,609.00,SUPPORTERS,,AVAIL,N,680
250809A,R33,HH,1,21,21,K,29.00,609.00,SUPPORTERS,,AVAIL,N,680
250809A,R33,GG,1,21,21,K,29.00,609.00,SUPPORTERS,,AVAIL,N,680
250809A,R33,FF,1,21,21,K,29.00,609.00,SUPPORTERS,,AVAIL,N,680
250809A,R33,CC,1,21,21,K,29.00,609.00,SUPPORTERS,,AVAIL,N,680
250809A,R33,BB,3,21,19,K,29.00,551.00,SUPPORTERS,,AVAIL,N,680
250809A,R33,AA,5,21,17,K,29.00,493.00,SUPPORTERS,,AVAIL,N,680
250809A,R34,DD,1,21,21,D,46.00,966.00,DRESS,,AVAIL,N,700
250809A,R34,CC,1,21,21,D,46.00,966.00,DRESS,,AVAIL,N,700
250809A,R34,GG,1,21,21,D,46.00,966.00,DRESS,,AVAIL,N,700
250809A,R34,OO,1,21,21,D,46.00,966.00,DRESS,,AVAIL,N,700
250809A,R34,PP,1,21,21,D,46.00,966.00,DRESS,,AVAIL,N,700
250809A,R34,KK,1,21,21,D,46.00,966.00,DRESS,,AVAIL,N,700
250809A,R34,LL,1,21,21,D,46.00,966.00,DRESS,,AVAIL,N,700
250809A,R34,O,1,21,21,D,46.00,966.00,DIST-OPEN,,AVAIL,N,690
250809A,R34,N,9,15,7,D,46.00,322.00,DIST-OPEN,,AVAIL,N,690
250809A,R34,M,9,9,1,D,46.00,46.00,DIST-OPEN,,AVAIL,N,690
250809A,R34,M,12,12,1,D,46.00,46.00,DIST-OPEN,,AVAIL,N,690
250809A,R34,FF,1,12,12,D,46.00,552.00,DIST-OPEN,,AVAIL,N,700
250809A,R34,FF,14,21,8,D,46.00,368.00,DIST-OPEN,,AVAIL,N,700
250809A,R34,BB,1,21,21,D,46.00,966.00,DIST-OPEN,,AVAIL,N,700
250809A,R34,EE,1,21,21,D,46.00,966.00,DIST-OPEN,,AVAIL,N,700
250809A,R34,V,9,11,3,D,46.00,138.00,DIST-OPEN,,AVAIL,N,690
250809A,R34,T,4,18,15,D,46.00,690.00,DIST-OPEN,,AVAIL,N,690
250809A,R34,V,14,16,3,D,46.00,138.00,DIST-OPEN,,AVAIL,N,690
250809A,R34,P,1,4,4,D,46.00,184.00,DIST-OPEN,,AVAIL,N,690
250809A,R34,P,6,17,12,D,46.00,552.00,DIST-OPEN,,AVAIL,N,690
250809A,R34,AA,1,17,17,D,46.00,782.00,DIST-OPEN,,AVAIL,N,700
250809A,R34,R,1,21,21,D,46.00,966.00,DIST-OPEN,,AVAIL,N,690
250809A,R34,U,4,18,15,D,46.00,690.00,DRESS,,AVAIL,N,690
250809A,R34,S,8,18,11,D,46.00,506.00,DRESS,,AVAIL,N,690
250809A,R34,Q,5,21,17,D,46.00,782.00,DRESS,,AVAIL,N,690
250809A,R34,W,1,18,18,D,46.00,828.00,DRESS,,AVAIL,N,690
250809A,R34,Z,1,21,21,D,46.00,966.00,DRESS,,AVAIL,N,690
250809A,R34,HH,1,21,21,D,46.00,966.00,DIST-OPEN,,AVAIL,N,700
250809A,R34,X,1,11,11,D,46.00,506.00,DRESS,,AVAIL,N,690
250809A,R34,II,1,21,21,D,46.00,966.00,DRESS,,AVAIL,N,700
250809A,R34,JJ,1,21,21,D,46.00,966.00,DRESS,,AVAIL,N,700
250809A,R34,MM,1,21,21,D,46.00,966.00,DRESS,,AVAIL,N,700
250809A,R34,Y,1,11,11,D,46.00,506.00,DRESS,,AVAIL,N,690
250809A,R34,NN,1,21,21,D,46.00,966.00,DRESS,,AVAIL,N,700
250809A,R35,NN,1,21,21,D,46.00,966.00,DRESS,,AVAIL,N,730
250809A,R35,DD,1,21,21,D,46.00,966.00,DRESS,,AVAIL,N,730
250809A,R35,CC,1,21,21,D,46.00,966.00,DRESS,,AVAIL,N,730
250809A,R35,OO,1,21,21,D,46.00,966.00,DRESS,,AVAIL,N,730
250809A,R35,PP,1,21,21,D,46.00,966.00,DRESS,,AVAIL,N,730
250809A,R35,KK,1,21,21,D,46.00,966.00,DRESS,,AVAIL,N,730
250809A,R35,LL,1,21,21,D,46.00,966.00,DRESS,,AVAIL,N,730
250809A,R35,R,1,21,21,D,46.00,966.00,DIST-OPEN,,AVAIL,N,720
250809A,R35,EE,1,21,21,D,46.00,966.00,DIST-OPEN,,AVAIL,N,730
250809A,R35,V,4,18,15,D,46.00,690.00,DIST-OPEN,,AVAIL,N,720
250809A,R35,BB,1,21,21,D,46.00,966.00,DIST-OPEN,,AVAIL,N,730
250809A,R35,FF,1,21,21,D,46.00,966.00,DIST-OPEN,,AVAIL,N,730
250809A,R35,T,4,18,15,D,46.00,690.00,DIST-OPEN,,AVAIL,N,720
250809A,R35,P,1,21,21,D,46.00,966.00,DIST-OPEN,,AVAIL,N,720
250809A,R35,O,4,18,15,D,46.00,690.00,DIST-OPEN,,AVAIL,N,720
250809A,R35,U,4,18,15,D,46.00,690.00,DRESS,,AVAIL,N,720
250809A,R35,S,4,18,15,D,46.00,690.00,DRESS,,AVAIL,N,720
250809A,R35,Q,1,21,21,D,46.00,966.00,DRESS,,AVAIL,N,720
250809A,R35,GG,1,21,21,D,46.00,966.00,DRESS,,AVAIL,N,730
250809A,R35,Z,1,21,21,D,46.00,966.00,DRESS,,AVAIL,N,720
250809A,R35,HH,1,21,21,D,46.00,966.00,DIST-OPEN,,AVAIL,N,730
250809A,R35,W,1,21,21,D,46.00,966.00,DRESS,,AVAIL,N,720
250809A,R35,X,1,21,21,D,46.00,966.00,DRESS,,AVAIL,N,720
250809A,R35,Y,1,21,21,D,46.00,966.00,DRESS,,AVAIL,N,720
250809A,R35,II,1,21,21,D,46.00,966.00,DRESS,,AVAIL,N,730
250809A,R35,JJ,1,21,21,D,46.00,966.00,DRESS,,AVAIL,N,730
250809A,R35,MM,1,21,21,D,46.00,966.00,DRESS,,AVAIL,N,730
250809A,R36,DD,1,21,21,E,29.00,609.00,DRESS,,AVAIL,N,760
250809A,R36,CC,1,21,21,E,29.00,609.00,DRESS,,AVAIL,N,760
250809A,R36,OO,1,21,21,E,29.00,609.00,DRESS,,AVAIL,N,760
250809A,R36,PP,1,21,21,E,29.00,609.00,DRESS,,AVAIL,N,760
250809A,R36,EE,1,2,2,E,29.00,58.00,DOQ-VETTX1HOLD,VETTX1HOLD,AVAIL,N,760
250809A,R36,N,7,17,11,E,29.00,319.00,DOQ-WHEELCHAIR,WCACC,AVAIL,N,740
250809A,R36,KK,1,21,21,E,29.00,609.00,DRESS,,AVAIL,N,760
250809A,R36,LL,20,21,2,E,29.00,58.00,DRESS,,AVAIL,N,760
250809A,R36,LL,1,18,18,E,29.00,522.00,DRESS,,AVAIL,N,760
250809A,R36,FF,1,2,2,E,29.00,58.00,DOQ-VETTX1HOLD,VETTX1HOLD,AVAIL,N,760
250809A,R36,T,4,5,2,E,29.00,58.00,DIST-OPEN,,AVAIL,N,750
250809A,R36,V,4,14,11,E,29.00,319.00,DIST-OPEN,,AVAIL,N,750
250809A,R36,AA,7,19,13,E,29.00,377.00,DIST-OPEN,,AVAIL,N,760
250809A,R36,BB,1,21,21,E,29.00,609.00,DIST-OPEN,,AVAIL,N,760
250809A,R36,T,8,18,11,E,29.00,319.00,DIST-OPEN,,AVAIL,N,750
250809A,R36,R,8,21,14,E,29.00,406.00,DIST-OPEN,,AVAIL,N,750
250809A,R36,Q,11,21,11,E,29.00,319.00,DRESS,,AVAIL,N,750
250809A,R36,U,4,18,15,E,29.00,435.00,DRESS,,AVAIL,N,750
250809A,R36,S,4,18,15,E,29.00,435.00,DRESS,,AVAIL,N,750
250809A,R36,Q,1,4,4,E,29.00,116.00,DRESS,,AVAIL,N,750
250809A,R36,W,5,21,17,E,29.00,493.00,DRESS,,AVAIL,N,750
250809A,R36,GG,1,21,21,E,29.00,609.00,DRESS,,AVAIL,N,760
250809A,R36,Z,3,21,19,E,29.00,551.00,DRESS,,AVAIL,N,750
250809A,R36,HH,4,21,18,E,29.00,522.00,DIST-OPEN,,AVAIL,N,760
250809A,R36,X,5,21,17,E,29.00,493.00,DRESS,,AVAIL,N,750
250809A,R36,Y,9,21,13,E,29.00,377.00,DRESS,,AVAIL,N,750
250809A,R36,II,1,21,21,E,29.00,609.00,DRESS,,AVAIL,N,760
250809A,R36,JJ,1,21,21,E,29.00,609.00,DRESS,,AVAIL,N,760
250809A,R36,MM,3,21,19,E,29.00,551.00,DRESS,,AVAIL,N,760
250809A,R36,Y,3,5,3,E,29.00,87.00,DRESS,,AVAIL,N,750
250809A,R36,NN,3,21,19,E,29.00,551.00,DRESS,,AVAIL,N,760
250809A,R37,NN,1,21,21,E,29.00,609.00,DRESS,,AVAIL,N,790
250809A,R37,CC,1,21,21,E,29.00,609.00,DRESS,,AVAIL,N,790
250809A,R37,DD,1,21,21,E,29.00,609.00,DRESS,,AVAIL,N,790
250809A,R37,OO,1,21,21,E,29.00,609.00,DRESS,,AVAIL,N,790
250809A,R37,PP,1,9,9,E,29.00,261.00,DRESS,,AVAIL,N,790
250809A,R37,N,1,20,20,E,29.00,580.00,DOQ-WHEELCHAIR,WCACC,AVAIL,N,770
250809A,R37,KK,1,21,21,E,29.00,609.00,DRESS,,AVAIL,N,790
250809A,R37,LL,1,21,21,E,29.00,609.00,DRESS,,AVAIL,N,790
250809A,R37,P,1,21,21,E,29.00,609.00,DIST-OPEN,,AVAIL,N,780
250809A,R37,O,7,21,15,E,29.00,435.00,DIST-OPEN,,AVAIL,N,780
250809A,R37,BB,1,21,21,E,29.00,609.00,DIST-OPEN,,AVAIL,N,790
250809A,R37,FF,1,21,21,E,29.00,609.00,DIST-OPEN,,AVAIL,N,790
250809A,R37,EE,1,21,21,E,29.00,609.00,DIST-OPEN,,AVAIL,N,790
250809A,R37,V,4,18,15,E,29.00,435.00,DIST-OPEN,,AVAIL,N,780
250809A,R37,T,4,18,15,E,29.00,435.00,DIST-OPEN,,AVAIL,N,780
250809A,R37,R,1,21,21,E,29.00,609.00,DIST-OPEN,,AVAIL,N,780
250809A,R37,AA,1,21,21,E,29.00,609.00,DIST-OPEN,,AVAIL,N,790
250809A,R37,U,4,18,15,E,29.00,435.00,DRESS,,AVAIL,N,780
250809A,R37,S,4,18,15,E,29.00,435.00,DRESS,,AVAIL,N,780
250809A,R37,Q,1,21,21,E,29.00,609.00,DRESS,,AVAIL,N,780
250809A,R37,GG,1,21,21,E,29.00,609.00,DRESS,,AVAIL,N,790
250809A,R37,Z,1,21,21,E,29.00,609.00,DRESS,,AVAIL,N,780
250809A,R37,HH,1,21,21,E,29.00,609.00,DIST-OPEN,,AVAIL,N,790
250809A,R37,W,1,21,21,E,29.00,609.00,DRESS,,AVAIL,N,780
250809A,R37,X,1,21,21,E,29.00,609.00,DRESS,,AVAIL,N,780
250809A,R37,II,1,21,21,E,29.00,609.00,DRESS,,AVAIL,N,790
250809A,R37,JJ,1,21,21,E,29.00,609.00,DRESS,,AVAIL,N,790
250809A,R37,Y,1,21,21,E,29.00,609.00,DRESS,,AVAIL,N,780
250809A,R37,MM,1,21,21,E,29.00,609.00,DRESS,,AVAIL,N,790
250809A,STE1,GA0,15,25,11,L,240.00,2640.00,SUITES,,AVAIL,N,100
250809A,STE5,GA0,1,25,25,L,240.00,6000.00,SUITES,,AVAIL,N,100
250809A,STE6,GA0,1,25,25,L,240.00,6000.00,SUITES,,AVAIL,N,100
250809A,TSL,GA1,16,25,10,I,115.00,1150.00,FUTURE,,AVAIL,N,1160
250809AF,GA1,GA0,5,25,21,A,60.00,1260.00,OPEN,,AVAIL,N,10
250809AG,GA1,GA0,1,50,50,A,0,0,OPEN,,AVAIL,N,10
250809AM,GA1,GA0,6,7,2,A,50.00,100.00,OPEN,,AVAIL,N,10
250809AM,GA1,GA0,15,25,11,A,50.00,550.00,OPEN,,AVAIL,N,10
250809E,FLD1,A,7,9,3,A,230.00,690.00,DIST-OPEN,,AVAIL,N,10
250809E,FLD2,B,1,30,30,A,230.00,6900.00,KILL,,AVAIL,Y,20
250809E,FLD2,A,30,30,1,A,230.00,230.00,DIST-OPEN,,AVAIL,N,20
250809E,FLD2,A,15,27,13,A,230.00,2990.00,DIST-OPEN,,AVAIL,N,20
250809E,FLD2,A,1,6,6,A,230.00,1380.00,BIZDEV,,AVAIL,N,20
250809E,R25,CC,1,21,21,E,34.00,714.00,DRESS,,AVAIL,N,520
250809E,R25,GG,9,22,14,E,34.00,476.00,DRESS,,AVAIL,N,520
250809E,R25,OO,1,25,25,E,34.00,850.00,DRESS,,AVAIL,N,520
250809E,R25,PP,1,25,25,E,34.00,850.00,DRESS,,AVAIL,N,520
250809E,R25,DD,14,21,8,E,34.00,272.00,DOQ-VETTX1HOLD,VETTX1HOLD,AVAIL,N,520
250809E,R25,KK,1,23,23,E,34.00,782.00,DRESS,,AVAIL,N,520
250809E,R25,LL,1,24,24,E,34.00,816.00,DRESS,,AVAIL,N,520
250809E,R25,U,4,13,10,E,34.00,340.00,DRESS,,AVAIL,N,510
250809E,R25,S,4,14,11,E,34.00,374.00,DRESS,,AVAIL,N,510
250809E,R25,W,1,19,19,E,34.00,646.00,DRESS,,AVAIL,N,510
250809E,R25,AA,7,16,10,E,34.00,340.00,DIST-OPEN,,AVAIL,N,520
250809E,R25,BB,6,20,15,E,34.00,510.00,DIST-OPEN,,AVAIL,N,520
250809E,R25,T,4,14,11,E,34.00,374.00,DIST-OPEN,,AVAIL,N,510
250809E,R25,P,13,14,2,E,34.00,68.00,DIST-OPEN,,AVAIL,N,510
250809E,R25,R,6,17,12,E,34.00,408.00,DIST-OPEN,,AVAIL,N,510
250809E,R25,Z,1,20,20,E,34.00,680.00,DRESS,,AVAIL,N,510
250809E,R25,X,1,19,19,E,34.00,646.00,DRESS,,AVAIL,N,510
250809E,R25,HH,1,22,22,E,34.00,748.00,DIST-OPEN,,AVAIL,N,520
250809E,R25,II,1,23,23,E,34.00,782.00,DRESS,,AVAIL,N,520
250809E,R25,JJ,1,23,23,E,34.00,782.00,DRESS,,AVAIL,N,520
250809E,R25,MM,1,24,24,E,34.00,816.00,DRESS,,AVAIL,N,520
250809E,R25,Y,1,19,19,E,34.00,646.00,DRESS,,AVAIL,N,510
250809E,R25,NN,1,24,24,E,34.00,816.00,DRESS,,AVAIL,N,520
250809E,R26,JJ,1,23,23,E,34.00,782.00,DOQ-VETTX1HOLD,VETTX1HOLD,AVAIL,N,540
250809E,R26,LL,1,24,24,E,34.00,816.00,DOQ-VETTX1HOLD,VETTX1HOLD,AVAIL,N,540
250809E,R26,CC,1,21,21,E,34.00,714.00,DRESS,,AVAIL,N,540
250809E,R26,DD,1,21,21,E,34.00,714.00,DRESS,,AVAIL,N,540
250809E,R26,OO,1,25,25,E,34.00,850.00,DRESS,,AVAIL,N,540
250809E,R26,PP,1,25,25,E,34.00,850.00,DRESS,,AVAIL,N,540
250809E,R26,KK,1,23,23,E,34.00,782.00,DRESS,,AVAIL,N,540
250809E,R26,FF,1,18,18,E,34.00,612.00,DIST-OPEN,,AVAIL,N,540
250809E,R26,T,4,10,7,E,34.00,238.00,DIST-OPEN,,AVAIL,N,530
250809E,R26,EE,1,17,17,E,34.00,578.00,DIST-OPEN,,AVAIL,N,540
250809E,R26,BB,3,16,14,E,34.00,476.00,DIST-OPEN,,AVAIL,N,540
250809E,R26,V,4,15,12,E,34.00,408.00,DIST-OPEN,,AVAIL,N,530
250809E,R26,U,4,15,12,E,34.00,408.00,DRESS,,AVAIL,N,530
250809E,R26,S,4,12,9,E,34.00,306.00,DRESS,,AVAIL,N,530
250809E,R26,Q,5,15,11,E,34.00,374.00,DRESS,,AVAIL,N,530
250809E,R26,P,7,12,6,E,34.00,204.00,DIST-OPEN,,AVAIL,N,530
250809E,R26,R,1,15,15,E,34.00,510.00,DIST-OPEN,,AVAIL,N,530
250809E,R26,GG,1,22,22,E,34.00,748.00,DRESS,,AVAIL,N,540
250809E,R26,Z,1,20,20,E,34.00,680.00,DRESS,,AVAIL,N,530
250809E,R26,HH,1,22,22,E,34.00,748.00,DIST-OPEN,,AVAIL,N,540
250809E,R26,X,1,15,15,E,34.00,510.00,DRESS,,AVAIL,N,530
250809E,R26,W,1,17,17,E,34.00,578.00,DRESS,,AVAIL,N,530
250809E,R26,II,1,23,23,E,34.00,782.00,DRESS,,AVAIL,N,540
250809E,R26,Y,1,19,19,E,34.00,646.00,DRESS,,AVAIL,N,530
250809E,R26,MM,1,24,24,E,34.00,816.00,DRESS,,AVAIL,N,540
250809E,R26,NN,1,24,24,E,34.00,816.00,DRESS,,AVAIL,N,540
250809E,R27,CC,1,21,21,D,52.00,1092.00,DRESS,,AVAIL,N,560
250809E,R27,DD,1,21,21,D,52.00,1092.00,DRESS,,AVAIL,N,560
250809E,R27,GG,1,21,21,D,52.00,1092.00,DRESS,,AVAIL,N,560
250809E,R27,OO,1,21,21,D,52.00,1092.00,DRESS,,AVAIL,N,560
250809E,R27,PP,1,21,21,D,52.00,1092.00,DRESS,,AVAIL,N,560
250809E,R27,KK,1,21,21,D,52.00,1092.00,DRESS,,AVAIL,N,560
250809E,R27,LL,1,21,21,D,52.00,1092.00,DRESS,,AVAIL,N,560
250809E,R27,AA,1,21,21,D,52.00,1092.00,DIST-OPEN,,AVAIL,N,560
250809E,R27,BB,1,21,21,D,52.00,1092.00,DIST-OPEN,,AVAIL,N,560
250809E,R27,FF,1,21,21,D,52.00,1092.00,DIST-OPEN,,AVAIL,N,560
250809E,R27,EE,1,21,21,D,52.00,1092.00,DIST-OPEN,,AVAIL,N,560
250809E,R27,V,4,18,15,D,52.00,780.00,DIST-OPEN,,AVAIL,N,550
250809E,R27,T,10,18,9,D,52.00,468.00,DIST-OPEN,,AVAIL,N,550
250809E,R27,Y,9,10,2,D,52.00,104.00,DRESS,,AVAIL,N,550
250809E,R27,Y,15,18,4,D,52.00,208.00,DRESS,,AVAIL,N,550
250809E,R27,HH,1,21,21,D,52.00,1092.00,DIST-OPEN,,AVAIL,N,560
250809E,R27,X,11,21,11,D,52.00,572.00,DRESS,,AVAIL,N,550
250809E,R27,II,1,21,21,D,52.00,1092.00,DRESS,,AVAIL,N,560
250809E,R27,JJ,1,21,21,D,52.00,1092.00,DRESS,,AVAIL,N,560
250809E,R27,MM,1,21,21,D,52.00,1092.00,DRESS,,AVAIL,N,560
250809E,R27,NN,1,21,21,D,52.00,1092.00,DRESS,,AVAIL,N,560
250809E,R28,NN,1,21,21,D,52.00,1092.00,DRESS,,AVAIL,N,580
250809E,R28,CC,1,21,21,D,52.00,1092.00,DRESS,,AVAIL,N,580
250809E,R28,DD,1,21,21,D,52.00,1092.00,DRESS,,AVAIL,N,580
250809E,R28,GG,1,21,21,D,52.00,1092.00,DRESS,,AVAIL,N,580
250809E,R28,OO,1,21,21,D,52.00,1092.00,DRESS,,AVAIL,N,580
250809E,R28,PP,1,21,21,D,52.00,1092.00,DRESS,,AVAIL,N,580
250809E,R28,KK,1,21,21,D,52.00,1092.00,DRESS,,AVAIL,N,580
250809E,R28,LL,1,21,21,D,52.00,1092.00,DRESS,,AVAIL,N,580
250809E,R28,EE,1,21,21,D,52.00,1092.00,DIST-OPEN,,AVAIL,N,580
250809E,R28,BB,1,21,21,D,52.00,1092.00,DIST-OPEN,,AVAIL,N,580
250809E,R28,AA,5,6,2,D,52.00,104.00,DIST-OPEN,,AVAIL,N,580
250809E,R28,FF,1,21,21,D,52.00,1092.00,DIST-OPEN,,AVAIL,N,580
250809E,R28,V,6,13,8,D,52.00,416.00,DIST-OPEN,,AVAIL,N,570
250809E,R28,R,1,19,19,D,52.00,988.00,DIST-OPEN,,AVAIL,N,570
250809E,R28,P,10,12,3,D,52.00,156.00,DIST-OPEN,,AVAIL,N,570
250809E,R28,T,4,16,13,D,52.00,676.00,DIST-OPEN,,AVAIL,N,570
250809E,R28,U,4,18,15,D,52.00,780.00,DRESS,,AVAIL,N,570
250809E,R28,S,4,18,15,D,52.00,780.00,DRESS,,AVAIL,N,570
250809E,R28,Q,12,14,3,D,52.00,156.00,DRESS,,AVAIL,N,570
250809E,R28,W,1,6,6,D,52.00,312.00,DRESS,,AVAIL,N,570
250809E,R28,Z,1,6,6,D,52.00,312.00,DRESS,,AVAIL,N,570
250809E,R28,HH,1,21,21,D,52.00,1092.00,DIST-OPEN,,AVAIL,N,580
250809E,R28,X,1,6,6,D,52.00,312.00,DRESS,,AVAIL,N,570
250809E,R28,II,1,21,21,D,52.00,1092.00,DRESS,,AVAIL,N,580
250809E,R28,JJ,1,21,21,D,52.00,1092.00,DRESS,,AVAIL,N,580
250809E,R28,Y,1,6,6,D,52.00,312.00,DRESS,,AVAIL,N,570
250809E,R28,MM,1,21,21,D,52.00,1092.00,DRESS,,AVAIL,N,580
250809E,R29,NN,1,21,21,D,52.00,1092.00,DRESS,,AVAIL,N,600
250809E,R29,OO,1,21,21,D,52.00,1092.00,DRESS,,AVAIL,N,600
250809E,R29,PP,1,21,21,D,52.00,1092.00,DRESS,,AVAIL,N,600
250809E,R29,KK,1,21,21,D,52.00,1092.00,DRESS,,AVAIL,N,600
250809E,R29,LL,1,21,21,D,52.00,1092.00,DRESS,,AVAIL,N,600
250809E,R29,O,7,10,4,C,64.00,256.00,DIST-OPEN,,AVAIL,N,590
250809E,R29,EE,5,19,15,D,52.00,780.00,DIST-OPEN,,AVAIL,N,600
250809E,R29,FF,1,19,19,D,52.00,988.00,DIST-OPEN,,AVAIL,N,600
250809E,R29,R,4,18,15,C,64.00,960.00,DIST-OPEN,,AVAIL,N,590
250809E,R29,P,13,13,1,C,64.00,64.00,DIST-OPEN,,AVAIL,N,590
250809E,R29,V,4,18,15,C,64.00,960.00,DIST-OPEN,,AVAIL,N,590
250809E,R29,T,4,18,15,C,64.00,960.00,DIST-OPEN,,AVAIL,N,590
250809E,R29,U,4,18,15,C,64.00,960.00,DRESS,,AVAIL,N,590
250809E,R29,S,4,16,13,C,64.00,832.00,DRESS,,AVAIL,N,590
250809E,R29,GG,1,18,18,D,52.00,936.00,DRESS,,AVAIL,N,600
250809E,R29,Z,20,21,2,C,64.00,128.00,DRESS,,AVAIL,N,590
250809E,R29,Z,1,18,18,C,64.00,1152.00,DRESS,,AVAIL,N,590
250809E,R29,Y,1,21,21,C,64.00,1344.00,DRESS,,AVAIL,N,590
250809E,R29,L,13,16,4,C,64.00,256.00,OPEN,,AVAIL,N,590
250809E,R29,HH,1,16,16,D,52.00,832.00,DIST-OPEN,,AVAIL,N,600
250809E,R29,W,1,18,18,C,64.00,1152.00,DRESS,,AVAIL,N,590
250809E,R29,II,1,21,21,D,52.00,1092.00,DRESS,,AVAIL,N,600
250809E,R29,JJ,1,21,21,D,52.00,1092.00,DRESS,,AVAIL,N,600
250809E,R29,X,1,21,21,C,64.00,1344.00,DRESS,,AVAIL,N,590
250809E,R29,MM,1,21,21,D,52.00,1092.00,DRESS,,AVAIL,N,600
250809E,R30,NN,1,21,21,C,64.00,1344.00,DRESS,,AVAIL,N,620
250809E,R30,MM,1,21,21,C,64.00,1344.00,DRESS,,AVAIL,N,620
250809E,R30,OO,1,21,21,C,64.00,1344.00,DRESS,,AVAIL,N,620
250809E,R30,PP,1,21,21,C,64.00,1344.00,DRESS,,AVAIL,N,620
250809E,R30,KK,1,21,21,C,64.00,1344.00,DRESS,,AVAIL,N,620
250809E,R30,LL,1,21,21,C,64.00,1344.00,DRESS,,AVAIL,N,620
250809E,R30,EE,1,17,17,C,64.00,1088.00,DIST-OPEN,,AVAIL,N,620
250809E,R30,FF,1,21,21,C,64.00,1344.00,DIST-OPEN,,AVAIL,N,620
250809E,R30,P,10,12,3,B,75.00,225.00,DIST-OPEN,,AVAIL,N,610
250809E,R30,V,4,18,15,B,75.00,1125.00,DIST-OPEN,,AVAIL,N,610
250809E,R30,R,6,19,14,B,75.00,1050.00,DIST-OPEN,,AVAIL,N,610
250809E,R30,T,4,18,15,B,75.00,1125.00,DIST-OPEN,,AVAIL,N,610
250809E,R30,U,4,18,15,B,75.00,1125.00,DRESS,,AVAIL,N,610
250809E,R30,S,4,14,11,B,75.00,825.00,DRESS,,AVAIL,N,610
250809E,R30,Q,5,19,15,B,75.00,1125.00,DRESS,,AVAIL,N,610
250809E,R30,GG,1,21,21,C,64.00,1344.00,DRESS,,AVAIL,N,620
250809E,R30,X,1,21,21,B,75.00,1575.00,DRESS,,AVAIL,N,610
250809E,R30,Y,1,21,21,B,75.00,1575.00,DRESS,,AVAIL,N,610
250809E,R30,Z,1,21,21,B,75.00,1575.00,DRESS,,AVAIL,N,610
250809E,R30,HH,1,21,21,C,64.00,1344.00,DIST-OPEN,,AVAIL,N,620
250809E,R30,W,1,21,21,B,75.00,1575.00,DRESS,,AVAIL,N,610
250809E,R30,II,1,21,21,C,64.00,1344.00,DRESS,,AVAIL,N,620
250809E,R30,JJ,1,21,21,C,64.00,1344.00,DRESS,,AVAIL,N,620
250809E,R30,L,1,1,1,B,75.00,75.00,DIST-OPEN,,AVAIL,N,610
250809E,R31,NN,1,21,21,C,64.00,1344.00,DRESS,,AVAIL,N,640
250809E,R31,OO,1,21,21,C,64.00,1344.00,DRESS,,AVAIL,N,640
250809E,R31,PP,3,19,17,C,64.00,1088.00,DRESS,,AVAIL,N,640
250809E,R31,KK,1,21,21,C,64.00,1344.00,DRESS,,AVAIL,N,640
250809E,R31,LL,1,21,21,C,64.00,1344.00,DRESS,,AVAIL,N,640
250809E,R31,FF,5,19,15,C,64.00,960.00,DIST-OPEN,,AVAIL,N,640
250809E,R31,EE,10,17,8,C,64.00,512.00,DIST-OPEN,,AVAIL,N,640
250809E,R31,V,12,15,4,B,75.00,300.00,DIST-OPEN,,AVAIL,N,630
250809E,R31,P,11,11,1,B,75.00,75.00,DIST-OPEN,,AVAIL,N,630
250809E,R31,U,4,16,13,B,75.00,975.00,DRESS,,AVAIL,N,630
250809E,R31,Q,11,17,7,B,75.00,525.00,DRESS,,AVAIL,N,630
250809E,R31,GG,1,21,21,C,64.00,1344.00,DRESS,,AVAIL,N,640
250809E,R31,Y,1,21,21,B,75.00,1575.00,DRESS,,AVAIL,N,630
250809E,R31,Z,4,17,14,B,75.00,1050.00,DRESS,,AVAIL,N,630
250809E,R31,HH,1,17,17,C,64.00,1088.00,DIST-OPEN,,AVAIL,N,640
250809E,R31,W,13,19,7,B,75.00,525.00,DRESS,,AVAIL,N,630
250809E,R31,W,4,10,7,B,75.00,525.00,DRESS,,AVAIL,N,630
250809E,R31,X,1,21,21,B,75.00,1575.00,DRESS,,AVAIL,N,630
250809E,R31,II,1,8,8,C,64.00,512.00,DRESS,,AVAIL,N,640
250809E,R31,II,11,21,11,C,64.00,704.00,DRESS,,AVAIL,N,640
250809E,R31,JJ,1,21,21,C,64.00,1344.00,DRESS,,AVAIL,N,640
250809E,R31,CC,20,20,1,C,64.00,64.00,DIST-OPEN,,AVAIL,N,640
250809E,R31,MM,1,21,21,C,64.00,1344.00,DRESS,,AVAIL,N,640
250809E,R32,NN,1,21,21,C,64.00,1344.00,DRESS,,AVAIL,N,660
250809E,R32,CC,5,21,17,C,64.00,1088.00,DRESS,,AVAIL,N,660
250809E,R32,DD,5,21,17,C,64.00,1088.00,DRESS,,AVAIL,N,660
250809E,R32,OO,1,21,21,C,64.00,1344.00,DRESS,,AVAIL,N,660
250809E,R32,PP,1,21,21,C,64.00,1344.00,DRESS,,AVAIL,N,660
250809E,R32,KK,1,21,21,C,64.00,1344.00,DRESS,,AVAIL,N,660
250809E,R32,LL,1,21,21,C,64.00,1344.00,DRESS,,AVAIL,N,660
250809E,R32,AA,7,14,8,C,64.00,512.00,DIST-OPEN,,AVAIL,N,660
250809E,R32,BB,3,18,16,C,64.00,1024.00,DIST-OPEN,,AVAIL,N,660
250809E,R32,O,9,9,1,B,75.00,75.00,DIST-OPEN,,AVAIL,N,650
250809E,R32,N,5,5,1,B,75.00,75.00,DIST-OPEN,,AVAIL,N,650
250809E,R32,FF,5,21,17,C,64.00,1088.00,DIST-OPEN,,AVAIL,N,660
250809E,R32,EE,3,17,15,C,64.00,960.00,DIST-OPEN,,AVAIL,N,660
250809E,R32,R,14,17,4,B,75.00,300.00,DIST-OPEN,,AVAIL,N,650
250809E,R32,R,4,11,8,B,75.00,600.00,DIST-OPEN,,AVAIL,N,650
250809E,R32,T,6,18,13,B,75.00,975.00,DIST-OPEN,,AVAIL,N,650
250809E,R32,V,4,18,15,B,75.00,1125.00,DIST-OPEN,,AVAIL,N,650
250809E,R32,P,17,19,3,B,75.00,225.00,DIST-OPEN,,AVAIL,N,650
250809E,R32,U,4,18,15,B,75.00,1125.00,DRESS,,AVAIL,N,650
250809E,R32,S,4,18,15,B,75.00,1125.00,DRESS,,AVAIL,N,650
250809E,R32,Q,3,21,19,B,75.00,1425.00,DRESS,,AVAIL,N,650
250809E,R32,GG,1,21,21,C,64.00,1344.00,DRESS,,AVAIL,N,660
250809E,R32,Z,5,21,17,B,75.00,1275.00,DRESS,,AVAIL,N,650
250809E,R32,HH,1,21,21,C,64.00,1344.00,DIST-OPEN,,AVAIL,N,660
250809E,R32,W,1,21,21,B,75.00,1575.00,DRESS,,AVAIL,N,650
250809E,R32,II,1,21,21,C,64.00,1344.00,DRESS,,AVAIL,N,660
250809E,R32,MM,1,21,21,C,64.00,1344.00,DRESS,,AVAIL,N,660
250809E,R32,Y,7,21,15,B,75.00,1125.00,DRESS,,AVAIL,N,650
250809E,R32,X,1,21,21,B,75.00,1575.00,DRESS,,AVAIL,N,650
250809E,R32,JJ,1,21,21,C,64.00,1344.00,DRESS,,AVAIL,N,660
250809E,R33,BB,3,5,3,K,34.00,102.00,DOQ-VETTX1HOLD,VETTX1HOLD,AVAIL,N,680
250809E,R33,JJ,1,1,1,K,34.00,34.00,DOQ-VETTX1HOLD,VETTX1HOLD,AVAIL,N,680
250809E,R33,Y,14,21,8,J,52.00,416.00,SUPPORTERS,,AVAIL,N,670
250809E,R33,S,7,18,12,J,52.00,624.00,SUPPORTERS,,AVAIL,N,670
250809E,R33,Q,15,17,3,J,52.00,156.00,SUPPORTERS,,AVAIL,N,670
250809E,R33,P,9,17,9,J,52.00,468.00,SUPPORTERS,,AVAIL,N,670
250809E,R33,O,10,17,8,J,52.00,416.00,SUPPORTERS,,AVAIL,N,670
250809E,R33,N,6,21,16,J,52.00,832.00,SUPPORTERS,,AVAIL,N,670
250809E,R33,M,7,14,8,J,52.00,416.00,SUPPORTERS,,AVAIL,N,670
250809E,R33,Z,1,19,19,J,52.00,988.00,SUPPORTERS,,AVAIL,N,670
250809E,R33,Y,1,11,11,J,52.00,572.00,SUPPORTERS,,AVAIL,N,670
250809E,R33,X,1,21,21,J,52.00,1092.00,SUPPORTERS,,AVAIL,N,670
250809E,R33,W,11,21,11,J,52.00,572.00,SUPPORTERS,,AVAIL,N,670
250809E,R33,PP,1,21,21,K,34.00,714.00,SUPPORTERS,,AVAIL,N,680
250809E,R33,OO,1,21,21,K,34.00,714.00,SUPPORTERS,,AVAIL,N,680
250809E,R33,NN,1,21,21,K,34.00,714.00,SUPPORTERS,,AVAIL,N,680
250809E,R33,MM,1,21,21,K,34.00,714.00,SUPPORTERS,,AVAIL,N,680
250809E,R33,LL,1,21,21,K,34.00,714.00,SUPPORTERS,,AVAIL,N,680
250809E,R33,KK,1,21,21,K,34.00,714.00,SUPPORTERS,,AVAIL,N,680
250809E,R33,II,1,21,21,K,34.00,714.00,SUPPORTERS,,AVAIL,N,680
250809E,R33,HH,1,21,21,K,34.00,714.00,SUPPORTERS,,AVAIL,N,680
250809E,R33,GG,1,21,21,K,34.00,714.00,SUPPORTERS,,AVAIL,N,680
250809E,R33,FF,1,21,21,K,34.00,714.00,SUPPORTERS,,AVAIL,N,680
250809E,R33,EE,1,21,21,K,34.00,714.00,SUPPORTERS,,AVAIL,N,680
250809E,R33,DD,1,21,21,K,34.00,714.00,SUPPORTERS,,AVAIL,N,680
250809E,R33,CC,1,21,21,K,34.00,714.00,SUPPORTERS,,AVAIL,N,680
250809E,R33,AA,5,21,17,K,34.00,578.00,SUPPORTERS,,AVAIL,N,680
250809E,R34,CC,1,21,21,D,52.00,1092.00,DRESS,,AVAIL,N,700
250809E,R34,DD,1,21,21,D,52.00,1092.00,DRESS,,AVAIL,N,700
250809E,R34,GG,1,21,21,D,52.00,1092.00,DRESS,,AVAIL,N,700
250809E,R34,OO,1,21,21,D,52.00,1092.00,DRESS,,AVAIL,N,700
250809E,R34,PP,1,21,21,D,52.00,1092.00,DRESS,,AVAIL,N,700
250809E,R34,KK,1,21,21,D,52.00,1092.00,DRESS,,AVAIL,N,700
250809E,R34,LL,1,21,21,D,52.00,1092.00,DRESS,,AVAIL,N,700
250809E,R34,M,12,12,1,D,52.00,52.00,DIST-OPEN,,AVAIL,N,690
250809E,R34,M,9,9,1,D,52.00,52.00,DIST-OPEN,,AVAIL,N,690
250809E,R34,T,17,18,2,D,52.00,104.00,DIST-OPEN,,AVAIL,N,690
250809E,R34,FF,1,12,12,D,52.00,624.00,DIST-OPEN,,AVAIL,N,700
250809E,R34,EE,1,21,21,D,52.00,1092.00,DIST-OPEN,,AVAIL,N,700
250809E,R34,FF,14,17,4,D,52.00,208.00,DIST-OPEN,,AVAIL,N,700
250809E,R34,BB,5,21,17,D,52.00,884.00,DIST-OPEN,,AVAIL,N,700
250809E,R34,AA,5,19,15,D,52.00,780.00,DIST-OPEN,,AVAIL,N,700
250809E,R34,V,14,16,3,D,52.00,156.00,DIST-OPEN,,AVAIL,N,690
250809E,R34,T,12,12,1,D,52.00,52.00,DIST-OPEN,,AVAIL,N,690
250809E,R34,R,5,17,13,D,52.00,676.00,DIST-OPEN,,AVAIL,N,690
250809E,R34,V,7,11,5,D,52.00,260.00,DIST-OPEN,,AVAIL,N,690
250809E,R34,U,11,18,8,D,52.00,416.00,DRESS,,AVAIL,N,690
250809E,R34,S,8,18,11,D,52.00,572.00,DRESS,,AVAIL,N,690
250809E,R34,Q,5,5,1,D,52.00,52.00,DRESS,,AVAIL,N,690
250809E,R34,Z,1,21,21,D,52.00,1092.00,DRESS,,AVAIL,N,690
250809E,R34,HH,1,21,21,D,52.00,1092.00,DIST-OPEN,,AVAIL,N,700
250809E,R34,W,1,18,18,D,52.00,936.00,DRESS,,AVAIL,N,690
250809E,R34,X,1,21,21,D,52.00,1092.00,DRESS,,AVAIL,N,690
250809E,R34,II,1,21,21,D,52.00,1092.00,DRESS,,AVAIL,N,700
250809E,R34,JJ,1,21,21,D,52.00,1092.00,DRESS,,AVAIL,N,700
250809E,R34,Y,1,21,21,D,52.00,1092.00,DRESS,,AVAIL,N,690
250809E,R34,MM,1,21,21,D,52.00,1092.00,DRESS,,AVAIL,N,700
250809E,R34,NN,1,21,21,D,52.00,1092.00,DRESS,,AVAIL,N,700
250809E,R35,NN,1,21,21,D,52.00,1092.00,DRESS,,AVAIL,N,730
250809E,R35,CC,1,21,21,D,52.00,1092.00,DRESS,,AVAIL,N,730
250809E,R35,DD,1,21,21,D,52.00,1092.00,DRESS,,AVAIL,N,730
250809E,R35,GG,1,21,21,D,52.00,1092.00,DRESS,,AVAIL,N,730
250809E,R35,OO,1,21,21,D,52.00,1092.00,DRESS,,AVAIL,N,730
250809E,R35,PP,1,21,21,D,52.00,1092.00,DRESS,,AVAIL,N,730
250809E,R35,KK,1,21,21,D,52.00,1092.00,DRESS,,AVAIL,N,730
250809E,R35,LL,1,21,21,D,52.00,1092.00,DRESS,,AVAIL,N,730
250809E,R35,FF,1,21,21,D,52.00,1092.00,DIST-OPEN,,AVAIL,N,730
250809E,R35,EE,1,21,21,D,52.00,1092.00,DIST-OPEN,,AVAIL,N,730
250809E,R35,BB,1,21,21,D,52.00,1092.00,DIST-OPEN,,AVAIL,N,730
250809E,R35,V,4,18,15,D,52.00,780.00,DIST-OPEN,,AVAIL,N,720
250809E,R35,T,4,18,15,D,52.00,780.00,DIST-OPEN,,AVAIL,N,720
250809E,R35,O,1,19,19,D,52.00,988.00,DIST-OPEN,,AVAIL,N,720
250809E,R35,P,1,21,21,D,52.00,1092.00,DIST-OPEN,,AVAIL,N,720
250809E,R35,R,1,21,21,D,52.00,1092.00,DIST-OPEN,,AVAIL,N,720
250809E,R35,U,4,18,15,D,52.00,780.00,DRESS,,AVAIL,N,720
250809E,R35,S,4,18,15,D,52.00,780.00,DRESS,,AVAIL,N,720
250809E,R35,Q,1,21,21,D,52.00,1092.00,DRESS,,AVAIL,N,720
250809E,R35,W,1,21,21,D,52.00,1092.00,DRESS,,AVAIL,N,720
250809E,R35,Y,1,21,21,D,52.00,1092.00,DRESS,,AVAIL,N,720
250809E,R35,Z,1,21,21,D,52.00,1092.00,DRESS,,AVAIL,N,720
250809E,R35,HH,1,21,21,D,52.00,1092.00,DIST-OPEN,,AVAIL,N,730
250809E,R35,X,1,21,21,D,52.00,1092.00,DRESS,,AVAIL,N,720
250809E,R35,II,1,21,21,D,52.00,1092.00,DRESS,,AVAIL,N,730
250809E,R35,JJ,1,21,21,D,52.00,1092.00,DRESS,,AVAIL,N,730
250809E,R35,MM,1,21,21,D,52.00,1092.00,DRESS,,AVAIL,N,730
250809E,R36,NN,3,21,19,E,34.00,646.00,DRESS,,AVAIL,N,760
250809E,R36,CC,1,21,21,E,34.00,714.00,DRESS,,AVAIL,N,760
250809E,R36,DD,1,21,21,E,34.00,714.00,DRESS,,AVAIL,N,760
250809E,R36,GG,1,21,21,E,34.00,714.00,DRESS,,AVAIL,N,760
250809E,R36,OO,1,21,21,E,34.00,714.00,DRESS,,AVAIL,N,760
250809E,R36,PP,1,21,21,E,34.00,714.00,DRESS,,AVAIL,N,760
250809E,R36,Q,1,4,4,E,34.00,136.00,DRESS,,AVAIL,N,750
250809E,R36,N,7,17,11,E,34.00,374.00,DOQ-WHEELCHAIR,WCACC,AVAIL,N,740
250809E,R36,KK,1,21,21,E,34.00,714.00,DRESS,,AVAIL,N,760
250809E,R36,LL,1,18,18,E,34.00,612.00,DRESS,,AVAIL,N,760
250809E,R36,LL,20,21,2,E,34.00,68.00,DRESS,,AVAIL,N,760
250809E,R36,EE,5,9,5,E,34.00,170.00,DOQ-VETTX1HOLD,VETTX1HOLD,AVAIL,N,760
250809E,R36,FF,1,13,13,E,34.00,442.00,DOQ-VETTX1HOLD,VETTX1HOLD,AVAIL,N,760
250809E,R36,T,8,18,11,E,34.00,374.00,DIST-OPEN,,AVAIL,N,750
250809E,R36,AA,15,19,5,E,34.00,170.00,DIST-OPEN,,AVAIL,N,760
250809E,R36,BB,3,21,19,E,34.00,646.00,DIST-OPEN,,AVAIL,N,760
250809E,R36,V,7,18,12,E,34.00,408.00,DIST-OPEN,,AVAIL,N,750
250809E,R36,R,9,19,11,E,34.00,374.00,DIST-OPEN,,AVAIL,N,750
250809E,R36,Q,11,21,11,E,34.00,374.00,DRESS,,AVAIL,N,750
250809E,R36,U,4,18,15,E,34.00,510.00,DRESS,,AVAIL,N,750
250809E,R36,S,4,18,15,E,34.00,510.00,DRESS,,AVAIL,N,750
250809E,R36,Z,1,21,21,E,34.00,714.00,DRESS,,AVAIL,N,750
250809E,R36,HH,1,21,21,E,34.00,714.00,DIST-OPEN,,AVAIL,N,760
250809E,R36,W,1,21,21,E,34.00,714.00,DRESS,,AVAIL,N,750
250809E,R36,X,1,21,21,E,34.00,714.00,DRESS,,AVAIL,N,750
250809E,R36,Y,9,21,13,E,34.00,442.00,DRESS,,AVAIL,N,750
250809E,R36,II,1,21,21,E,34.00,714.00,DRESS,,AVAIL,N,760
250809E,R36,JJ,1,21,21,E,34.00,714.00,DRESS,,AVAIL,N,760
250809E,R36,MM,3,21,19,E,34.00,646.00,DRESS,,AVAIL,N,760
250809E,R36,Y,3,5,3,E,34.00,102.00,DRESS,,AVAIL,N,750
250809E,R37,NN,1,21,21,E,34.00,714.00,DRESS,,AVAIL,N,790
250809E,R37,CC,1,21,21,E,34.00,714.00,DRESS,,AVAIL,N,790
250809E,R37,DD,1,21,21,E,34.00,714.00,DRESS,,AVAIL,N,790
250809E,R37,GG,1,21,21,E,34.00,714.00,DRESS,,AVAIL,N,790
250809E,R37,OO,1,21,21,E,34.00,714.00,DRESS,,AVAIL,N,790
250809E,R37,PP,1,9,9,E,34.00,306.00,DRESS,,AVAIL,N,790
250809E,R37,N,8,20,13,E,34.00,442.00,DOQ-WHEELCHAIR,WCACC,AVAIL,N,770
250809E,R37,KK,1,21,21,E,34.00,714.00,DRESS,,AVAIL,N,790
250809E,R37,LL,1,21,21,E,34.00,714.00,DRESS,,AVAIL,N,790
250809E,R37,P,1,21,21,E,34.00,714.00,DIST-OPEN,,AVAIL,N,780
250809E,R37,O,7,21,15,E,34.00,510.00,DIST-OPEN,,AVAIL,N,780
250809E,R37,FF,1,21,21,E,34.00,714.00,DIST-OPEN,,AVAIL,N,790
250809E,R37,AA,1,21,21,E,34.00,714.00,DIST-OPEN,,AVAIL,N,790
250809E,R37,BB,1,21,21,E,34.00,714.00,DIST-OPEN,,AVAIL,N,790
250809E,R37,EE,1,21,21,E,34.00,714.00,DIST-OPEN,,AVAIL,N,790
250809E,R37,R,1,21,21,E,34.00,714.00,DIST-OPEN,,AVAIL,N,780
250809E,R37,T,4,18,15,E,34.00,510.00,DIST-OPEN,,AVAIL,N,780
250809E,R37,V,4,18,15,E,34.00,510.00,DIST-OPEN,,AVAIL,N,780
250809E,R37,U,4,18,15,E,34.00,510.00,DRESS,,AVAIL,N,780
250809E,R37,S,4,18,15,E,34.00,510.00,DRESS,,AVAIL,N,780
250809E,R37,Q,1,21,21,E,34.00,714.00,DRESS,,AVAIL,N,780
250809E,R37,Y,1,21,21,E,34.00,714.00,DRESS,,AVAIL,N,780
250809E,R37,Z,1,21,21,E,34.00,714.00,DRESS,,AVAIL,N,780
250809E,R37,W,1,21,21,E,34.00,714.00,DRESS,,AVAIL,N,780
250809E,R37,HH,1,21,21,E,34.00,714.00,DIST-OPEN,,AVAIL,N,790
250809E,R37,X,1,21,21,E,34.00,714.00,DRESS,,AVAIL,N,780
250809E,R37,II,1,21,21,E,34.00,714.00,DRESS,,AVAIL,N,790
250809E,R37,JJ,1,21,21,E,34.00,714.00,DRESS,,AVAIL,N,790
250809E,R37,MM,1,21,21,E,34.00,714.00,DRESS,,AVAIL,N,790
250809E,STE5,GA0,1,25,25,L,240.00,6000.00,SUITES,,AVAIL,N,100
250809E,STE6,GA0,1,25,25,L,240.00,6000.00,SUITES,,AVAIL,N,100
250809E,TSL,GA1,16,25,10,I,144.00,1440.00,FUTURE,,AVAIL,N,1160
250809EF,GA1,GA0,5,25,21,A,60.00,1260.00,OPEN,,AVAIL,N,10
250809EG,GA1,GA0,1,50,50,A,0,0,OPEN,,AVAIL,N,10
250809EM,GA1,GA0,21,25,5,A,50.00,250.00,OPEN,,AVAIL,N,10
250809HC,GA1,GA0,3,4,2,A,0,0,GROUP,,AVAIL,N,10
250823,101,10,6,16,11,F,29.00,319.00,DOQ-VETTX1HOLD,VETTX1HOLD,AVAIL,N,390
250823,101,12,1,16,16,F,29.00,464.00,DOQ-VETTX1HOLD,VETTX1HOLD,AVAIL,N,390
250823,101,11,1,16,16,F,29.00,464.00,DOQ-VETTX1HOLD,VETTX1HOLD,AVAIL,N,390
250823,101,3,6,16,11,F,29.00,319.00,DIST-OPEN,,AVAIL,N,390
250823,101,7,1,16,16,F,29.00,464.00,DIST-OPEN,,AVAIL,N,390
250823,101,5,1,1,1,F,29.00,29.00,DIST-OPEN,,AVAIL,N,390
250823,101,9,1,12,12,F,29.00,348.00,DIST-OPEN,,AVAIL,N,390
250823,101,8,1,16,16,F,29.00,464.00,DRESS,,AVAIL,N,390
250823,101,6,1,16,16,F,29.00,464.00,DRESS,,AVAIL,N,390
250823,101,4,1,16,16,F,29.00,464.00,DRESS,,AVAIL,N,390
250823,101,2,1,16,16,F,29.00,464.00,DRESS,,AVAIL,N,390
250823,101,13,1,8,8,F,29.00,232.00,DOQ-WHEELCHAIR,WCACC,AVAIL,N,390
250823,101,5,5,16,12,F,29.00,348.00,DIST-OPEN,,AVAIL,N,390
250823,102,12,28,28,1,F,29.00,29.00,DOQ-VETTX1HOLD,VETTX1HOLD,AVAIL,N,370
250823,102,4,1,15,15,F,29.00,435.00,DRESS,,AVAIL,N,370
250823,102,5,17,17,1,F,29.00,29.00,DIST-OPEN,,AVAIL,N,370
250823,102,3,13,15,3,F,29.00,87.00,DIST-OPEN,,AVAIL,N,370
250823,102,11,1,20,20,F,29.00,580.00,DIST-OPEN,,AVAIL,N,370
250823,102,7,1,24,24,F,29.00,696.00,DIST-OPEN,,AVAIL,N,370
250823,102,4,25,28,4,F,29.00,116.00,DRESS,,AVAIL,N,370
250823,102,3,25,26,2,F,29.00,58.00,DIST-OPEN,,AVAIL,N,370
250823,102,2,25,28,4,F,29.00,116.00,DRESS,,AVAIL,N,370
250823,102,8,1,28,28,F,29.00,812.00,DRESS,,AVAIL,N,370
250823,102,6,1,28,28,F,29.00,812.00,DRESS,,AVAIL,N,370
250823,102,2,13,15,3,F,29.00,87.00,DRESS,,AVAIL,N,370
250823,102,13,1,14,14,F,29.00,406.00,DOQ-WHEELCHAIR,WCACC,AVAIL,N,370
250823,103,6,1,28,28,E,52.00,1456.00,DRESS,,AVAIL,N,290
250823,103,4,11,28,18,E,52.00,936.00,DRESS,,AVAIL,N,290
250823,103,11,19,19,1,F,29.00,29.00,DIST-OPEN,,AVAIL,N,350
250823,103,7,24,24,1,F,29.00,29.00,DIST-OPEN,,AVAIL,N,350
250823,103,5,11,28,18,E,52.00,936.00,DIST-OPEN,,AVAIL,N,290
250823,103,9,24,24,1,F,29.00,29.00,DIST-OPEN,,AVAIL,N,350
250823,103,3,14,19,6,E,52.00,312.00,DIST-OPEN,,AVAIL,N,290
250823,103,8,24,24,1,F,29.00,29.00,DRESS,,AVAIL,N,350
250823,103,2,11,19,9,E,52.00,468.00,DRESS,,AVAIL,N,290
250823,103,13,1,12,12,F,29.00,348.00,DOQ-WHEELCHAIR,WCACC,AVAIL,N,350
250823,103,2,25,28,4,E,52.00,208.00,DRESS,,AVAIL,N,290
250823,104,12,22,28,7,E,52.00,364.00,DRESS,,AVAIL,N,270
250823,104,11,22,25,4,E,52.00,208.00,DIST-OPEN,,AVAIL,N,270
250823,104,10,22,28,7,E,52.00,364.00,DRESS,,AVAIL,N,270
250823,104,9,22,27,6,E,52.00,312.00,DIST-OPEN,,AVAIL,N,270
250823,104,7,21,28,8,D,69.00,552.00,DIST-OPEN,,AVAIL,N,190
250823,104,6,21,28,8,D,69.00,552.00,DRESS,,AVAIL,N,190
250823,104,5,21,26,6,D,69.00,414.00,DIST-OPEN,,AVAIL,N,190
250823,104,4,21,28,8,D,69.00,552.00,DRESS,,AVAIL,N,190
250823,104,3,21,28,8,D,69.00,552.00,DIST-OPEN,,AVAIL,N,190
250823,104,2,27,28,2,D,69.00,138.00,DRESS,,AVAIL,N,190
250823,104,11,1,12,12,E,52.00,624.00,DIST-OPEN,,AVAIL,N,270
250823,104,9,5,12,8,E,52.00,416.00,DIST-OPEN,,AVAIL,N,270
250823,104,12,1,12,12,E,52.00,624.00,DRESS,,AVAIL,N,270
250823,104,10,3,12,10,E,52.00,520.00,DRESS,,AVAIL,N,270
250823,104,8,1,11,11,E,52.00,572.00,DRESS,,AVAIL,N,270
250823,104,6,1,14,14,D,69.00,966.00,DRESS,,AVAIL,N,190
250823,104,4,1,14,14,D,69.00,966.00,DRESS,,AVAIL,N,190
250823,104,7,1,15,15,D,69.00,1035.00,DIST-OPEN,,AVAIL,N,190
250823,104,3,11,14,4,D,69.00,276.00,DIST-OPEN,,AVAIL,N,190
250823,104,5,1,14,14,D,69.00,966.00,DIST-OPEN,,AVAIL,N,190
250823,104,13,1,14,14,E,52.00,728.00,DOQ-WHEELCHAIR,WCACC,AVAIL,N,270
250823,105,11,22,34,13,E,52.00,676.00,DIST-OPEN,,AVAIL,N,260
250823,105,9,21,21,1,E,52.00,52.00,DIST-OPEN,,AVAIL,N,260
250823,105,3,25,33,9,D,69.00,621.00,DIST-OPEN,,AVAIL,N,180
250823,105,9,26,32,7,E,52.00,364.00,DIST-OPEN,,AVAIL,N,260
250823,105,9,7,8,2,E,52.00,104.00,DIST-OPEN,,AVAIL,N,260
250823,105,11,10,15,6,E,52.00,312.00,DIST-OPEN,,AVAIL,N,260
250823,105,1,34,34,1,C,87.00,87.00,DIST-OPEN,,AVAIL,N,100
250823,105,12,1,32,32,E,52.00,1664.00,DRESS,,AVAIL,N,260
250823,105,10,6,36,31,E,52.00,1612.00,DRESS,,AVAIL,N,260
250823,105,8,9,17,9,E,52.00,468.00,DRESS,,AVAIL,N,260
250823,105,8,20,27,8,E,52.00,416.00,DRESS,,AVAIL,N,260
250823,105,6,1,36,36,D,69.00,2484.00,DRESS,,AVAIL,N,180
250823,105,4,1,36,36,D,69.00,2484.00,DRESS,,AVAIL,N,180
250823,105,2,10,36,27,D,69.00,1863.00,DRESS,,AVAIL,N,180
250823,105,5,11,34,24,D,69.00,1656.00,DIST-OPEN,,AVAIL,N,180
250823,105,7,3,34,32,D,69.00,2208.00,DIST-OPEN,,AVAIL,N,180
250823,105,13,1,18,18,E,52.00,936.00,DOQ-WHEELCHAIR,WCACC,AVAIL,N,260
250823,106,1,14,15,2,C,87.00,174.00,DIST-OPEN,,AVAIL,N,120
250823,106,9,1,28,28,E,52.00,1456.00,DIST-OPEN,,AVAIL,N,280
250823,106,11,1,28,28,E,52.00,1456.00,DIST-OPEN,,AVAIL,N,280
250823,106,12,1,28,28,E,52.00,1456.00,DRESS,,AVAIL,N,280
250823,106,10,1,28,28,E,52.00,1456.00,DRESS,,AVAIL,N,280
250823,106,8,4,28,25,E,52.00,1300.00,DRESS,,AVAIL,N,280
250823,106,6,11,28,18,D,69.00,1242.00,DRESS,,AVAIL,N,200
250823,106,4,11,28,18,D,69.00,1242.00,DRESS,,AVAIL,N,200
250823,106,2,11,28,18,D,69.00,1242.00,DRESS,,AVAIL,N,200
250823,106,5,11,28,18,D,69.00,1242.00,DIST-OPEN,,AVAIL,N,200
250823,106,3,11,28,18,D,69.00,1242.00,DIST-OPEN,,AVAIL,N,200
250823,106,7,1,28,28,D,69.00,1932.00,DIST-OPEN,,AVAIL,N,200
250823,106,13,1,14,14,E,52.00,728.00,DOQ-WHEELCHAIR,WCACC,AVAIL,N,280
250823,107,12,23,23,1,F,29.00,29.00,DOQ-VETTX1HOLD,VETTX1HOLD,AVAIL,N,360
250823,107,11,25,26,2,F,29.00,58.00,DIST-OPEN,,AVAIL,N,360
250823,107,1,26,28,3,E,52.00,156.00,DIST-OPEN,,AVAIL,N,300
250823,107,7,15,15,1,F,29.00,29.00,DIST-OPEN,,AVAIL,N,360
250823,107,11,6,6,1,F,29.00,29.00,DIST-OPEN,,AVAIL,N,360
250823,107,9,20,21,2,F,29.00,58.00,DIST-OPEN,,AVAIL,N,360
250823,107,5,1,28,28,E,52.00,1456.00,DIST-OPEN,,AVAIL,N,300
250823,107,3,1,28,28,E,52.00,1456.00,DIST-OPEN,,AVAIL,N,300
250823,107,8,7,20,14,F,29.00,406.00,DRESS,,AVAIL,N,360
250823,107,6,1,28,28,E,52.00,1456.00,DRESS,,AVAIL,N,300
250823,107,4,1,28,28,E,52.00,1456.00,DRESS,,AVAIL,N,300
250823,107,2,1,28,28,E,52.00,1456.00,DRESS,,AVAIL,N,300
250823,107,13,1,12,12,F,29.00,348.00,DOQ-WHEELCHAIR,WCACC,AVAIL,N,360
250823,108,11,12,18,7,F,29.00,203.00,DIST-OPEN,,AVAIL,N,380
250823,108,5,8,15,8,F,29.00,232.00,DIST-OPEN,,AVAIL,N,380
250823,108,3,5,17,13,F,29.00,377.00,DIST-OPEN,,AVAIL,N,380
250823,108,11,5,6,2,F,29.00,58.00,DIST-OPEN,,AVAIL,N,380
250823,108,1,16,17,2,F,29.00,58.00,DIST-OPEN,,AVAIL,N,380
250823,108,7,5,17,13,F,29.00,377.00,DIST-OPEN,,AVAIL,N,380
250823,108,9,1,18,18,F,29.00,522.00,DIST-OPEN,,AVAIL,N,380
250823,108,8,1,18,18,F,29.00,522.00,DRESS,,AVAIL,N,380
250823,108,6,1,15,15,F,29.00,435.00,DRESS,,AVAIL,N,380
250823,108,4,8,17,10,F,29.00,290.00,DRESS,,AVAIL,N,380
250823,108,2,4,17,14,F,29.00,406.00,DRESS,,AVAIL,N,380
250823,108,13,1,14,14,F,29.00,406.00,DOQ-WHEELCHAIR,WCACC,AVAIL,N,380
250823,115,7,1,10,10,F,29.00,290.00,DIST-OPEN,,AVAIL,N,330
250823,115,1,5,10,6,F,29.00,174.00,DIST-OPEN,,AVAIL,N,330
250823,115,3,1,10,10,F,29.00,290.00,DIST-OPEN,,AVAIL,N,330
250823,115,11,1,8,8,F,29.00,232.00,DIST-OPEN,,AVAIL,N,330
250823,115,5,1,10,10,F,29.00,290.00,DIST-OPEN,,AVAIL,N,330
250823,115,9,1,10,10,F,29.00,290.00,DIST-OPEN,,AVAIL,N,330
250823,115,8,1,10,10,F,29.00,290.00,DRESS,,AVAIL,N,330
250823,115,6,1,10,10,F,29.00,290.00,DRESS,,AVAIL,N,330
250823,115,4,1,10,10,F,29.00,290.00,DRESS,,AVAIL,N,330
250823,115,2,1,10,10,F,29.00,290.00,DRESS,,AVAIL,N,330
250823,115,13,1,5,5,F,29.00,145.00,DOQ-WHEELCHAIR,WCACC,AVAIL,N,330
250823,116,6,25,28,4,F,29.00,116.00,DRESS,,AVAIL,N,310
250823,116,7,10,13,4,F,29.00,116.00,DIST-OPEN,,AVAIL,N,310
250823,116,9,3,13,11,F,29.00,319.00,DIST-OPEN,,AVAIL,N,310
250823,116,11,7,26,20,F,29.00,580.00,DIST-OPEN,,AVAIL,N,310
250823,116,5,12,14,3,F,29.00,87.00,DIST-OPEN,,AVAIL,N,310
250823,116,8,1,13,13,F,29.00,377.00,DRESS,,AVAIL,N,310
250823,116,6,1,14,14,F,29.00,406.00,DRESS,,AVAIL,N,310
250823,116,4,25,28,4,F,29.00,116.00,DRESS,,AVAIL,N,310
250823,116,13,1,14,14,F,29.00,406.00,DOQ-WHEELCHAIR,WCACC,AVAIL,N,310
250823,116,8,25,28,4,F,29.00,116.00,DRESS,,AVAIL,N,310
250823,117,11,1,28,28,E,52.00,1456.00,DIST-OPEN,,AVAIL,N,240
250823,117,12,1,28,28,E,52.00,1456.00,DRESS,,AVAIL,N,240
250823,117,10,1,8,8,E,52.00,416.00,DRESS,,AVAIL,N,240
250823,117,9,1,8,8,E,52.00,416.00,DIST-OPEN,,AVAIL,N,240
250823,117,1,1,25,25,C,87.00,2175.00,DIST-OPEN,,AVAIL,N,80
250823,117,7,16,24,9,E,52.00,468.00,DIST-OPEN,,AVAIL,N,160
250823,117,3,16,21,6,E,52.00,312.00,DIST-OPEN,,AVAIL,N,160
250823,117,5,16,22,7,E,52.00,364.00,DIST-OPEN,,AVAIL,N,160
250823,117,2,19,21,3,E,52.00,156.00,DRESS,,AVAIL,N,160
250823,117,4,16,22,7,E,52.00,364.00,DRESS,,AVAIL,N,160
250823,117,6,16,22,7,E,52.00,364.00,DRESS,,AVAIL,N,160
250823,117,13,1,14,14,E,52.00,728.00,DOQ-WHEELCHAIR,WCACC,AVAIL,N,240
250823,117,10,19,19,1,E,52.00,52.00,DRESS,,AVAIL,N,240
250823,118,9,1,2,2,E,52.00,104.00,DIST-OPEN,,AVAIL,N,220
250823,118,10,11,24,14,E,52.00,728.00,DRESS,,AVAIL,N,220
250823,118,7,20,28,9,D,69.00,621.00,DIST-OPEN,,AVAIL,N,140
250823,118,6,20,28,9,D,69.00,621.00,DRESS,,AVAIL,N,140
250823,118,5,4,5,2,D,69.00,138.00,DIST-OPEN,,AVAIL,N,140
250823,118,12,3,23,21,E,52.00,1092.00,DRESS,,AVAIL,N,220
250823,118,10,1,4,4,E,52.00,208.00,DRESS,,AVAIL,N,220
250823,118,8,19,24,6,E,52.00,312.00,DRESS,,AVAIL,N,220
250823,118,6,1,12,12,D,69.00,828.00,DRESS,,AVAIL,N,140
250823,118,4,1,5,5,D,69.00,345.00,DRESS,,AVAIL,N,140
250823,118,2,16,28,13,D,69.00,897.00,DRESS,,AVAIL,N,140
250823,118,5,1,1,1,D,69.00,69.00,DIST-OPEN,,AVAIL,N,140
250823,118,7,3,3,1,D,69.00,69.00,DIST-OPEN,,AVAIL,N,140
250823,118,3,16,21,6,D,69.00,414.00,DIST-OPEN,,AVAIL,N,140
250823,118,13,1,14,14,E,52.00,728.00,DOQ-WHEELCHAIR,WCACC,AVAIL,N,220
250823,118,3,1,5,5,D,69.00,345.00,DIST-OPEN,,AVAIL,N,140
250823,118,2,1,5,5,D,69.00,345.00,DRESS,,AVAIL,N,140
250823,118,5,16,28,13,D,69.00,897.00,DIST-OPEN,,AVAIL,N,140
250823,118,4,16,28,13,D,69.00,897.00,DRESS,,AVAIL,N,140
250823,119,1,12,12,1,C,87.00,87.00,DIST-OPEN,,AVAIL,N,50
250823,119,3,30,33,4,D,69.00,276.00,DIST-OPEN,,AVAIL,N,130
250823,119,8,13,36,24,E,52.00,1248.00,WAELDER,,AVAIL,N,210
250823,119,11,13,36,24,E,52.00,1248.00,WAELDER,,AVAIL,N,210
250823,119,10,13,36,24,E,52.00,1248.00,WAELDER,,AVAIL,N,210
250823,119,9,13,36,24,E,52.00,1248.00,WAELDER,,AVAIL,N,210
250823,119,12,12,36,25,E,52.00,1300.00,WAELDER,,AVAIL,N,210
250823,119,3,13,14,2,D,69.00,138.00,DIST-OPEN,,AVAIL,N,130
250823,119,5,18,34,17,D,69.00,1173.00,DIST-OPEN,,AVAIL,N,130
250823,119,3,17,18,2,D,69.00,138.00,DIST-OPEN,,AVAIL,N,130
250823,119,6,3,36,34,D,69.00,2346.00,DRESS,,AVAIL,N,130
250823,119,4,7,36,30,D,69.00,2070.00,DRESS,,AVAIL,N,130
250823,119,7,4,34,31,D,69.00,2139.00,DIST-OPEN,,AVAIL,N,130
250823,119,5,11,13,3,D,69.00,207.00,DIST-OPEN,,AVAIL,N,130
250823,119,3,5,6,2,D,69.00,138.00,DIST-OPEN,,AVAIL,N,130
250823,119,13,1,18,18,E,52.00,936.00,DOQ-WHEELCHAIR,WCACC,AVAIL,N,210
250823,120,3,17,24,8,D,69.00,552.00,DIST-OPEN,,AVAIL,N,150
250823,120,6,1,28,28,D,69.00,1932.00,DRESS,,AVAIL,N,150
250823,120,4,1,28,28,D,69.00,1932.00,DRESS,,AVAIL,N,150
250823,120,2,15,28,14,D,69.00,966.00,DRESS,,AVAIL,N,150
250823,120,5,3,28,26,D,69.00,1794.00,DIST-OPEN,,AVAIL,N,150
250823,120,3,12,13,2,D,69.00,138.00,DIST-OPEN,,AVAIL,N,150
250823,120,1,17,17,1,C,87.00,87.00,DIST-OPEN,,AVAIL,N,70
250823,120,7,6,28,23,D,69.00,1587.00,DIST-OPEN,,AVAIL,N,150
250823,120,13,1,14,14,E,52.00,728.00,DOQ-WHEELCHAIR,WCACC,AVAIL,N,230
250823,121,11,1,16,16,E,52.00,832.00,DIST-OPEN,,AVAIL,N,250
250823,121,12,1,28,28,E,52.00,1456.00,DRESS,,AVAIL,N,250
250823,121,4,6,9,4,E,52.00,208.00,DRESS,,AVAIL,N,170
250823,121,4,17,21,5,E,52.00,260.00,DRESS,,AVAIL,N,170
250823,121,5,21,21,1,E,52.00,52.00,DIST-OPEN,,AVAIL,N,170
250823,121,1,4,6,3,C,87.00,261.00,DIST-OPEN,,AVAIL,N,90
250823,121,13,1,14,14,E,52.00,728.00,DOQ-WHEELCHAIR,WCACC,AVAIL,N,250
250823,121,11,20,28,9,E,52.00,468.00,DIST-OPEN,,AVAIL,N,250
250823,122,3,27,28,2,F,29.00,58.00,DIST-OPEN,,AVAIL,N,320
250823,122,1,28,28,1,F,29.00,29.00,DIST-OPEN,,AVAIL,N,320
250823,122,7,17,24,8,F,29.00,232.00,DIST-OPEN,,AVAIL,N,320
250823,122,9,5,28,24,F,29.00,696.00,DIST-OPEN,,AVAIL,N,320
250823,122,11,3,28,26,F,29.00,754.00,DIST-OPEN,,AVAIL,N,320
250823,122,8,1,28,28,F,29.00,812.00,DRESS,,AVAIL,N,320
250823,122,6,1,28,28,F,29.00,812.00,DRESS,,AVAIL,N,320
250823,122,4,5,28,24,F,29.00,696.00,DRESS,,AVAIL,N,320
250823,122,2,28,28,1,F,29.00,29.00,DRESS,,AVAIL,N,320
250823,122,13,1,14,14,F,29.00,406.00,DOQ-WHEELCHAIR,WCACC,AVAIL,N,320
250823,123,11,1,12,12,F,29.00,348.00,DIST-OPEN,,AVAIL,N,340
250823,123,1,7,8,2,F,29.00,58.00,DIST-OPEN,,AVAIL,N,340
250823,123,5,1,14,14,F,29.00,406.00,DIST-OPEN,,AVAIL,N,340
250823,123,7,1,13,13,F,29.00,377.00,DIST-OPEN,,AVAIL,N,340
250823,123,9,1,13,13,F,29.00,377.00,DIST-OPEN,,AVAIL,N,340
250823,123,1,10,15,6,F,29.00,174.00,DIST-OPEN,,AVAIL,N,340
250823,123,8,1,13,13,F,29.00,377.00,DRESS,,AVAIL,N,340
250823,123,6,1,14,14,F,29.00,406.00,DRESS,,AVAIL,N,340
250823,123,4,1,14,14,F,29.00,406.00,DRESS,,AVAIL,N,340
250823,123,2,1,15,15,F,29.00,435.00,DRESS,,AVAIL,N,340
250823,123,13,1,5,5,F,29.00,145.00,DOQ-WHEELCHAIR,WCACC,AVAIL,N,340
250823,A,20,1,12,12,I,0,0,FUTURE,,AVAIL,N,880
250823,A,19,1,12,12,I,0,0,FUTURE,,AVAIL,N,880
250823,A,18,1,12,12,I,0,0,FUTURE,,AVAIL,N,880
250823,A,17,1,12,12,I,0,0,FUTURE,,AVAIL,N,880
250823,A,16,1,12,12,I,0,0,FUTURE,,AVAIL,N,880
250823,A,15,1,12,12,I,0,0,FUTURE,,AVAIL,N,880
250823,A,14,1,12,12,I,0,0,FUTURE,,AVAIL,N,880
250823,A,13,1,12,12,I,0,0,FUTURE,,AVAIL,N,880
250823,A,12,1,12,12,I,0,0,FUTURE,,AVAIL,N,880
250823,A,11,1,12,12,I,0,0,FUTURE,,AVAIL,N,880
250823,A,10,1,12,12,I,0,0,FUTURE,,AVAIL,N,870
250823,A,9,1,12,12,I,0,0,FUTURE,,AVAIL,N,870
250823,A,8,1,12,12,I,0,0,FUTURE,,AVAIL,N,870
250823,A,7,1,12,12,I,0,0,FUTURE,,AVAIL,N,870
250823,A,6,1,12,12,I,0,0,FUTURE,,AVAIL,N,870
250823,A,5,1,12,12,I,0,0,FUTURE,,AVAIL,N,870
250823,A,4,1,12,12,I,0,0,FUTURE,,AVAIL,N,870
250823,A,3,1,12,12,I,0,0,FUTURE,,AVAIL,N,870
250823,A,2,1,12,12,I,0,0,FUTURE,,AVAIL,N,870
250823,A,1,1,12,12,I,0,0,FUTURE,,AVAIL,N,870
250823,ADARZ,ADA,1,40,40,I,0,0,FUTURE,,AVAIL,N,950
250823,B,11,1,24,24,I,0,0,FUTURE,,AVAIL,N,900
250823,B,10,1,24,24,I,0,0,FUTURE,,AVAIL,N,890
250823,B,9,1,24,24,I,0,0,FUTURE,,AVAIL,N,890
250823,B,8,1,24,24,I,0,0,FUTURE,,AVAIL,N,890
250823,B,7,1,24,24,I,0,0,FUTURE,,AVAIL,N,890
250823,B,6,1,24,24,I,0,0,FUTURE,,AVAIL,N,890
250823,B,5,1,24,24,I,0,0,FUTURE,,AVAIL,N,890
250823,B,4,1,24,24,I,0,0,FUTURE,,AVAIL,N,890
250823,B,3,1,24,24,I,0,0,FUTURE,,AVAIL,N,890
250823,B,2,1,24,24,I,0,0,FUTURE,,AVAIL,N,890
250823,B,1,1,24,24,I,0,0,FUTURE,,AVAIL,N,890
250823,B,20,1,24,24,I,0,0,FUTURE,,AVAIL,N,900
250823,B,19,1,24,24,I,0,0,FUTURE,,AVAIL,N,900
250823,B,18,1,24,24,I,0,0,FUTURE,,AVAIL,N,900
250823,B,17,1,24,24,I,0,0,FUTURE,,AVAIL,N,900
250823,B,16,1,24,24,I,0,0,FUTURE,,AVAIL,N,900
250823,B,15,1,24,24,I,0,0,FUTURE,,AVAIL,N,900
250823,B,14,1,24,24,I,0,0,FUTURE,,AVAIL,N,900
250823,B,13,1,24,24,I,0,0,FUTURE,,AVAIL,N,900
250823,B,12,1,24,24,I,0,0,FUTURE,,AVAIL,N,900
250823,BARDWN,GA4,1,50,50,J,144.00,7200.00,TOP SHELF LOUNGE,,AVAIL,N,990
250823,BARDWN,GA3,1,50,50,J,144.00,7200.00,TOP SHELF LOUNGE,,AVAIL,N,990
250823,BARDWN,GA2,1,50,50,J,144.00,7200.00,TOP SHELF LOUNGE,,AVAIL,N,990
250823,BARDWN,GA1,1,50,50,J,144.00,7200.00,TOP SHELF LOUNGE,,AVAIL,N,990
250823,BARDWN,GA0,1,50,50,J,144.00,7200.00,TOP SHELF LOUNGE,,AVAIL,N,990
250823,BARDWN,GA9,1,50,50,J,144.00,7200.00,KILL,,AVAIL,Y,990
250823,BARDWN,GA8,1,50,50,J,144.00,7200.00,KILL,,AVAIL,Y,990
250823,BARDWN,GA7,1,50,50,J,144.00,7200.00,KILL,,AVAIL,Y,990
250823,BARDWN,GA6,1,50,50,J,144.00,7200.00,KILL,,AVAIL,Y,990
250823,BARDWN,GA5,1,50,50,J,144.00,7200.00,KILL,,AVAIL,Y,990
250823,C,20,1,28,28,I,0,0,FUTURE,,AVAIL,N,920
250823,C,19,1,28,28,I,0,0,FUTURE,,AVAIL,N,920
250823,C,18,1,28,28,I,0,0,FUTURE,,AVAIL,N,920
250823,C,17,1,28,28,I,0,0,FUTURE,,AVAIL,N,920
250823,C,16,1,28,28,I,0,0,FUTURE,,AVAIL,N,920
250823,C,15,1,28,28,I,0,0,FUTURE,,AVAIL,N,920
250823,C,14,1,28,28,I,0,0,FUTURE,,AVAIL,N,920
250823,C,13,1,28,28,I,0,0,FUTURE,,AVAIL,N,920
250823,C,12,1,28,28,I,0,0,FUTURE,,AVAIL,N,920
250823,C,11,1,28,28,I,0,0,FUTURE,,AVAIL,N,920
250823,C,10,1,28,28,I,0,0,FUTURE,,AVAIL,N,910
250823,C,9,1,28,28,I,0,0,FUTURE,,AVAIL,N,910
250823,C,8,1,28,28,I,0,0,FUTURE,,AVAIL,N,910
250823,C,7,1,28,28,I,0,0,FUTURE,,AVAIL,N,910
250823,C,6,1,28,28,I,0,0,FUTURE,,AVAIL,N,910
250823,C,5,1,28,28,I,0,0,FUTURE,,AVAIL,N,910
250823,C,4,1,28,28,I,0,0,FUTURE,,AVAIL,N,910
250823,C,3,1,28,28,I,0,0,FUTURE,,AVAIL,N,910
250823,C,2,1,28,28,I,0,0,FUTURE,,AVAIL,N,910
250823,C,1,1,28,28,I,0,0,FUTURE,,AVAIL,N,910
250823,D,20,1,8,8,I,0,0,FUTURE,,AVAIL,N,940
250823,D,19,1,8,8,I,0,0,FUTURE,,AVAIL,N,940
250823,D,18,1,8,8,I,0,0,FUTURE,,AVAIL,N,940
250823,D,17,1,8,8,I,0,0,FUTURE,,AVAIL,N,940
250823,D,16,1,8,8,I,0,0,FUTURE,,AVAIL,N,940
250823,D,15,1,8,8,I,0,0,FUTURE,,AVAIL,N,940
250823,D,14,1,8,8,I,0,0,FUTURE,,AVAIL,N,940
250823,D,13,1,8,8,I,0,0,FUTURE,,AVAIL,N,940
250823,D,12,1,8,8,I,0,0,FUTURE,,AVAIL,N,940
250823,D,11,1,8,8,I,0,0,FUTURE,,AVAIL,N,940
250823,D,10,1,8,8,I,0,0,FUTURE,,AVAIL,N,930
250823,D,9,1,8,8,I,0,0,FUTURE,,AVAIL,N,930
250823,D,8,1,8,8,I,0,0,FUTURE,,AVAIL,N,930
250823,D,7,1,8,8,I,0,0,FUTURE,,AVAIL,N,930
250823,D,6,1,8,8,I,0,0,FUTURE,,AVAIL,N,930
250823,D,5,1,8,8,I,0,0,FUTURE,,AVAIL,N,930
250823,D,4,1,8,8,I,0,0,FUTURE,,AVAIL,N,930
250823,D,3,1,8,8,I,0,0,FUTURE,,AVAIL,N,930
250823,D,2,1,8,8,I,0,0,FUTURE,,AVAIL,N,930
250823,D,1,1,8,8,I,0,0,FUTURE,,AVAIL,N,930
250823,FLD1,B,1,30,30,B,0,0,KILL,,AVAIL,Y,30
250823,FLD1,A,15,21,7,A,173.00,1211.00,DIST-OPEN,,AVAIL,N,10
250823,FLD2,A,6,9,4,A,173.00,692.00,AK HOLD,,AVAIL,N,20
250823,FLD2,A,27,30,4,A,173.00,692.00,BIZDEV,,AVAIL,N,20
250823,FLD2,B,1,30,30,B,0,0,KILL,,AVAIL,Y,40
250823,FLD2,A,10,24,15,A,173.00,2595.00,DIST-OPEN,,AVAIL,N,20
250823,GA01,10,1,50,50,G,19.00,950.00,KILL,,AVAIL,Y,410
250823,GA01,9,1,50,50,G,19.00,950.00,KILL,,AVAIL,Y,410
250823,GA01,8,1,50,50,G,19.00,950.00,KILL,,AVAIL,Y,410
250823,GA01,7,1,50,50,G,19.00,950.00,KILL,,AVAIL,Y,410
250823,GA01,1,1,50,50,G,19.00,950.00,FUTURE,,AVAIL,N,400
250823,GA01,3,1,50,50,G,19.00,950.00,FUTURE,,AVAIL,N,400
250823,GA01,6,1,50,50,G,19.00,950.00,FUTURE,,AVAIL,N,410
250823,GA01,4,1,50,50,G,19.00,950.00,FUTURE,,AVAIL,N,400
250823,GA01,2,1,50,50,G,19.00,950.00,FUTURE,,AVAIL,N,400
250823,GA01,5,1,50,50,G,19.00,950.00,FUTURE,,AVAIL,N,400
250823,GA02,10,1,50,50,G,19.00,950.00,KILL,,AVAIL,Y,430
250823,GA02,9,1,50,50,G,19.00,950.00,KILL,,AVAIL,Y,430
250823,GA02,8,1,50,50,G,19.00,950.00,KILL,,AVAIL,Y,430
250823,GA02,7,1,50,50,G,19.00,950.00,KILL,,AVAIL,Y,430
250823,GA02,6,1,50,50,G,19.00,950.00,KILL,,AVAIL,Y,430
250823,GA02,5,1,50,50,G,19.00,950.00,KILL,,AVAIL,Y,420
250823,GA02,4,1,50,50,G,19.00,950.00,KILL,,AVAIL,Y,420
250823,GA02,3,1,50,50,G,19.00,950.00,KILL,,AVAIL,Y,420
250823,GA02,2,1,50,50,G,19.00,950.00,KILL,,AVAIL,Y,420
250823,GA02,1,1,50,50,G,19.00,950.00,KILL,,AVAIL,Y,420
250823,GA03,10,1,50,50,G,19.00,950.00,KILL,,AVAIL,Y,450
250823,GA03,9,1,50,50,G,19.00,950.00,KILL,,AVAIL,Y,450
250823,GA03,8,1,50,50,G,19.00,950.00,KILL,,AVAIL,Y,450
250823,GA03,7,1,50,50,G,19.00,950.00,KILL,,AVAIL,Y,450
250823,GA03,6,1,50,50,G,19.00,950.00,KILL,,AVAIL,Y,450
250823,GA03,5,1,50,50,G,19.00,950.00,KILL,,AVAIL,Y,440
250823,GA03,4,1,50,50,G,19.00,950.00,KILL,,AVAIL,Y,440
250823,GA03,3,1,50,50,G,19.00,950.00,KILL,,AVAIL,Y,440
250823,GA03,2,1,50,50,G,19.00,950.00,KILL,,AVAIL,Y,440
250823,GA03,1,1,50,50,G,19.00,950.00,KILL,,AVAIL,Y,440
250823,GA04,10,1,50,50,G,19.00,950.00,KILL,,AVAIL,Y,470
250823,GA04,9,1,50,50,G,19.00,950.00,KILL,,AVAIL,Y,470
250823,GA04,8,1,50,50,G,19.00,950.00,KILL,,AVAIL,Y,470
250823,GA04,7,1,50,50,G,19.00,950.00,KILL,,AVAIL,Y,470
250823,GA04,6,1,50,50,G,19.00,950.00,KILL,,AVAIL,Y,470
250823,GA04,5,1,50,50,G,19.00,950.00,KILL,,AVAIL,Y,460
250823,GA04,4,1,50,50,G,19.00,950.00,KILL,,AVAIL,Y,460
250823,GA04,3,1,50,50,G,19.00,950.00,KILL,,AVAIL,Y,460
250823,GA04,2,1,50,50,G,19.00,950.00,KILL,,AVAIL,Y,460
250823,GA04,1,1,50,50,G,19.00,950.00,KILL,,AVAIL,Y,460
250823,GA05,10,1,50,50,G,19.00,950.00,KILL,,AVAIL,Y,490
250823,GA05,9,1,50,50,G,19.00,950.00,KILL,,AVAIL,Y,490
250823,GA05,8,1,50,50,G,19.00,950.00,KILL,,AVAIL,Y,490
250823,GA05,7,1,50,50,G,19.00,950.00,KILL,,AVAIL,Y,490
250823,GA05,6,1,50,50,G,19.00,950.00,KILL,,AVAIL,Y,490
250823,GA05,5,1,50,50,G,19.00,950.00,KILL,,AVAIL,Y,480
250823,GA05,4,1,50,50,G,19.00,950.00,KILL,,AVAIL,Y,480
250823,GA05,3,1,50,50,G,19.00,950.00,KILL,,AVAIL,Y,480
250823,GA05,2,1,50,50,G,19.00,950.00,KILL,,AVAIL,Y,480
250823,GA05,1,1,50,50,G,19.00,950.00,KILL,,AVAIL,Y,480
250823,GA06,10,1,50,50,G,19.00,950.00,KILL,,AVAIL,Y,510
250823,GA06,9,1,50,50,G,19.00,950.00,KILL,,AVAIL,Y,510
250823,GA06,8,1,50,50,G,19.00,950.00,KILL,,AVAIL,Y,510
250823,GA06,7,1,50,50,G,19.00,950.00,KILL,,AVAIL,Y,510
250823,GA06,6,1,50,50,G,19.00,950.00,KILL,,AVAIL,Y,510
250823,GA06,5,1,50,50,G,19.00,950.00,KILL,,AVAIL,Y,500
250823,GA06,4,1,50,50,G,19.00,950.00,KILL,,AVAIL,Y,500
250823,GA06,3,1,50,50,G,19.00,950.00,KILL,,AVAIL,Y,500
250823,GA06,2,1,50,50,G,19.00,950.00,KILL,,AVAIL,Y,500
250823,GA06,1,1,50,50,G,19.00,950.00,KILL,,AVAIL,Y,500
250823,GA07,5,1,50,50,G,19.00,950.00,KILL,,AVAIL,Y,520
250823,GA07,4,1,50,50,G,19.00,950.00,KILL,,AVAIL,Y,520
250823,GA07,3,1,50,50,G,19.00,950.00,KILL,,AVAIL,Y,520
250823,GA07,2,1,50,50,G,19.00,950.00,KILL,,AVAIL,Y,520
250823,GA07,1,1,50,50,G,19.00,950.00,KILL,,AVAIL,Y,520
250823,GA08,5,1,50,50,G,19.00,950.00,KILL,,AVAIL,Y,550
250823,GA08,4,1,50,50,G,19.00,950.00,KILL,,AVAIL,Y,550
250823,GA08,3,1,50,50,G,19.00,950.00,KILL,,AVAIL,Y,550
250823,GA08,2,1,50,50,G,19.00,950.00,KILL,,AVAIL,Y,550
250823,GA08,1,1,50,50,G,19.00,950.00,KILL,,AVAIL,Y,550
250823,GA08,10,1,50,50,G,19.00,950.00,KILL,,AVAIL,Y,540
250823,GA08,9,1,50,50,G,19.00,950.00,KILL,,AVAIL,Y,540
250823,GA08,8,1,50,50,G,19.00,950.00,KILL,,AVAIL,Y,540
250823,GA08,7,1,50,50,G,19.00,950.00,KILL,,AVAIL,Y,540
250823,GA08,6,1,50,50,G,19.00,950.00,KILL,,AVAIL,Y,540
250823,GA09,5,1,50,50,G,19.00,950.00,KILL,,AVAIL,Y,570
250823,GA09,4,1,50,50,G,19.00,950.00,KILL,,AVAIL,Y,570
250823,GA09,3,1,50,50,G,19.00,950.00,KILL,,AVAIL,Y,570
250823,GA09,2,1,50,50,G,19.00,950.00,KILL,,AVAIL,Y,570
250823,GA09,1,1,50,50,G,19.00,950.00,KILL,,AVAIL,Y,570
250823,GA09,10,1,50,50,G,19.00,950.00,KILL,,AVAIL,Y,560
250823,GA09,9,1,50,50,G,19.00,950.00,KILL,,AVAIL,Y,560
250823,GA09,8,1,50,50,G,19.00,950.00,KILL,,AVAIL,Y,560
250823,GA09,7,1,50,50,G,19.00,950.00,KILL,,AVAIL,Y,560
250823,GA09,6,1,50,50,G,19.00,950.00,KILL,,AVAIL,Y,560
250823,GA10,5,1,50,50,G,19.00,950.00,KILL,,AVAIL,Y,590
250823,GA10,4,1,50,50,G,19.00,950.00,KILL,,AVAIL,Y,590
250823,GA10,3,1,50,50,G,19.00,950.00,KILL,,AVAIL,Y,590
250823,GA10,2,1,50,50,G,19.00,950.00,KILL,,AVAIL,Y,590
250823,GA10,1,1,50,50,G,19.00,950.00,KILL,,AVAIL,Y,590
250823,GA10,10,1,50,50,G,19.00,950.00,KILL,,AVAIL,Y,580
250823,GA10,9,1,50,50,G,19.00,950.00,KILL,,AVAIL,Y,580
250823,GA10,8,1,50,50,G,19.00,950.00,KILL,,AVAIL,Y,580
250823,GA10,7,1,50,50,G,19.00,950.00,KILL,,AVAIL,Y,580
250823,GA10,6,1,50,50,G,19.00,950.00,KILL,,AVAIL,Y,580
250823,GA11,5,1,50,50,G,19.00,950.00,KILL,,AVAIL,Y,610
250823,GA11,4,1,50,50,G,19.00,950.00,KILL,,AVAIL,Y,610
250823,GA11,3,1,50,50,G,19.00,950.00,KILL,,AVAIL,Y,610
250823,GA11,2,1,50,50,G,19.00,950.00,KILL,,AVAIL,Y,610
250823,GA11,1,1,50,50,G,19.00,950.00,KILL,,AVAIL,Y,610
250823,GA11,10,1,50,50,G,19.00,950.00,KILL,,AVAIL,Y,600
250823,GA11,9,1,50,50,G,19.00,950.00,KILL,,AVAIL,Y,600
250823,GA11,8,1,50,50,G,19.00,950.00,KILL,,AVAIL,Y,600
250823,GA11,7,1,50,50,G,19.00,950.00,KILL,,AVAIL,Y,600
250823,GA11,6,1,50,50,G,19.00,950.00,KILL,,AVAIL,Y,600
250823,GA12,5,1,50,50,G,19.00,950.00,KILL,,AVAIL,Y,630
250823,GA12,4,1,50,50,G,19.00,950.00,KILL,,AVAIL,Y,630
250823,GA12,3,1,50,50,G,19.00,950.00,KILL,,AVAIL,Y,630
250823,GA12,2,1,50,50,G,19.00,950.00,KILL,,AVAIL,Y,630
250823,GA12,1,1,50,50,G,19.00,950.00,KILL,,AVAIL,Y,630
250823,GA12,10,1,50,50,G,19.00,950.00,KILL,,AVAIL,Y,620
250823,GA12,9,1,50,50,G,19.00,950.00,KILL,,AVAIL,Y,620
250823,GA12,8,1,50,50,G,19.00,950.00,KILL,,AVAIL,Y,620
250823,GA12,7,1,50,50,G,19.00,950.00,KILL,,AVAIL,Y,620
250823,GA12,6,1,50,50,G,19.00,950.00,KILL,,AVAIL,Y,620
250823,GA13,5,1,50,50,G,19.00,950.00,KILL,,AVAIL,Y,650
250823,GA13,4,1,50,50,G,19.00,950.00,KILL,,AVAIL,Y,650
250823,GA13,3,1,50,50,G,19.00,950.00,KILL,,AVAIL,Y,650
250823,GA13,2,1,50,50,G,19.00,950.00,KILL,,AVAIL,Y,650
250823,GA13,1,1,50,50,G,19.00,950.00,KILL,,AVAIL,Y,650
250823,GA13,10,1,50,50,G,19.00,950.00,KILL,,AVAIL,Y,640
250823,GA13,9,1,50,50,G,19.00,950.00,KILL,,AVAIL,Y,640
250823,GA13,8,1,50,50,G,19.00,950.00,KILL,,AVAIL,Y,640
250823,GA13,7,1,50,50,G,19.00,950.00,KILL,,AVAIL,Y,640
250823,GA13,6,1,50,50,G,19.00,950.00,KILL,,AVAIL,Y,640
250823,GA14,5,1,50,50,G,19.00,950.00,KILL,,AVAIL,Y,670
250823,GA14,4,1,50,50,G,19.00,950.00,KILL,,AVAIL,Y,670
250823,GA14,3,1,50,50,G,19.00,950.00,KILL,,AVAIL,Y,670
250823,GA14,2,1,50,50,G,19.00,950.00,KILL,,AVAIL,Y,670
250823,GA14,1,1,50,50,G,19.00,950.00,KILL,,AVAIL,Y,670
250823,GA14,10,1,50,50,G,19.00,950.00,KILL,,AVAIL,Y,660
250823,GA14,9,1,50,50,G,19.00,950.00,KILL,,AVAIL,Y,660
250823,GA14,8,1,50,50,G,19.00,950.00,KILL,,AVAIL,Y,660
250823,GA14,7,1,50,50,G,19.00,950.00,KILL,,AVAIL,Y,660
250823,GA14,6,1,50,50,G,19.00,950.00,KILL,,AVAIL,Y,660
250823,GA15,5,1,50,50,G,19.00,950.00,KILL,,AVAIL,Y,690
250823,GA15,4,1,50,50,G,19.00,950.00,KILL,,AVAIL,Y,690
250823,GA15,3,1,50,50,G,19.00,950.00,KILL,,AVAIL,Y,690
250823,GA15,2,1,50,50,G,19.00,950.00,KILL,,AVAIL,Y,690
250823,GA15,1,1,50,50,G,19.00,950.00,KILL,,AVAIL,Y,690
250823,GA15,10,1,50,50,G,19.00,950.00,KILL,,AVAIL,Y,680
250823,GA15,9,1,50,50,G,19.00,950.00,KILL,,AVAIL,Y,680
250823,GA15,8,1,50,50,G,19.00,950.00,KILL,,AVAIL,Y,680
250823,GA15,7,1,50,50,G,19.00,950.00,KILL,,AVAIL,Y,680
250823,GA15,6,1,50,50,G,19.00,950.00,KILL,,AVAIL,Y,680
250823,GA16,5,1,50,50,G,19.00,950.00,KILL,,AVAIL,Y,710
250823,GA16,4,1,50,50,G,19.00,950.00,KILL,,AVAIL,Y,710
250823,GA16,3,1,50,50,G,19.00,950.00,KILL,,AVAIL,Y,710
250823,GA16,2,1,50,50,G,19.00,950.00,KILL,,AVAIL,Y,710
250823,GA16,1,1,50,50,G,19.00,950.00,KILL,,AVAIL,Y,710
250823,GA16,10,1,50,50,G,19.00,950.00,KILL,,AVAIL,Y,700
250823,GA16,9,1,50,50,G,19.00,950.00,KILL,,AVAIL,Y,700
250823,GA16,8,1,50,50,G,19.00,950.00,KILL,,AVAIL,Y,700
250823,GA16,7,1,50,50,G,19.00,950.00,KILL,,AVAIL,Y,700
250823,GA16,6,1,50,50,G,19.00,950.00,KILL,,AVAIL,Y,700
250823,GA17,5,1,50,50,G,19.00,950.00,KILL,,AVAIL,Y,730
250823,GA17,4,1,50,50,G,19.00,950.00,KILL,,AVAIL,Y,730
250823,GA17,3,1,50,50,G,19.00,950.00,KILL,,AVAIL,Y,730
250823,GA17,2,1,50,50,G,19.00,950.00,KILL,,AVAIL,Y,730
250823,GA17,1,1,50,50,G,19.00,950.00,KILL,,AVAIL,Y,730
250823,GA17,10,1,50,50,G,19.00,950.00,KILL,,AVAIL,Y,720
250823,GA17,9,1,50,50,G,19.00,950.00,KILL,,AVAIL,Y,720
250823,GA17,8,1,50,50,G,19.00,950.00,KILL,,AVAIL,Y,720
250823,GA17,7,1,50,50,G,19.00,950.00,KILL,,AVAIL,Y,720
250823,GA17,6,1,50,50,G,19.00,950.00,KILL,,AVAIL,Y,720
250823,GA18,5,1,50,50,G,19.00,950.00,KILL,,AVAIL,Y,750
250823,GA18,4,1,50,50,G,19.00,950.00,KILL,,AVAIL,Y,750
250823,GA18,3,1,50,50,G,19.00,950.00,KILL,,AVAIL,Y,750
250823,GA18,2,1,50,50,G,19.00,950.00,KILL,,AVAIL,Y,750
250823,GA18,1,1,50,50,G,19.00,950.00,KILL,,AVAIL,Y,750
250823,GA18,10,1,50,50,G,19.00,950.00,KILL,,AVAIL,Y,740
250823,GA18,9,1,50,50,G,19.00,950.00,KILL,,AVAIL,Y,740
250823,GA18,8,1,50,50,G,19.00,950.00,KILL,,AVAIL,Y,740
250823,GA18,7,1,50,50,G,19.00,950.00,KILL,,AVAIL,Y,740
250823,GA18,6,1,50,50,G,19.00,950.00,KILL,,AVAIL,Y,740
250823,GA19,5,1,50,50,G,19.00,950.00,KILL,,AVAIL,Y,770
250823,GA19,4,1,50,50,G,19.00,950.00,KILL,,AVAIL,Y,770
250823,GA19,3,1,50,50,G,19.00,950.00,KILL,,AVAIL,Y,770
250823,GA19,2,1,50,50,G,19.00,950.00,KILL,,AVAIL,Y,770
250823,GA19,1,1,50,50,G,19.00,950.00,KILL,,AVAIL,Y,770
250823,GA19,10,1,50,50,G,19.00,950.00,KILL,,AVAIL,Y,760
250823,GA19,9,1,50,50,G,19.00,950.00,KILL,,AVAIL,Y,760
250823,GA19,8,1,50,50,G,19.00,950.00,KILL,,AVAIL,Y,760
250823,GA19,7,1,50,50,G,19.00,950.00,KILL,,AVAIL,Y,760
250823,GA19,6,1,50,50,G,19.00,950.00,KILL,,AVAIL,Y,760
250823,GA20,5,1,50,50,G,19.00,950.00,KILL,,AVAIL,Y,790
250823,GA20,4,1,50,50,G,19.00,950.00,KILL,,AVAIL,Y,790
250823,GA20,3,1,50,50,G,19.00,950.00,KILL,,AVAIL,Y,790
250823,GA20,2,1,50,50,G,19.00,950.00,KILL,,AVAIL,Y,790
250823,GA20,1,1,50,50,G,19.00,950.00,KILL,,AVAIL,Y,790
250823,GA20,10,1,50,50,G,19.00,950.00,KILL,,AVAIL,Y,780
250823,GA20,9,1,50,50,G,19.00,950.00,KILL,,AVAIL,Y,780
250823,GA20,8,1,50,50,G,19.00,950.00,KILL,,AVAIL,Y,780
250823,GA20,7,1,50,50,G,19.00,950.00,KILL,,AVAIL,Y,780
250823,GA20,6,1,50,50,G,19.00,950.00,KILL,,AVAIL,Y,780
250823,MILLER,2,1,50,50,I,0,0,FUTURE,,AVAIL,N,860
250823,MILLER,1,1,50,50,I,0,0,FUTURE,,AVAIL,N,860
250823,MILLER,5,1,50,50,I,0,0,FUTURE,,AVAIL,N,860
250823,MILLER,4,1,50,50,I,0,0,FUTURE,,AVAIL,N,860
250823,MILLER,3,1,50,50,I,0,0,FUTURE,,AVAIL,N,860
250823,SRO1,SR3,1,50,50,H,0,0,DIST-OPEN,,AVAIL,N,800
250823,SRO1,SR1,1,50,50,H,0,0,DIST-OPEN,,AVAIL,N,800
250823,SRO1,SR5,1,50,50,H,0,0,DIST-OPEN,,AVAIL,N,800
250823,SRO1,SR4,1,50,50,H,0,0,DIST-OPEN,,AVAIL,N,800
250823,SRO1,S10,1,50,50,H,0,0,DIST-OPEN,,AVAIL,N,810
250823,SRO1,SR2,1,50,50,H,0,0,DIST-OPEN,,AVAIL,N,800
250823,SRO1,SR8,1,50,50,H,0,0,DIST-OPEN,,AVAIL,N,810
250823,SRO1,SR9,1,50,50,H,0,0,DIST-OPEN,,AVAIL,N,810
250823,SRO1,SR6,1,50,50,H,0,0,DIST-OPEN,,AVAIL,N,810
250823,SRO1,SR7,1,50,50,H,0,0,DIST-OPEN,,AVAIL,N,810
250823,SRO2,SR8,1,50,50,H,0,0,DIST-OPEN,,AVAIL,N,830
250823,SRO2,SR9,1,50,50,H,0,0,DIST-OPEN,,AVAIL,N,830
250823,SRO2,SR4,1,50,50,H,0,0,DIST-OPEN,,AVAIL,N,820
250823,SRO2,S10,1,50,50,H,0,0,DIST-OPEN,,AVAIL,N,830
250823,SRO2,SR5,1,50,50,H,0,0,DIST-OPEN,,AVAIL,N,820
250823,SRO2,SR3,1,50,50,H,0,0,DIST-OPEN,,AVAIL,N,820
250823,SRO2,SR1,1,50,50,H,0,0,DIST-OPEN,,AVAIL,N,820
250823,SRO2,SR7,1,50,50,H,0,0,DIST-OPEN,,AVAIL,N,830
250823,SRO2,SR6,1,50,50,H,0,0,DIST-OPEN,,AVAIL,N,830
250823,SRO2,SR2,1,50,50,H,0,0,DIST-OPEN,,AVAIL,N,820
250823,SRO3,SR9,1,50,50,H,0,0,DIST-OPEN,,AVAIL,N,850
250823,SRO3,SR6,1,50,50,H,0,0,DIST-OPEN,,AVAIL,N,850
250823,SRO3,S10,1,50,50,H,0,0,DIST-OPEN,,AVAIL,N,850
250823,SRO3,SR8,1,50,50,H,0,0,DIST-OPEN,,AVAIL,N,850
250823,SRO3,SR4,1,50,50,H,0,0,DIST-OPEN,,AVAIL,N,840
250823,SRO3,SR7,1,50,50,H,0,0,DIST-OPEN,,AVAIL,N,850
250823,SRO3,SR5,1,50,50,H,0,0,DIST-OPEN,,AVAIL,N,840
250823,SRO3,SR2,1,50,50,H,0,0,DIST-OPEN,,AVAIL,N,840
250823,SRO3,SR1,1,50,50,H,0,0,DIST-OPEN,,AVAIL,N,840
250823,SRO3,SR3,1,50,50,H,0,0,DIST-OPEN,,AVAIL,N,840
250823,STE2,GA0,1,25,25,K,200.00,5000.00,SUITES,,AVAIL,N,100
250823,STE3,GA0,1,25,25,K,200.00,5000.00,SUITES,,AVAIL,N,100
250823,STE4,GA0,26,40,15,K,200.00,3000.00,SUITES,,AVAIL,N,100
250823,STE5,GA0,1,30,30,K,200.00,6000.00,SUITES,,AVAIL,N,100
250823,VIP,15,1,50,50,I,0,0,FUTURE,,AVAIL,N,980
250823,VIP,14,1,50,50,I,0,0,FUTURE,,AVAIL,N,980
250823,VIP,13,1,50,50,I,0,0,FUTURE,,AVAIL,N,980
250823,VIP,12,1,50,50,I,0,0,FUTURE,,AVAIL,N,980
250823,VIP,11,1,50,50,I,0,0,FUTURE,,AVAIL,N,980
250823,VIP,10,1,50,50,I,0,0,FUTURE,,AVAIL,N,970
250823,VIP,9,1,50,50,I,0,0,FUTURE,,AVAIL,N,970
250823,VIP,8,1,50,50,I,0,0,FUTURE,,AVAIL,N,970
250823,VIP,7,1,50,50,I,0,0,FUTURE,,AVAIL,N,970
250823,VIP,6,1,50,50,I,0,0,FUTURE,,AVAIL,N,970
250823,VIP,5,1,50,50,I,0,0,FUTURE,,AVAIL,N,960
250823,VIP,4,1,50,50,I,0,0,FUTURE,,AVAIL,N,960
250823,VIP,3,1,50,50,I,0,0,FUTURE,,AVAIL,N,960
250823,VIP,2,1,50,50,I,0,0,FUTURE,,AVAIL,N,960
250823,VIP,1,1,50,50,I,0,0,FUTURE,,AVAIL,N,960
250823F,GA1,GA0,1,25,25,A,60.00,1500.00,OPEN,,AVAIL,N,10
250823G,GA1,GA0,1,50,50,A,0,0,OPEN,,AVAIL,N,10
250823HC,GA1,GA0,1,4,4,A,125.00,500.00,OPEN,,AVAIL,N,10
250823M,GA1,GA0,1,25,25,A,50.00,1250.00,OPEN,,AVAIL,N,10
250823PK,GA0,GA2,39,50,12,A,0,0,DIST-OPEN,,AVAIL,N,10
250823PK,GA0,GA6,1,50,50,A,0,0,DIST-OPEN,,AVAIL,N,10
250823PK,GA0,GA4,1,50,50,A,0,0,DIST-OPEN,,AVAIL,N,10
250823PK,GA0,GA1,49,50,2,A,0,0,DIST-OPEN,,AVAIL,N,10
250823PK,GA0,GA5,1,50,50,A,0,0,DIST-OPEN,,AVAIL,N,10
250823PK,GA0,GA9,1,50,50,A,0,0,DIST-OPEN,,AVAIL,N,10
250823PK,GA0,GA3,1,50,50,A,0,0,DIST-OPEN,,AVAIL,N,10
250823PK,GA0,GA7,1,50,50,A,0,0,DIST-OPEN,,AVAIL,N,10
250823PK,GA0,GA8,1,50,50,A,0,0,DIST-OPEN,,AVAIL,N,10
250823PK,GA1,GA7,1,50,50,A,0,0,DIST-OPEN,,AVAIL,N,20
250823PK,GA1,GA6,1,50,50,A,0,0,DIST-OPEN,,AVAIL,N,20
250823PK,GA1,GA9,1,50,50,A,0,0,DIST-OPEN,,AVAIL,N,20
250823PK,GA1,GA4,1,50,50,A,0,0,DIST-OPEN,,AVAIL,N,20
250823PK,GA1,GA0,1,50,50,A,0,0,DIST-OPEN,,AVAIL,N,20
250823PK,GA1,GA5,1,50,50,A,0,0,DIST-OPEN,,AVAIL,N,20
250823PK,GA1,GA8,1,50,50,A,0,0,DIST-OPEN,,AVAIL,N,20
250823PK,GA1,GA2,1,50,50,A,0,0,DIST-OPEN,,AVAIL,N,20
250823PK,GA1,GA3,1,50,50,A,0,0,DIST-OPEN,,AVAIL,N,20
250823PK,GA1,GA1,1,50,50,A,0,0,DIST-OPEN,,AVAIL,N,20
250823PK,GA2,GA8,1,50,50,A,0,0,DIST-OPEN,,AVAIL,N,30
250823PK,GA2,GA4,1,50,50,A,0,0,DIST-OPEN,,AVAIL,N,30
250823PK,GA2,GA2,1,50,50,A,0,0,DIST-OPEN,,AVAIL,N,30
250823PK,GA2,GA6,1,50,50,A,0,0,DIST-OPEN,,AVAIL,N,30
250823PK,GA2,GA0,1,50,50,A,0,0,DIST-OPEN,,AVAIL,N,30
250823PK,GA2,GA7,1,50,50,A,0,0,DIST-OPEN,,AVAIL,N,30
250823PK,GA2,GA3,1,50,50,A,0,0,DIST-OPEN,,AVAIL,N,30
250823PK,GA2,GA1,1,50,50,A,0,0,DIST-OPEN,,AVAIL,N,30
250823PK,GA2,GA9,1,50,50,A,0,0,DIST-OPEN,,AVAIL,N,30
250823PK,GA2,GA5,1,50,50,A,0,0,DIST-OPEN,,AVAIL,N,30
250901,307,GA1,1,25,25,A,300.00,7500.00,SUITES,,AVAIL,N,100
250901,310,GA1,1,25,25,A,300.00,7500.00,VENUE,,AVAIL,N,100
250901,311,GA1,1,25,25,A,300.00,7500.00,VENUE,,AVAIL,N,100
250901,312,GA1,1,25,25,A,300.00,7500.00,SUITES,,AVAIL,N,100
250901,313,GA1,1,25,25,A,300.00,7500.00,SUITES,,AVAIL,N,100
250901,314,GA1,1,25,25,A,300.00,7500.00,VENUE,,AVAIL,N,100
250901,320,GA1,1,25,25,A,300.00,7500.00,SUITES,,AVAIL,N,100
250901,321,GA1,1,25,25,A,300.00,7500.00,SUITES,,AVAIL,N,100
250901,322,GA1,1,25,25,A,300.00,7500.00,SUITES,,AVAIL,N,100
250901,323,GA1,1,25,25,A,300.00,7500.00,SUITES,,AVAIL,N,100
250901,324,GA1,1,25,25,A,300.00,7500.00,SUITES,,AVAIL,N,100
250901,325,GA1,1,25,25,A,300.00,7500.00,VENUE,,AVAIL,N,100
250901,326,GA1,1,25,25,A,300.00,7500.00,SUITES,,AVAIL,N,100
250901,327,GA1,1,25,25,A,300.00,7500.00,SUITES,,AVAIL,N,100
250901,328,GA1,1,25,25,A,300.00,7500.00,VENUE,,AVAIL,N,100
250901,329,GA1,1,25,25,A,300.00,7500.00,VENUE,,AVAIL,N,100
250901,331,GA1,1,25,25,A,300.00,7500.00,VENUE,,AVAIL,N,100
250901,332,GA1,1,25,25,A,300.00,7500.00,SUITES,,AVAIL,N,100
250901,333,GA1,1,25,25,A,300.00,7500.00,SUITES,,AVAIL,N,100
250901,334,GA1,1,25,25,A,300.00,7500.00,SUITES,,AVAIL,N,100
250901,335,GA1,1,25,25,A,300.00,7500.00,SUITES,,AVAIL,N,100
250901,336,GA1,1,25,25,A,300.00,7500.00,SUITES,,AVAIL,N,100
250901,337,GA1,1,25,25,A,300.00,7500.00,VENUE,,AVAIL,N,100
250901,338,GA1,1,25,25,A,300.00,7500.00,SUITES,,AVAIL,N,100
250901,339,GA1,1,25,25,A,300.00,7500.00,SUITES,,AVAIL,N,100
250914,417,SRO,4,5,2,A,470.59,941.18,SUITES,,AVAIL,N,100
250914,510,SRO,1,5,5,A,470.59,2352.95,SUITES,,AVAIL,N,100
250914,510,1,1,17,17,A,470.59,8000.03,SUITES,,AVAIL,N,100
250914,515,SRO,1,5,5,A,470.59,2352.95,SUITES,,AVAIL,N,100
250914,515,1,1,17,17,A,470.59,8000.03,SUITES,,AVAIL,N,100
250914,STE1,GA0,1,17,17,A,470.59,8000.03,SUITES,,AVAIL,N,100
250914,STE2,GA0,1,17,17,A,470.59,8000.03,SUITES,,AVAIL,N,100
250914,STE10,GA0,1,25,25,ASI,470.59,11764.75,SUITES,,AVAIL,N,100
25215HCA,GA1,GA0,2,4,3,A,0,0,GROUP,,AVAIL,N,10
25215HCA,GA1,GA0,5,50,46,A,0,0,KILL,,AVAIL,Y,10
25215HCE,GA1,GA0,2,4,3,A,0,0,GROUP,,AVAIL,N,10
25215HCE,GA1,GA0,5,50,46,A,0,0,KILL,,AVAIL,Y,10
25215MGA,GA1,GA0,14,15,2,A,0,0,GROUP,,AVAIL,N,10
25215MGA,GA1,GA0,16,50,35,A,0,0,KILL,,AVAIL,Y,10
25215MGA,GA1,GA7,1,50,50,A,0,0,KILL,,AVAIL,Y,10
25215MGA,GA1,GA3,1,50,50,A,0,0,KILL,,AVAIL,Y,10
25215MGA,GA1,GA1,1,50,50,A,0,0,KILL,,AVAIL,Y,10
25215MGA,GA1,GA8,1,50,50,A,0,0,KILL,,AVAIL,Y,10
25215MGA,GA1,GA9,1,50,50,A,0,0,KILL,,AVAIL,Y,10
25215MGA,GA1,GA4,1,50,50,A,0,0,KILL,,AVAIL,Y,10
25215MGA,GA1,GA5,1,50,50,A,0,0,KILL,,AVAIL,Y,10
25215MGA,GA1,GA2,1,50,50,A,0,0,KILL,,AVAIL,Y,10
25215MGA,GA1,GA6,1,50,50,A,0,0,KILL,,AVAIL,Y,10
25215MGB,GA1,GA9,1,50,50,A,0,0,KILL,,AVAIL,Y,10
25215MGB,GA1,GA8,1,50,50,A,0,0,KILL,,AVAIL,Y,10
25215MGB,GA1,GA7,1,50,50,A,0,0,KILL,,AVAIL,Y,10
25215MGB,GA1,GA6,1,50,50,A,0,0,KILL,,AVAIL,Y,10
25215MGB,GA1,GA5,1,50,50,A,0,0,KILL,,AVAIL,Y,10
25215MGB,GA1,GA4,1,50,50,A,0,0,KILL,,AVAIL,Y,10
25215MGB,GA1,GA3,1,50,50,A,0,0,KILL,,AVAIL,Y,10
25215MGB,GA1,GA2,1,50,50,A,0,0,KILL,,AVAIL,Y,10
25215MGB,GA1,GA1,1,50,50,A,0,0,KILL,,AVAIL,Y,10
25215MGB,GA1,GA0,16,50,35,A,0,0,KILL,,AVAIL,Y,10
25215MGB,GA1,GA0,6,14,9,A,0,0,GROUP,,AVAIL,N,10
25216HCA,GA1,GA0,1,2,2,A,0,0,GROUP,,AVAIL,N,10
25216HCA,GA1,GA0,3,50,48,A,0,0,KILL,,AVAIL,Y,10
25216HCE,GA1,GA0,1,2,2,A,0,0,GROUP,,AVAIL,N,10
25216HCE,GA1,GA0,3,50,48,A,0,0,KILL,,AVAIL,Y,10
25216MGA,GA1,GA0,2,15,14,A,0,0,GROUP,,AVAIL,N,10
25216MGA,GA1,GA7,1,50,50,A,0,0,KILL,,AVAIL,Y,10
25216MGA,GA1,GA3,1,50,50,A,0,0,KILL,,AVAIL,Y,10
25216MGA,GA1,GA8,1,50,50,A,0,0,KILL,,AVAIL,Y,10
25216MGA,GA1,GA1,1,50,50,A,0,0,KILL,,AVAIL,Y,10
25216MGA,GA1,GA9,1,50,50,A,0,0,KILL,,AVAIL,Y,10
25216MGA,GA1,GA4,1,50,50,A,0,0,KILL,,AVAIL,Y,10
25216MGA,GA1,GA0,16,50,35,A,0,0,KILL,,AVAIL,Y,10
25216MGA,GA1,GA5,1,50,50,A,0,0,KILL,,AVAIL,Y,10
25216MGA,GA1,GA2,1,50,50,A,0,0,KILL,,AVAIL,Y,10
25216MGA,GA1,GA6,1,50,50,A,0,0,KILL,,AVAIL,Y,10
25216MGB,GA1,GA0,23,50,28,A,0,0,GROUP,,AVAIL,N,10
25216MGB,GA1,GA9,1,50,50,A,0,0,KILL,,AVAIL,Y,10
25216MGB,GA1,GA8,1,50,50,A,0,0,KILL,,AVAIL,Y,10
25216MGB,GA1,GA7,1,50,50,A,0,0,KILL,,AVAIL,Y,10
25216MGB,GA1,GA6,1,50,50,A,0,0,KILL,,AVAIL,Y,10
25216MGB,GA1,GA5,1,50,50,A,0,0,KILL,,AVAIL,Y,10
25216MGB,GA1,GA4,1,50,50,A,0,0,KILL,,AVAIL,Y,10
25216MGB,GA1,GA3,1,50,50,A,0,0,KILL,,AVAIL,Y,10
25216MGB,GA1,GA2,1,50,50,A,0,0,KILL,,AVAIL,Y,10
25216MGB,GA1,GA1,1,50,50,A,0,0,KILL,,AVAIL,Y,10
25216MGB,GA1,GA0,1,15,15,A,0,0,GROUP,,AVAIL,N,10
25AHP,103,C,1,2,2,F,0,0,OPEN,,AVAIL,N,200
25AHP,103,B,5,8,4,F,0,0,OPEN,,AVAIL,N,200
25AHP,105,K,1,3,3,E,0,0,OPEN,,AVAIL,N,130
25AHP,105,B,9,10,2,D,0,0,OPEN,,AVAIL,N,100
25AHP,105,G,13,16,4,E,0,0,OPEN,,AVAIL,N,130
25AHP,105,H,15,16,2,E,0,0,OPEN,,AVAIL,N,130
25AHP,106,A,3,4,2,C,0,0,OPEN,,AVAIL,N,70
25AHP,106,A,9,11,3,C,0,0,OPEN,,AVAIL,N,70
25AHP,206,B,9,11,3,H,0,0,OPEN,,AVAIL,N,390
25AHP,BERM1,GA9,1,50,50,I,0,0,FUTURE,,AVAIL,N,440
25AHP,BERM1,GA8,1,50,50,I,0,0,FUTURE,,AVAIL,N,440
25AHP,BERM1,GA7,1,50,50,I,0,0,FUTURE,,AVAIL,N,440
25AHP,BERM1,GA6,1,50,50,I,0,0,FUTURE,,AVAIL,N,440
25AHP,BERM1,GA5,1,50,50,I,0,0,FUTURE,,AVAIL,N,440
25AHP,BERM1,GA4,1,50,50,I,0,0,FUTURE,,AVAIL,N,440
25AHP,BERM1,GA3,1,50,50,I,0,0,FUTURE,,AVAIL,N,440
25AHP,BERM1,GA2,1,50,50,I,0,0,FUTURE,,AVAIL,N,440
25AHP,BERM1,GA1,1,50,50,I,0,0,FUTURE,,AVAIL,N,440
25AHP,BERM1,GA0,1,50,50,I,0,0,FUTURE,,AVAIL,N,440
25AHP,BERM2,GA4,1,50,50,I,0,0,FUTURE,,AVAIL,N,450
25AHP,BERM2,GA8,1,50,50,I,0,0,FUTURE,,AVAIL,N,450
25AHP,BERM2,GA9,1,50,50,I,0,0,FUTURE,,AVAIL,N,450
25AHP,BERM2,GA7,1,50,50,I,0,0,FUTURE,,AVAIL,N,450
25AHP,BERM2,GA6,1,50,50,I,0,0,FUTURE,,AVAIL,N,450
25AHP,BERM2,GA5,1,50,50,I,0,0,FUTURE,,AVAIL,N,450
25AHP,BERM2,GA3,1,50,50,I,0,0,FUTURE,,AVAIL,N,450
25AHP,BERM2,GA2,1,50,50,I,0,0,FUTURE,,AVAIL,N,450
25AHP,BERM2,GA1,1,50,50,I,0,0,FUTURE,,AVAIL,N,450
25AHP,BERM2,GA0,1,50,50,I,0,0,FUTURE,,AVAIL,N,450
25AHP,BERM3,GA6,1,50,50,I,0,0,FUTURE,,AVAIL,N,460
25AHP,BERM3,GA9,1,50,50,I,0,0,FUTURE,,AVAIL,N,460
25AHP,BERM3,GA8,1,50,50,I,0,0,FUTURE,,AVAIL,N,460
25AHP,BERM3,GA7,1,50,50,I,0,0,FUTURE,,AVAIL,N,460
25AHP,BERM3,GA5,1,50,50,I,0,0,FUTURE,,AVAIL,N,460
25AHP,BERM3,GA4,1,50,50,I,0,0,FUTURE,,AVAIL,N,460
25AHP,BERM3,GA3,1,50,50,I,0,0,FUTURE,,AVAIL,N,460
25AHP,BERM3,GA2,1,50,50,I,0,0,FUTURE,,AVAIL,N,460
25AHP,BERM3,GA1,1,50,50,I,0,0,FUTURE,,AVAIL,N,460
25AHP,BERM3,GA0,1,50,50,I,0,0,FUTURE,,AVAIL,N,460
25AHP,BERM4,GA9,1,50,50,I,0,0,FUTURE,,AVAIL,N,470
25AHP,BERM4,GA7,1,50,50,I,0,0,FUTURE,,AVAIL,N,470
25AHP,BERM4,GA6,1,50,50,I,0,0,FUTURE,,AVAIL,N,470
25AHP,BERM4,GA5,1,50,50,I,0,0,FUTURE,,AVAIL,N,470
25AHP,BERM4,GA4,1,50,50,I,0,0,FUTURE,,AVAIL,N,470
25AHP,BERM4,GA3,1,50,50,I,0,0,FUTURE,,AVAIL,N,470
25AHP,BERM4,GA2,1,50,50,I,0,0,FUTURE,,AVAIL,N,470
25AHP,BERM4,GA1,1,50,50,I,0,0,FUTURE,,AVAIL,N,470
25AHP,BERM4,GA0,1,50,50,I,0,0,FUTURE,,AVAIL,N,470
25AHP,BERM4,GA8,1,50,50,I,0,0,FUTURE,,AVAIL,N,470
25AHP,TSL,GA9,1,50,50,J,0,0,KILL,,AVAIL,Y,480
25AHP,TSL,GA7,1,50,50,J,0,0,KILL,,AVAIL,Y,480
25AHP,TSL,GA5,1,50,50,J,0,0,KILL,,AVAIL,Y,480
25AHP,TSL,GA1,11,50,40,J,0,0,KILL,,AVAIL,Y,480
25AHP,TSL,GA0,1,36,36,J,0,0,BOX OFFICE HOLD,,AVAIL,N,480
25AHP,TSL,GA2,1,50,50,J,0,0,KILL,,AVAIL,Y,480
25AHP,TSL,GA6,1,50,50,J,0,0,KILL,,AVAIL,Y,480
25AHP,TSL,GA4,1,50,50,J,0,0,KILL,,AVAIL,Y,480
25AHP,TSL,GA8,1,50,50,J,0,0,KILL,,AVAIL,Y,480
25AHP,TSL,GA3,1,50,50,J,0,0,KILL,,AVAIL,Y,480
25APLUS,GA1,GA2,24,50,27,A,50.00,1350.00,OPEN,,AVAIL,N,100
25APLUS,GA1,GA2,1,1,1,A,50.00,50.00,OPEN,,AVAIL,N,100
25APLUS,GA1,GA1,29,32,4,A,50.00,200.00,OPEN,,AVAIL,N,100
25APRO,GA1,GA0,1,50,50,A,89.99,4499.50,DIST-OPEN,,AVAIL,N,10
25APRO,GA1,GA1,1,50,50,A,89.99,4499.50,DIST-OPEN,,AVAIL,N,10
25AVIP,GA1,GA1,39,50,12,A,175.00,2100.00,OPEN,,AVAIL,N,100
25BGIFT,GA1,GA3,19,50,32,A,0,0,OPEN,,AVAIL,N,10
25BGIFT,GA1,GA9,1,50,50,A,0,0,OPEN,,AVAIL,N,10
25BGIFT,GA1,GA8,1,50,50,A,0,0,OPEN,,AVAIL,N,10
25BGIFT,GA1,GA7,1,50,50,A,0,0,OPEN,,AVAIL,N,10
25BGIFT,GA1,GA6,1,50,50,A,0,0,OPEN,,AVAIL,N,10
25BGIFT,GA1,GA5,1,50,50,A,0,0,OPEN,,AVAIL,N,10
25BGIFT,GA1,GA4,1,50,50,A,0,0,OPEN,,AVAIL,N,10
25BHP,6,3,1,10,10,D,150.00,1500.00,BIZDEV,,AVAIL,N,180
25BHP,7,3,10,15,6,D,150.00,900.00,BIZDEV,,AVAIL,N,160
25BHP,BARDWN,GA9,1,50,50,J,0,0,KILL,,AVAIL,Y,510
25BHP,BARDWN,GA8,1,50,50,J,0,0,KILL,,AVAIL,Y,510
25BHP,BARDWN,GA7,1,50,50,J,0,0,KILL,,AVAIL,Y,510
25BHP,BARDWN,GA3,1,50,50,J,0,0,KILL,,AVAIL,Y,510
25BHP,BARDWN,GA1,1,50,50,J,0,0,KILL,,AVAIL,Y,510
25BHP,BARDWN,GA0,1,50,50,J,0,0,KILL,,AVAIL,Y,510
25BHP,BARDWN,GA6,1,50,50,J,0,0,KILL,,AVAIL,Y,510
25BHP,BARDWN,GA5,1,50,50,J,0,0,KILL,,AVAIL,Y,510
25BHP,BARDWN,GA4,1,50,50,J,0,0,KILL,,AVAIL,Y,510
25BHP,BARDWN,GA2,1,50,50,J,0,0,KILL,,AVAIL,Y,510
25BHP,FLD1,B,1,30,30,B,0,0,KILL,,AVAIL,Y,10
25BHP,PRES,PRES,1,15,15,A,518.00,7770.00,PRESIDENT,,AVAIL,N,100
25BHP,SRO1,SR8,1,50,50,H,46.00,2300.00,KILL,,AVAIL,Y,490
25BHP,SRO1,SR7,1,50,50,H,46.00,2300.00,KILL,,AVAIL,Y,490
25BHP,SRO1,SR6,1,50,50,H,46.00,2300.00,KILL,,AVAIL,Y,490
25BHP,SRO1,SR5,1,50,50,H,46.00,2300.00,KILL,,AVAIL,Y,490
25BHP,SRO1,SR4,1,50,50,H,46.00,2300.00,KILL,,AVAIL,Y,490
25BHP,SRO1,SR3,1,50,50,H,46.00,2300.00,KILL,,AVAIL,Y,490
25BHP,SRO1,SR2,1,50,50,H,46.00,2300.00,KILL,,AVAIL,Y,490
25BHP,SRO1,SR1,1,50,50,H,46.00,2300.00,KILL,,AVAIL,Y,490
25BHP,SRO1,SR0,2,50,49,H,46.00,2254.00,KILL,,AVAIL,Y,490
25BHP,SRO2,SR8,1,50,50,H,46.00,2300.00,KILL,,AVAIL,Y,500
25BHP,SRO2,SR7,1,50,50,H,46.00,2300.00,KILL,,AVAIL,Y,500
25BHP,SRO2,SR6,1,50,50,H,46.00,2300.00,KILL,,AVAIL,Y,500
25BHP,SRO2,SR5,1,50,50,H,46.00,2300.00,KILL,,AVAIL,Y,500
25BHP,SRO2,SR4,1,50,50,H,46.00,2300.00,KILL,,AVAIL,Y,500
25BHP,SRO2,SR3,1,50,50,H,46.00,2300.00,KILL,,AVAIL,Y,500
25BHP,SRO2,SR2,1,50,50,H,46.00,2300.00,KILL,,AVAIL,Y,500
25BHP,SRO2,SR1,1,50,50,H,46.00,2300.00,KILL,,AVAIL,Y,500
25BHP,SRO2,SR0,1,50,50,H,46.00,2300.00,KILL,,AVAIL,Y,500
25BHP,STE1,GA0,26,50,25,M,0,0,KILL,,AVAIL,Y,100
25BHP,STE2,GA0,26,50,25,M,0,0,KILL,,AVAIL,Y,100
25BHP,STE6,GA0,1,25,25,M,0,0,KILL,,AVAIL,Y,100
25BPLUS,GA1,GA10,1,50,50,A,50.00,2500.00,OPEN,,AVAIL,N,100
25BPLUS,GA1,GA9,1,50,50,A,50.00,2500.00,OPEN,,AVAIL,N,100
25BPLUS,GA1,GA8,1,50,50,A,50.00,2500.00,OPEN,,AVAIL,N,100
25BPLUS,GA1,GA7,1,50,50,A,50.00,2500.00,OPEN,,AVAIL,N,100
25BPLUS,GA1,GA6,1,50,50,A,50.00,2500.00,OPEN,,AVAIL,N,100
25BPLUS,GA1,GA5,1,50,50,A,50.00,2500.00,OPEN,,AVAIL,N,100
25BPLUS,GA1,GA4,1,50,50,A,50.00,2500.00,OPEN,,AVAIL,N,100
25BPLUS,GA1,GA3,1,50,50,A,50.00,2500.00,OPEN,,AVAIL,N,100
25BPLUS,GA1,GA2,33,50,18,A,50.00,900.00,OPEN,,AVAIL,N,100
25BPLUS,GA2,GA10,1,50,50,A,50.00,2500.00,OPEN,,AVAIL,N,100
25BPLUS,GA2,GA9,1,50,50,A,50.00,2500.00,OPEN,,AVAIL,N,100
25BPLUS,GA2,GA8,1,50,50,A,50.00,2500.00,OPEN,,AVAIL,N,100
25BPLUS,GA2,GA7,1,50,50,A,50.00,2500.00,OPEN,,AVAIL,N,100
25BPLUS,GA2,GA6,1,50,50,A,50.00,2500.00,OPEN,,AVAIL,N,100
25BPLUS,GA2,GA5,1,50,50,A,50.00,2500.00,OPEN,,AVAIL,N,100
25BPLUS,GA2,GA4,1,50,50,A,50.00,2500.00,OPEN,,AVAIL,N,100
25BPLUS,GA2,GA3,1,50,50,A,50.00,2500.00,OPEN,,AVAIL,N,100
25BPLUS,GA2,GA2,1,50,50,A,50.00,2500.00,OPEN,,AVAIL,N,100
25BPLUS,GA2,GA1,5,50,46,A,50.00,2300.00,OPEN,,AVAIL,N,100
25BPLUS,GA3,GA10,1,50,50,A,50.00,2500.00,OPEN,,AVAIL,N,100
25BPLUS,GA3,GA9,1,50,50,A,50.00,2500.00,OPEN,,AVAIL,N,100
25BPLUS,GA3,GA8,1,50,50,A,50.00,2500.00,OPEN,,AVAIL,N,100
25BPLUS,GA3,GA7,1,50,50,A,50.00,2500.00,OPEN,,AVAIL,N,100
25BPLUS,GA3,GA6,1,50,50,A,50.00,2500.00,OPEN,,AVAIL,N,100
25BPLUS,GA3,GA5,1,50,50,A,50.00,2500.00,OPEN,,AVAIL,N,100
25BPLUS,GA3,GA4,1,50,50,A,50.00,2500.00,OPEN,,AVAIL,N,100
25BPLUS,GA3,GA3,1,50,50,A,50.00,2500.00,OPEN,,AVAIL,N,100
25BPLUS,GA3,GA2,1,50,50,A,50.00,2500.00,OPEN,,AVAIL,N,100
25BPLUS,GA3,GA1,5,50,46,A,50.00,2300.00,OPEN,,AVAIL,N,100
25BPLUS,GA4,GA10,1,50,50,A,50.00,2500.00,OPEN,,AVAIL,N,100
25BPLUS,GA4,GA9,1,50,50,A,50.00,2500.00,OPEN,,AVAIL,N,100
25BPLUS,GA4,GA8,1,50,50,A,50.00,2500.00,OPEN,,AVAIL,N,100
25BPLUS,GA4,GA7,1,50,50,A,50.00,2500.00,OPEN,,AVAIL,N,100
25BPLUS,GA4,GA6,1,50,50,A,50.00,2500.00,OPEN,,AVAIL,N,100
25BPLUS,GA4,GA5,1,50,50,A,50.00,2500.00,OPEN,,AVAIL,N,100
25BPLUS,GA4,GA4,1,50,50,A,50.00,2500.00,OPEN,,AVAIL,N,100
25BPLUS,GA4,GA3,1,50,50,A,50.00,2500.00,OPEN,,AVAIL,N,100
25BPLUS,GA4,GA2,1,50,50,A,50.00,2500.00,OPEN,,AVAIL,N,100
25BPLUS,GA4,GA1,3,50,48,A,50.00,2400.00,OPEN,,AVAIL,N,100
25BPLUS,GA5,GA10,1,50,50,A,50.00,2500.00,OPEN,,AVAIL,N,100
25BPLUS,GA5,GA9,1,50,50,A,50.00,2500.00,OPEN,,AVAIL,N,100
25BPLUS,GA5,GA8,1,50,50,A,50.00,2500.00,OPEN,,AVAIL,N,100
25BPLUS,GA5,GA7,1,50,50,A,50.00,2500.00,OPEN,,AVAIL,N,100
25BPLUS,GA5,GA6,1,50,50,A,50.00,2500.00,OPEN,,AVAIL,N,100
25BPLUS,GA5,GA5,1,50,50,A,50.00,2500.00,OPEN,,AVAIL,N,100
25BPLUS,GA5,GA4,1,50,50,A,50.00,2500.00,OPEN,,AVAIL,N,100
25BPLUS,GA5,GA3,1,50,50,A,50.00,2500.00,OPEN,,AVAIL,N,100
25BPLUS,GA5,GA2,1,50,50,A,50.00,2500.00,OPEN,,AVAIL,N,100
25BPLUS,GA5,GA1,5,50,46,A,50.00,2300.00,OPEN,,AVAIL,N,100
25BPLUS,GA6,GA10,1,50,50,A,50.00,2500.00,OPEN,,AVAIL,N,100
25BPLUS,GA6,GA9,1,50,50,A,50.00,2500.00,OPEN,,AVAIL,N,100
25BPLUS,GA6,GA8,1,50,50,A,50.00,2500.00,OPEN,,AVAIL,N,100
25BPLUS,GA6,GA7,1,50,50,A,50.00,2500.00,OPEN,,AVAIL,N,100
25BPLUS,GA6,GA6,1,50,50,A,50.00,2500.00,OPEN,,AVAIL,N,100
25BPLUS,GA6,GA5,1,50,50,A,50.00,2500.00,OPEN,,AVAIL,N,100
25BPLUS,GA6,GA4,1,50,50,A,50.00,2500.00,OPEN,,AVAIL,N,100
25BPLUS,GA6,GA3,1,50,50,A,50.00,2500.00,OPEN,,AVAIL,N,100
25BPLUS,GA6,GA2,1,50,50,A,50.00,2500.00,OPEN,,AVAIL,N,100
25BPLUS,GA6,GA1,3,50,48,A,50.00,2400.00,OPEN,,AVAIL,N,100
25BPLUS,GA7,GA10,1,50,50,A,50.00,2500.00,OPEN,,AVAIL,N,100
25BPLUS,GA7,GA9,1,50,50,A,50.00,2500.00,OPEN,,AVAIL,N,100
25BPLUS,GA7,GA8,1,50,50,A,50.00,2500.00,OPEN,,AVAIL,N,100
25BPLUS,GA7,GA7,1,50,50,A,50.00,2500.00,OPEN,,AVAIL,N,100
25BPLUS,GA7,GA6,1,50,50,A,50.00,2500.00,OPEN,,AVAIL,N,100
25BPLUS,GA7,GA5,1,50,50,A,50.00,2500.00,OPEN,,AVAIL,N,100
25BPLUS,GA7,GA4,1,50,50,A,50.00,2500.00,OPEN,,AVAIL,N,100
25BPLUS,GA7,GA3,1,50,50,A,50.00,2500.00,OPEN,,AVAIL,N,100
25BPLUS,GA7,GA2,1,50,50,A,50.00,2500.00,OPEN,,AVAIL,N,100
25BPLUS,GA7,GA1,5,50,46,A,50.00,2300.00,OPEN,,AVAIL,N,100
25BPLUS,GA8,GA10,1,50,50,A,50.00,2500.00,OPEN,,AVAIL,N,100
25BPLUS,GA8,GA9,1,50,50,A,50.00,2500.00,OPEN,,AVAIL,N,100
25BPLUS,GA8,GA8,1,50,50,A,50.00,2500.00,OPEN,,AVAIL,N,100
25BPLUS,GA8,GA7,1,50,50,A,50.00,2500.00,OPEN,,AVAIL,N,100
25BPLUS,GA8,GA6,1,50,50,A,50.00,2500.00,OPEN,,AVAIL,N,100
25BPLUS,GA8,GA5,1,50,50,A,50.00,2500.00,OPEN,,AVAIL,N,100
25BPLUS,GA8,GA4,1,50,50,A,50.00,2500.00,OPEN,,AVAIL,N,100
25BPLUS,GA8,GA3,1,50,50,A,50.00,2500.00,OPEN,,AVAIL,N,100
25BPLUS,GA8,GA2,1,50,50,A,50.00,2500.00,OPEN,,AVAIL,N,100
25BPLUS,GA8,GA1,5,50,46,A,50.00,2300.00,OPEN,,AVAIL,N,100
25BPLUS,GA9,GA10,1,50,50,A,50.00,2500.00,OPEN,,AVAIL,N,100
25BPLUS,GA9,GA9,1,50,50,A,50.00,2500.00,OPEN,,AVAIL,N,100
25BPLUS,GA9,GA8,1,50,50,A,50.00,2500.00,OPEN,,AVAIL,N,100
25BPLUS,GA9,GA7,1,50,50,A,50.00,2500.00,OPEN,,AVAIL,N,100
25BPLUS,GA9,GA6,1,50,50,A,50.00,2500.00,OPEN,,AVAIL,N,100
25BPLUS,GA9,GA5,1,50,50,A,50.00,2500.00,OPEN,,AVAIL,N,100
25BPLUS,GA9,GA4,1,50,50,A,50.00,2500.00,OPEN,,AVAIL,N,100
25BPLUS,GA9,GA3,1,50,50,A,50.00,2500.00,OPEN,,AVAIL,N,100
25BPLUS,GA9,GA2,1,50,50,A,50.00,2500.00,OPEN,,AVAIL,N,100
25BPLUS,GA9,GA1,3,50,48,A,50.00,2400.00,OPEN,,AVAIL,N,100
25BPLUS,GA10,GA10,1,50,50,A,50.00,2500.00,OPEN,,AVAIL,N,100
25BPLUS,GA10,GA9,1,50,50,A,50.00,2500.00,OPEN,,AVAIL,N,100
25BPLUS,GA10,GA8,1,50,50,A,50.00,2500.00,OPEN,,AVAIL,N,100
25BPLUS,GA10,GA7,1,50,50,A,50.00,2500.00,OPEN,,AVAIL,N,100
25BPLUS,GA10,GA6,1,50,50,A,50.00,2500.00,OPEN,,AVAIL,N,100
25BPLUS,GA10,GA5,1,50,50,A,50.00,2500.00,OPEN,,AVAIL,N,100
25BPLUS,GA10,GA4,1,50,50,A,50.00,2500.00,OPEN,,AVAIL,N,100
25BPLUS,GA10,GA3,1,50,50,A,50.00,2500.00,OPEN,,AVAIL,N,100
25BPLUS,GA10,GA2,1,50,50,A,50.00,2500.00,OPEN,,AVAIL,N,100
25BPLUS,GA10,GA1,2,50,49,A,50.00,2450.00,OPEN,,AVAIL,N,100
25BPLUS,GA11,GA10,1,50,50,A,50.00,2500.00,OPEN,,AVAIL,N,100
25BPLUS,GA11,GA9,1,50,50,A,50.00,2500.00,OPEN,,AVAIL,N,100
25BPLUS,GA11,GA8,1,50,50,A,50.00,2500.00,OPEN,,AVAIL,N,100
25BPLUS,GA11,GA7,1,50,50,A,50.00,2500.00,OPEN,,AVAIL,N,100
25BPLUS,GA11,GA6,1,50,50,A,50.00,2500.00,OPEN,,AVAIL,N,100
25BPLUS,GA11,GA5,1,50,50,A,50.00,2500.00,OPEN,,AVAIL,N,100
25BPLUS,GA11,GA4,1,50,50,A,50.00,2500.00,OPEN,,AVAIL,N,100
25BPLUS,GA11,GA3,1,50,50,A,50.00,2500.00,OPEN,,AVAIL,N,100
25BPLUS,GA11,GA2,1,50,50,A,50.00,2500.00,OPEN,,AVAIL,N,100
25BPLUS,GA11,GA1,1,50,50,A,50.00,2500.00,OPEN,,AVAIL,N,100
25BPLUS,GA12,GA10,1,50,50,A,50.00,2500.00,OPEN,,AVAIL,N,100
25BPLUS,GA12,GA9,1,50,50,A,50.00,2500.00,OPEN,,AVAIL,N,100
25BPLUS,GA12,GA8,1,50,50,A,50.00,2500.00,OPEN,,AVAIL,N,100
25BPLUS,GA12,GA7,1,50,50,A,50.00,2500.00,OPEN,,AVAIL,N,100
25BPLUS,GA12,GA6,1,50,50,A,50.00,2500.00,OPEN,,AVAIL,N,100
25BPLUS,GA12,GA5,1,50,50,A,50.00,2500.00,OPEN,,AVAIL,N,100
25BPLUS,GA12,GA4,1,50,50,A,50.00,2500.00,OPEN,,AVAIL,N,100
25BPLUS,GA12,GA3,1,50,50,A,50.00,2500.00,OPEN,,AVAIL,N,100
25BPLUS,GA12,GA2,1,50,50,A,50.00,2500.00,OPEN,,AVAIL,N,100
25BPLUS,GA12,GA1,1,50,50,A,50.00,2500.00,OPEN,,AVAIL,N,100
25BPLUS,GA13,GA10,1,50,50,A,50.00,2500.00,OPEN,,AVAIL,N,100
25BPLUS,GA13,GA9,1,50,50,A,50.00,2500.00,OPEN,,AVAIL,N,100
25BPLUS,GA13,GA8,1,50,50,A,50.00,2500.00,OPEN,,AVAIL,N,100
25BPLUS,GA13,GA7,1,50,50,A,50.00,2500.00,OPEN,,AVAIL,N,100
25BPLUS,GA13,GA6,1,50,50,A,50.00,2500.00,OPEN,,AVAIL,N,100
25BPLUS,GA13,GA5,1,50,50,A,50.00,2500.00,OPEN,,AVAIL,N,100
25BPLUS,GA13,GA4,1,50,50,A,50.00,2500.00,OPEN,,AVAIL,N,100
25BPLUS,GA13,GA3,1,50,50,A,50.00,2500.00,OPEN,,AVAIL,N,100
25BPLUS,GA13,GA2,1,50,50,A,50.00,2500.00,OPEN,,AVAIL,N,100
25BPLUS,GA13,GA1,1,50,50,A,50.00,2500.00,OPEN,,AVAIL,N,100
25BPLUS,GA14,GA10,1,50,50,A,50.00,2500.00,OPEN,,AVAIL,N,100
25BPLUS,GA14,GA9,1,50,50,A,50.00,2500.00,OPEN,,AVAIL,N,100
25BPLUS,GA14,GA8,1,50,50,A,50.00,2500.00,OPEN,,AVAIL,N,100
25BPLUS,GA14,GA7,1,50,50,A,50.00,2500.00,OPEN,,AVAIL,N,100
25BPLUS,GA14,GA6,1,50,50,A,50.00,2500.00,OPEN,,AVAIL,N,100
25BPLUS,GA14,GA5,1,50,50,A,50.00,2500.00,OPEN,,AVAIL,N,100
25BPLUS,GA14,GA4,1,50,50,A,50.00,2500.00,OPEN,,AVAIL,N,100
25BPLUS,GA14,GA3,1,50,50,A,50.00,2500.00,OPEN,,AVAIL,N,100
25BPLUS,GA14,GA2,1,50,50,A,50.00,2500.00,OPEN,,AVAIL,N,100
25BPLUS,GA14,GA1,1,50,50,A,50.00,2500.00,OPEN,,AVAIL,N,100
25BPLUS,GA15,GA10,1,50,50,A,50.00,2500.00,OPEN,,AVAIL,N,100
25BPLUS,GA15,GA9,1,50,50,A,50.00,2500.00,OPEN,,AVAIL,N,100
25BPLUS,GA15,GA8,1,50,50,A,50.00,2500.00,OPEN,,AVAIL,N,100
25BPLUS,GA15,GA4,1,50,50,A,50.00,2500.00,OPEN,,AVAIL,N,100
25BPLUS,GA15,GA3,1,50,50,A,50.00,2500.00,OPEN,,AVAIL,N,100
25BPLUS,GA15,GA2,1,50,50,A,50.00,2500.00,OPEN,,AVAIL,N,100
25BPLUS,GA15,GA1,1,50,50,A,50.00,2500.00,OPEN,,AVAIL,N,100
25BPLUS,GA15,GA5,1,50,50,A,50.00,2500.00,OPEN,,AVAIL,N,100
25BPLUS,GA15,GA6,1,50,50,A,50.00,2500.00,OPEN,,AVAIL,N,100
25BPLUS,GA15,GA7,1,50,50,A,50.00,2500.00,OPEN,,AVAIL,N,100
25BPLUS,GA16,GA10,1,50,50,A,50.00,2500.00,OPEN,,AVAIL,N,100
25BPLUS,GA16,GA9,1,50,50,A,50.00,2500.00,OPEN,,AVAIL,N,100
25BPLUS,GA16,GA8,1,50,50,A,50.00,2500.00,OPEN,,AVAIL,N,100
25BPLUS,GA16,GA7,1,50,50,A,50.00,2500.00,OPEN,,AVAIL,N,100
25BPLUS,GA16,GA6,1,50,50,A,50.00,2500.00,OPEN,,AVAIL,N,100
25BPLUS,GA16,GA5,1,50,50,A,50.00,2500.00,OPEN,,AVAIL,N,100
25BPLUS,GA16,GA4,1,50,50,A,50.00,2500.00,OPEN,,AVAIL,N,100
25BPLUS,GA16,GA3,1,50,50,A,50.00,2500.00,OPEN,,AVAIL,N,100
25BPLUS,GA16,GA2,1,50,50,A,50.00,2500.00,OPEN,,AVAIL,N,100
25BPLUS,GA16,GA1,1,50,50,A,50.00,2500.00,OPEN,,AVAIL,N,100
25BPLUS,GA17,GA10,1,50,50,A,50.00,2500.00,OPEN,,AVAIL,N,100
25BPLUS,GA17,GA9,1,50,50,A,50.00,2500.00,OPEN,,AVAIL,N,100
25BPLUS,GA17,GA8,1,50,50,A,50.00,2500.00,OPEN,,AVAIL,N,100
25BPLUS,GA17,GA7,1,50,50,A,50.00,2500.00,OPEN,,AVAIL,N,100
25BPLUS,GA17,GA6,1,50,50,A,50.00,2500.00,OPEN,,AVAIL,N,100
25BPLUS,GA17,GA5,1,50,50,A,50.00,2500.00,OPEN,,AVAIL,N,100
25BPLUS,GA17,GA4,1,50,50,A,50.00,2500.00,OPEN,,AVAIL,N,100
25BPLUS,GA17,GA3,1,50,50,A,50.00,2500.00,OPEN,,AVAIL,N,100
25BPLUS,GA17,GA2,1,50,50,A,50.00,2500.00,OPEN,,AVAIL,N,100
25BPLUS,GA17,GA1,1,50,50,A,50.00,2500.00,OPEN,,AVAIL,N,100
25BPLUS,GA18,GA8,1,50,50,A,50.00,2500.00,OPEN,,AVAIL,N,100
25BPLUS,GA18,GA2,1,50,50,A,50.00,2500.00,OPEN,,AVAIL,N,100
25BPLUS,GA18,GA3,1,50,50,A,50.00,2500.00,OPEN,,AVAIL,N,100
25BPLUS,GA18,GA10,1,50,50,A,50.00,2500.00,OPEN,,AVAIL,N,100
25BPLUS,GA18,GA9,1,50,50,A,50.00,2500.00,OPEN,,AVAIL,N,100
25BPLUS,GA18,GA7,1,50,50,A,50.00,2500.00,OPEN,,AVAIL,N,100
25BPLUS,GA18,GA6,1,50,50,A,50.00,2500.00,OPEN,,AVAIL,N,100
25BPLUS,GA18,GA5,1,50,50,A,50.00,2500.00,OPEN,,AVAIL,N,100
25BPLUS,GA18,GA4,1,50,50,A,50.00,2500.00,OPEN,,AVAIL,N,100
25BPLUS,GA18,GA1,1,50,50,A,50.00,2500.00,OPEN,,AVAIL,N,100
25BPLUS,GA19,GA10,1,50,50,A,50.00,2500.00,OPEN,,AVAIL,N,100
25BPLUS,GA19,GA9,1,50,50,A,50.00,2500.00,OPEN,,AVAIL,N,100
25BPLUS,GA19,GA8,1,50,50,A,50.00,2500.00,OPEN,,AVAIL,N,100
25BPLUS,GA19,GA7,1,50,50,A,50.00,2500.00,OPEN,,AVAIL,N,100
25BPLUS,GA19,GA6,1,50,50,A,50.00,2500.00,OPEN,,AVAIL,N,100
25BPLUS,GA19,GA5,1,50,50,A,50.00,2500.00,OPEN,,AVAIL,N,100
25BPLUS,GA19,GA4,1,50,50,A,50.00,2500.00,OPEN,,AVAIL,N,100
25BPLUS,GA19,GA3,1,50,50,A,50.00,2500.00,OPEN,,AVAIL,N,100
25BPLUS,GA19,GA2,1,50,50,A,50.00,2500.00,OPEN,,AVAIL,N,100
25BPLUS,GA19,GA1,1,50,50,A,50.00,2500.00,OPEN,,AVAIL,N,100
25BPLUS,GA20,GA10,1,50,50,A,50.00,2500.00,OPEN,,AVAIL,N,100
25BPLUS,GA20,GA9,1,50,50,A,50.00,2500.00,OPEN,,AVAIL,N,100
25BPLUS,GA20,GA8,1,50,50,A,50.00,2500.00,OPEN,,AVAIL,N,100
25BPLUS,GA20,GA7,1,50,50,A,50.00,2500.00,OPEN,,AVAIL,N,100
25BPLUS,GA20,GA6,1,50,50,A,50.00,2500.00,OPEN,,AVAIL,N,100
25BPLUS,GA20,GA5,1,50,50,A,50.00,2500.00,OPEN,,AVAIL,N,100
25BPLUS,GA20,GA4,1,50,50,A,50.00,2500.00,OPEN,,AVAIL,N,100
25BPLUS,GA20,GA3,1,50,50,A,50.00,2500.00,OPEN,,AVAIL,N,100
25BPLUS,GA20,GA2,1,50,50,A,50.00,2500.00,OPEN,,AVAIL,N,100
25BPLUS,GA20,GA1,1,50,50,A,50.00,2500.00,OPEN,,AVAIL,N,100
25BPRO,GA1,GA1,1,50,50,A,89.99,4499.50,DIST-OPEN,,AVAIL,N,10
25BPRO,GA1,GA0,1,50,50,A,89.99,4499.50,DIST-OPEN,,AVAIL,N,10
25BSHP,C2,QQ,1,10,10,F,0,0,KILL,,AVAIL,Y,800
25BSHP,C2,PP,1,8,8,F,0,0,KILL,,AVAIL,Y,800
25BSHP,C2,OO,1,8,8,F,0,0,KILL,,AVAIL,Y,800
25BSHP,C2,NN,1,8,8,F,0,0,KILL,,AVAIL,Y,800
25BSHP,C3,QQ,1,25,25,F,0,0,KILL,,AVAIL,Y,810
25BSHP,C3,PP,1,21,21,F,0,0,KILL,,AVAIL,Y,810
25BSHP,C3,OO,1,21,21,F,0,0,KILL,,AVAIL,Y,810
25BSHP,C3,NN,1,21,21,F,0,0,KILL,,AVAIL,Y,810
25BSHP,C4,QQ,1,25,25,F,0,0,KILL,,AVAIL,Y,820
25BSHP,C4,PP,1,21,21,F,0,0,KILL,,AVAIL,Y,820
25BSHP,C4,OO,1,21,21,F,0,0,KILL,,AVAIL,Y,820
25BSHP,C4,NN,1,21,21,F,0,0,KILL,,AVAIL,Y,820
25BSHP,C5,QQ,1,25,25,F,0,0,KILL,,AVAIL,Y,830
25BSHP,C5,PP,1,21,21,F,0,0,KILL,,AVAIL,Y,830
25BSHP,C5,OO,1,21,21,F,0,0,KILL,,AVAIL,Y,830
25BSHP,C5,NN,1,21,21,F,0,0,KILL,,AVAIL,Y,830
25BSHP,C6,QQ,1,24,24,F,0,0,KILL,,AVAIL,Y,840
25BSHP,C6,PP,1,21,21,F,0,0,KILL,,AVAIL,Y,840
25BSHP,C6,OO,1,21,21,F,0,0,KILL,,AVAIL,Y,840
25BSHP,C6,NN,1,21,21,F,0,0,KILL,,AVAIL,Y,840
25BSHP,C7,QQ,1,25,25,F,0,0,KILL,,AVAIL,Y,850
25BSHP,C7,PP,1,21,21,F,0,0,KILL,,AVAIL,Y,850
25BSHP,C7,OO,1,21,21,F,0,0,KILL,,AVAIL,Y,850
25BSHP,C7,NN,1,21,21,F,0,0,KILL,,AVAIL,Y,850
25BSHP,C8,QQ,1,25,25,F,0,0,KILL,,AVAIL,Y,860
25BSHP,C8,PP,1,21,21,F,0,0,KILL,,AVAIL,Y,860
25BSHP,C8,OO,1,21,21,F,0,0,KILL,,AVAIL,Y,860
25BSHP,C8,NN,1,21,21,F,0,0,KILL,,AVAIL,Y,860
25BSHP,C9,QQ,1,25,25,F,0,0,KILL,,AVAIL,Y,870
25BSHP,C9,PP,1,21,21,F,0,0,KILL,,AVAIL,Y,870
25BSHP,C9,OO,1,21,21,F,0,0,KILL,,AVAIL,Y,870
25BSHP,C9,NN,1,21,21,F,0,0,KILL,,AVAIL,Y,870
25BSHP,C10,QQ,1,24,24,F,0,0,KILL,,AVAIL,Y,880
25BSHP,C10,PP,1,21,21,F,0,0,KILL,,AVAIL,Y,880
25BSHP,C10,OO,1,21,21,F,0,0,KILL,,AVAIL,Y,880
25BSHP,C10,NN,1,21,21,F,0,0,KILL,,AVAIL,Y,880
25BSHP,C11,QQ,1,25,25,F,0,0,KILL,,AVAIL,Y,890
25BSHP,C11,PP,1,21,21,F,0,0,KILL,,AVAIL,Y,890
25BSHP,C11,OO,1,21,21,F,0,0,KILL,,AVAIL,Y,890
25BSHP,C11,NN,1,21,21,F,0,0,KILL,,AVAIL,Y,890
25BSHP,C12,TT,1,25,25,F,0,0,KILL,,AVAIL,Y,900
25BSHP,C12,SS,1,21,21,F,0,0,KILL,,AVAIL,Y,900
25BSHP,C12,RR,1,21,21,F,0,0,KILL,,AVAIL,Y,900
25BSHP,C12,QQ,1,21,21,F,0,0,KILL,,AVAIL,Y,900
25BSHP,C13,TT,1,36,36,F,0,0,KILL,,AVAIL,Y,910
25BSHP,C13,SS,1,33,33,F,0,0,KILL,,AVAIL,Y,910
25BSHP,C13,RR,1,33,33,F,0,0,KILL,,AVAIL,Y,910
25BSHP,C13,QQ,1,33,33,F,0,0,KILL,,AVAIL,Y,910
25BSHP,C14,TT,1,37,37,H,0,0,KILL,,AVAIL,Y,920
25BSHP,C14,SS,1,33,33,H,0,0,KILL,,AVAIL,Y,920
25BSHP,C14,RR,1,32,32,H,0,0,KILL,,AVAIL,Y,920
25BSHP,C14,QQ,1,32,32,H,0,0,KILL,,AVAIL,Y,920
25BSHP,C15,TT,1,24,24,H,0,0,KILL,,AVAIL,Y,930
25BSHP,C15,SS,1,20,20,H,0,0,KILL,,AVAIL,Y,930
25BSHP,C15,RR,1,20,20,H,0,0,KILL,,AVAIL,Y,930
25BSHP,C15,QQ,1,20,20,H,0,0,KILL,,AVAIL,Y,930
25BSHP,C16,TT,1,37,37,H,0,0,KILL,,AVAIL,Y,940
25BSHP,C16,SS,1,33,33,H,0,0,KILL,,AVAIL,Y,940
25BSHP,C16,RR,1,32,32,H,0,0,KILL,,AVAIL,Y,940
25BSHP,C16,QQ,1,32,32,H,0,0,KILL,,AVAIL,Y,940
25BSHP,C17,TT,1,37,37,H,0,0,KILL,,AVAIL,Y,950
25BSHP,C17,SS,1,33,33,H,0,0,KILL,,AVAIL,Y,950
25BSHP,C17,RR,1,32,32,H,0,0,KILL,,AVAIL,Y,950
25BSHP,C17,QQ,1,32,32,H,0,0,KILL,,AVAIL,Y,950
25BSHP,C18,TT,1,23,23,H,0,0,KILL,,AVAIL,Y,960
25BSHP,C18,SS,1,20,20,H,0,0,KILL,,AVAIL,Y,960
25BSHP,C18,RR,1,20,20,H,0,0,KILL,,AVAIL,Y,960
25BSHP,C18,QQ,1,20,20,H,0,0,KILL,,AVAIL,Y,960
25BSHP,C19,TT,1,4,4,H,0,0,KILL,,AVAIL,Y,970
25BSHP,C19,SS,1,3,3,H,0,0,KILL,,AVAIL,Y,970
25BSHP,C19,RR,1,3,3,H,0,0,KILL,,AVAIL,Y,970
25BSHP,C19,QQ,1,3,3,H,0,0,KILL,,AVAIL,Y,970
25BSHP,C20,TT,1,33,33,H,0,0,KILL,,AVAIL,Y,980
25BSHP,C20,SS,1,29,29,H,0,0,KILL,,AVAIL,Y,980
25BSHP,C20,RR,1,29,29,H,0,0,KILL,,AVAIL,Y,980
25BSHP,C20,QQ,1,28,28,H,0,0,KILL,,AVAIL,Y,980
25BSHP,C21,TT,1,26,26,H,0,0,KILL,,AVAIL,Y,990
25BSHP,C21,SS,1,22,22,H,0,0,KILL,,AVAIL,Y,990
25BSHP,C21,RR,1,22,22,H,0,0,KILL,,AVAIL,Y,990
25BSHP,C21,QQ,1,22,22,H,0,0,KILL,,AVAIL,Y,990
25BSHP,C22,TT,1,35,35,H,0,0,KILL,,AVAIL,Y,1000
25BSHP,C22,SS,1,32,32,H,0,0,KILL,,AVAIL,Y,1000
25BSHP,C22,RR,1,31,31,H,0,0,KILL,,AVAIL,Y,1000
25BSHP,C22,QQ,1,31,31,H,0,0,KILL,,AVAIL,Y,1000
25BSHP,C23,TT,1,38,38,H,0,0,KILL,,AVAIL,Y,1010
25BSHP,C23,SS,1,34,34,H,0,0,KILL,,AVAIL,Y,1010
25BSHP,C23,RR,1,34,34,H,0,0,KILL,,AVAIL,Y,1010
25BSHP,C23,QQ,1,34,34,H,0,0,KILL,,AVAIL,Y,1010
25BSHP,C24,TT,1,24,24,H,0,0,KILL,,AVAIL,Y,1020
25BSHP,C24,SS,1,20,20,H,0,0,KILL,,AVAIL,Y,1020
25BSHP,C24,RR,1,19,19,H,0,0,KILL,,AVAIL,Y,1020
25BSHP,C24,QQ,1,19,19,H,0,0,KILL,,AVAIL,Y,1020
25BSHP,C25,TT,1,32,32,F,0,0,OPEN,,AVAIL,N,1030
25BSHP,C25,SS,1,33,33,F,0,0,OPEN,,AVAIL,N,1030
25BSHP,C25,RR,1,33,33,F,0,0,OPEN,,AVAIL,N,1030
25BSHP,C25,QQ,1,36,36,F,0,0,OPEN,,AVAIL,N,1030
25BSHP,C26,TT,1,37,37,F,0,0,OPEN,,AVAIL,N,1040
25BSHP,C26,SS,1,33,33,F,0,0,OPEN,,AVAIL,N,1040
25BSHP,C26,RR,1,33,33,F,0,0,OPEN,,AVAIL,N,1040
25BSHP,C26,QQ,1,33,33,F,0,0,OPEN,,AVAIL,N,1040
25BSHP,C27,TT,1,25,25,F,0,0,OPEN,,AVAIL,N,1050
25BSHP,C27,SS,1,22,22,F,0,0,OPEN,,AVAIL,N,1050
25BSHP,C27,RR,1,21,21,F,0,0,OPEN,,AVAIL,N,1050
25BSHP,C27,QQ,1,21,21,F,0,0,OPEN,,AVAIL,N,1050
25BSHP,C28,TT,1,25,25,F,0,0,OPEN,,AVAIL,N,1060
25BSHP,C28,SS,1,21,21,F,0,0,OPEN,,AVAIL,N,1060
25BSHP,C28,RR,1,21,21,F,0,0,OPEN,,AVAIL,N,1060
25BSHP,C28,QQ,1,21,21,F,0,0,OPEN,,AVAIL,N,1060
25BSHP,C29,TT,1,25,25,F,0,0,OPEN,,AVAIL,N,1070
25BSHP,C29,SS,1,21,21,F,0,0,OPEN,,AVAIL,N,1070
25BSHP,C29,RR,1,21,21,F,0,0,OPEN,,AVAIL,N,1070
25BSHP,C29,QQ,1,21,21,F,0,0,OPEN,,AVAIL,N,1070
25BSHP,C30,TT,1,25,25,F,0,0,OPEN,,AVAIL,N,1080
25BSHP,C30,SS,1,21,21,F,0,0,OPEN,,AVAIL,N,1080
25BSHP,C30,RR,1,21,21,F,0,0,OPEN,,AVAIL,N,1080
25BSHP,C30,QQ,1,21,21,F,0,0,OPEN,,AVAIL,N,1080
25BSHP,C31,TT,1,25,25,F,0,0,OPEN,,AVAIL,N,1090
25BSHP,C31,SS,1,21,21,F,0,0,OPEN,,AVAIL,N,1090
25BSHP,C31,RR,1,21,21,F,0,0,OPEN,,AVAIL,N,1090
25BSHP,C31,QQ,1,21,21,F,0,0,OPEN,,AVAIL,N,1090
25BSHP,C32,TT,1,25,25,F,0,0,OPEN,,AVAIL,N,1100
25BSHP,C32,SS,1,21,21,F,0,0,OPEN,,AVAIL,N,1100
25BSHP,C32,RR,1,21,21,F,0,0,OPEN,,AVAIL,N,1100
25BSHP,C32,QQ,1,21,21,F,0,0,OPEN,,AVAIL,N,1100
25BSHP,C33,TT,1,25,25,F,0,0,OPEN,,AVAIL,N,1110
25BSHP,C33,SS,1,21,21,F,0,0,OPEN,,AVAIL,N,1110
25BSHP,C33,RR,1,21,21,F,0,0,OPEN,,AVAIL,N,1110
25BSHP,C33,QQ,1,21,21,F,0,0,OPEN,,AVAIL,N,1110
25BSHP,C34,TT,1,25,25,F,0,0,OPEN,,AVAIL,N,1120
25BSHP,C34,SS,1,21,21,F,0,0,OPEN,,AVAIL,N,1120
25BSHP,C34,RR,1,21,21,F,0,0,OPEN,,AVAIL,N,1120
25BSHP,C34,QQ,1,21,21,F,0,0,OPEN,,AVAIL,N,1120
25BSHP,C35,TT,1,25,25,F,0,0,OPEN,,AVAIL,N,1130
25BSHP,C35,SS,1,21,21,F,0,0,OPEN,,AVAIL,N,1130
25BSHP,C35,RR,1,21,21,F,0,0,OPEN,,AVAIL,N,1130
25BSHP,C35,QQ,1,21,21,F,0,0,OPEN,,AVAIL,N,1130
25BSHP,C36,TT,1,25,25,F,0,0,OPEN,,AVAIL,N,1140
25BSHP,C36,SS,1,21,21,F,0,0,OPEN,,AVAIL,N,1140
25BSHP,C36,RR,1,21,21,F,0,0,OPEN,,AVAIL,N,1140
25BSHP,C36,QQ,1,21,21,F,0,0,OPEN,,AVAIL,N,1140
25BSHP,C37,TT,1,8,8,F,0,0,OPEN,,AVAIL,N,1150
25BSHP,C37,SS,1,8,8,F,0,0,OPEN,,AVAIL,N,1150
25BSHP,C37,RR,1,8,8,F,0,0,OPEN,,AVAIL,N,1150
25BSHP,FLD1,B,1,30,30,A,0,0,KILL,,AVAIL,Y,10
25BSHP,FLD1,A,27,27,1,A,0,0,OPEN,,AVAIL,N,10
25BSHP,R1,MM,13,21,9,E,0,0,KILL,,AVAIL,Y,40
25BSHP,R1,LL,1,21,21,E,0,0,KILL,,AVAIL,Y,40
25BSHP,R1,KK,1,21,21,E,0,0,KILL,,AVAIL,Y,40
25BSHP,R1,JJ,1,21,21,E,0,0,KILL,,AVAIL,Y,40
25BSHP,R1,II,1,21,21,E,0,0,KILL,,AVAIL,Y,40
25BSHP,R1,HH,1,21,21,E,0,0,KILL,,AVAIL,Y,40
25BSHP,R1,GG,1,21,21,E,0,0,KILL,,AVAIL,Y,40
25BSHP,R1,FF,1,21,21,E,0,0,KILL,,AVAIL,Y,40
25BSHP,R1,EE,1,21,21,E,0,0,KILL,,AVAIL,Y,40
25BSHP,R1,DD,1,21,21,E,0,0,KILL,,AVAIL,Y,40
25BSHP,R1,CC,1,21,21,E,0,0,KILL,,AVAIL,Y,40
25BSHP,R1,BB,1,21,21,E,0,0,KILL,,AVAIL,Y,40
25BSHP,R1,AA,1,21,21,E,0,0,KILL,,AVAIL,Y,40
25BSHP,R1,Z,1,21,21,E,0,0,KILL,,AVAIL,Y,30
25BSHP,R1,Y,1,21,21,E,0,0,KILL,,AVAIL,Y,30
25BSHP,R1,X,1,21,21,E,0,0,KILL,,AVAIL,Y,30
25BSHP,R1,W,1,21,21,E,0,0,KILL,,AVAIL,Y,30
25BSHP,R1,V,1,21,21,E,0,0,KILL,,AVAIL,Y,30
25BSHP,R1,U,1,21,21,E,0,0,KILL,,AVAIL,Y,30
25BSHP,R1,T,1,21,21,E,0,0,KILL,,AVAIL,Y,30
25BSHP,R1,S,4,18,15,E,0,0,KILL,,AVAIL,Y,30
25BSHP,R1,R,4,18,15,E,0,0,KILL,,AVAIL,Y,30
25BSHP,R1,Q,4,18,15,E,0,0,KILL,,AVAIL,Y,30
25BSHP,R1,P,4,18,15,E,0,0,KILL,,AVAIL,Y,30
25BSHP,R1,O,1,21,21,E,0,0,KILL,,AVAIL,Y,30
25BSHP,R1,N,1,21,21,E,0,0,KILL,,AVAIL,Y,30
25BSHP,R1,M,1,21,21,E,0,0,KILL,,AVAIL,Y,30
25BSHP,R1,L,1,21,21,E,0,0,KILL,,AVAIL,Y,30
25BSHP,R1,K,1,21,21,E,0,0,KILL,,AVAIL,Y,30
25BSHP,R1,J,1,21,21,E,0,0,KILL,,AVAIL,Y,30
25BSHP,R1,I,1,21,21,E,0,0,KILL,,AVAIL,Y,30
25BSHP,R2,MM,1,21,21,E,0,0,KILL,,AVAIL,Y,60
25BSHP,R2,LL,1,21,21,E,0,0,KILL,,AVAIL,Y,60
25BSHP,R2,KK,1,21,21,E,0,0,KILL,,AVAIL,Y,60
25BSHP,R2,JJ,1,21,21,E,0,0,KILL,,AVAIL,Y,60
25BSHP,R2,II,1,21,21,E,0,0,KILL,,AVAIL,Y,60
25BSHP,R2,HH,1,21,21,E,0,0,KILL,,AVAIL,Y,60
25BSHP,R2,GG,1,21,21,E,0,0,KILL,,AVAIL,Y,60
25BSHP,R2,FF,1,21,21,E,0,0,KILL,,AVAIL,Y,60
25BSHP,R2,EE,1,21,21,E,0,0,KILL,,AVAIL,Y,60
25BSHP,R2,DD,1,21,21,E,0,0,KILL,,AVAIL,Y,60
25BSHP,R2,CC,1,21,21,E,0,0,KILL,,AVAIL,Y,60
25BSHP,R2,BB,1,21,21,E,0,0,KILL,,AVAIL,Y,60
25BSHP,R2,AA,1,21,21,E,0,0,KILL,,AVAIL,Y,60
25BSHP,R2,Z,1,21,21,E,0,0,KILL,,AVAIL,Y,50
25BSHP,R2,Y,1,21,21,E,0,0,KILL,,AVAIL,Y,50
25BSHP,R2,X,1,21,21,E,0,0,KILL,,AVAIL,Y,50
25BSHP,R2,W,1,21,21,E,0,0,KILL,,AVAIL,Y,50
25BSHP,R2,V,1,21,21,E,0,0,KILL,,AVAIL,Y,50
25BSHP,R2,U,1,21,21,E,0,0,KILL,,AVAIL,Y,50
25BSHP,R2,T,1,21,21,E,0,0,KILL,,AVAIL,Y,50
25BSHP,R2,S,4,18,15,E,0,0,KILL,,AVAIL,Y,50
25BSHP,R2,R,4,18,15,E,0,0,KILL,,AVAIL,Y,50
25BSHP,R2,Q,4,18,15,E,0,0,KILL,,AVAIL,Y,50
25BSHP,R2,P,4,18,15,E,0,0,KILL,,AVAIL,Y,50
25BSHP,R2,O,1,21,21,E,0,0,KILL,,AVAIL,Y,50
25BSHP,R2,N,1,21,21,E,0,0,KILL,,AVAIL,Y,50
25BSHP,R2,M,1,21,21,E,0,0,KILL,,AVAIL,Y,50
25BSHP,R2,L,1,21,21,E,0,0,KILL,,AVAIL,Y,50
25BSHP,R2,K,1,21,21,E,0,0,KILL,,AVAIL,Y,50
25BSHP,R2,J,1,21,21,E,0,0,KILL,,AVAIL,Y,50
25BSHP,R2,I,1,21,21,E,0,0,KILL,,AVAIL,Y,50
25BSHP,R3,MM,1,21,21,D,0,0,KILL,,AVAIL,Y,80
25BSHP,R3,LL,1,21,21,D,0,0,KILL,,AVAIL,Y,80
25BSHP,R3,KK,1,21,21,D,0,0,KILL,,AVAIL,Y,80
25BSHP,R3,JJ,1,21,21,D,0,0,KILL,,AVAIL,Y,80
25BSHP,R3,II,1,21,21,D,0,0,KILL,,AVAIL,Y,80
25BSHP,R3,HH,1,21,21,D,0,0,KILL,,AVAIL,Y,80
25BSHP,R3,GG,1,21,21,D,0,0,KILL,,AVAIL,Y,80
25BSHP,R3,FF,1,21,21,D,0,0,KILL,,AVAIL,Y,80
25BSHP,R3,EE,1,21,21,D,0,0,KILL,,AVAIL,Y,80
25BSHP,R3,DD,1,21,21,D,0,0,KILL,,AVAIL,Y,80
25BSHP,R3,CC,1,21,21,D,0,0,KILL,,AVAIL,Y,80
25BSHP,R3,BB,1,21,21,D,0,0,KILL,,AVAIL,Y,80
25BSHP,R3,AA,1,21,21,D,0,0,KILL,,AVAIL,Y,80
25BSHP,R3,Z,1,21,21,D,0,0,KILL,,AVAIL,Y,70
25BSHP,R3,Y,1,21,21,D,0,0,KILL,,AVAIL,Y,70
25BSHP,R3,X,1,21,21,D,0,0,KILL,,AVAIL,Y,70
25BSHP,R3,W,1,21,21,D,0,0,KILL,,AVAIL,Y,70
25BSHP,R3,V,1,21,21,D,0,0,KILL,,AVAIL,Y,70
25BSHP,R3,U,1,21,21,D,0,0,KILL,,AVAIL,Y,70
25BSHP,R3,T,1,21,21,D,0,0,KILL,,AVAIL,Y,70
25BSHP,R3,S,4,18,15,D,0,0,KILL,,AVAIL,Y,70
25BSHP,R3,R,4,18,15,D,0,0,KILL,,AVAIL,Y,70
25BSHP,R3,Q,4,18,15,D,0,0,KILL,,AVAIL,Y,70
25BSHP,R3,P,4,18,15,D,0,0,KILL,,AVAIL,Y,70
25BSHP,R3,O,1,21,21,D,0,0,KILL,,AVAIL,Y,70
25BSHP,R3,N,1,21,21,D,0,0,KILL,,AVAIL,Y,70
25BSHP,R3,M,1,21,21,D,0,0,KILL,,AVAIL,Y,70
25BSHP,R3,L,1,21,21,D,0,0,KILL,,AVAIL,Y,70
25BSHP,R3,K,1,21,21,D,0,0,KILL,,AVAIL,Y,70
25BSHP,R3,J,1,21,21,D,0,0,KILL,,AVAIL,Y,70
25BSHP,R3,I,1,21,21,D,0,0,KILL,,AVAIL,Y,70
25BSHP,R4,MM,1,21,21,D,0,0,KILL,,AVAIL,Y,100
25BSHP,R4,LL,1,21,21,D,0,0,KILL,,AVAIL,Y,100
25BSHP,R4,KK,1,21,21,D,0,0,KILL,,AVAIL,Y,100
25BSHP,R4,JJ,1,21,21,D,0,0,KILL,,AVAIL,Y,100
25BSHP,R4,II,1,21,21,D,0,0,KILL,,AVAIL,Y,100
25BSHP,R4,HH,1,21,21,D,0,0,KILL,,AVAIL,Y,100
25BSHP,R4,GG,1,21,21,D,0,0,KILL,,AVAIL,Y,100
25BSHP,R4,FF,1,21,21,D,0,0,KILL,,AVAIL,Y,100
25BSHP,R4,EE,1,21,21,D,0,0,KILL,,AVAIL,Y,100
25BSHP,R4,DD,1,21,21,D,0,0,KILL,,AVAIL,Y,100
25BSHP,R4,CC,1,21,21,D,0,0,KILL,,AVAIL,Y,100
25BSHP,R4,BB,1,21,21,D,0,0,KILL,,AVAIL,Y,100
25BSHP,R4,AA,1,21,21,D,0,0,KILL,,AVAIL,Y,100
25BSHP,R4,Z,1,21,21,D,0,0,KILL,,AVAIL,Y,90
25BSHP,R4,Y,1,21,21,D,0,0,KILL,,AVAIL,Y,90
25BSHP,R4,X,1,21,21,D,0,0,KILL,,AVAIL,Y,90
25BSHP,R4,W,1,21,21,D,0,0,KILL,,AVAIL,Y,90
25BSHP,R4,V,1,21,21,D,0,0,KILL,,AVAIL,Y,90
25BSHP,R4,U,1,21,21,D,0,0,KILL,,AVAIL,Y,90
25BSHP,R4,T,1,21,21,D,0,0,KILL,,AVAIL,Y,90
25BSHP,R4,S,4,18,15,D,0,0,KILL,,AVAIL,Y,90
25BSHP,R4,R,4,18,15,D,0,0,KILL,,AVAIL,Y,90
25BSHP,R4,Q,4,18,15,D,0,0,KILL,,AVAIL,Y,90
25BSHP,R4,P,4,18,15,D,0,0,KILL,,AVAIL,Y,90
25BSHP,R4,O,1,21,21,D,0,0,KILL,,AVAIL,Y,90
25BSHP,R4,N,1,21,21,D,0,0,KILL,,AVAIL,Y,90
25BSHP,R4,M,1,21,21,D,0,0,KILL,,AVAIL,Y,90
25BSHP,R4,L,1,21,21,D,0,0,KILL,,AVAIL,Y,90
25BSHP,R4,K,1,21,21,D,0,0,KILL,,AVAIL,Y,90
25BSHP,R4,J,1,21,21,D,0,0,KILL,,AVAIL,Y,90
25BSHP,R4,I,1,21,21,D,0,0,KILL,,AVAIL,Y,90
25BSHP,R5,MM,1,21,21,D,0,0,KILL,,AVAIL,Y,120
25BSHP,R5,LL,1,21,21,D,0,0,KILL,,AVAIL,Y,120
25BSHP,R5,KK,1,21,21,D,0,0,KILL,,AVAIL,Y,120
25BSHP,R5,JJ,1,21,21,D,0,0,KILL,,AVAIL,Y,120
25BSHP,R5,II,1,21,21,D,0,0,KILL,,AVAIL,Y,120
25BSHP,R5,HH,1,21,21,D,0,0,KILL,,AVAIL,Y,120
25BSHP,R5,GG,1,21,21,D,0,0,KILL,,AVAIL,Y,120
25BSHP,R5,FF,1,21,21,D,0,0,KILL,,AVAIL,Y,120
25BSHP,R5,EE,1,21,21,D,0,0,KILL,,AVAIL,Y,120
25BSHP,R5,DD,1,21,21,D,0,0,KILL,,AVAIL,Y,120
25BSHP,R5,CC,1,21,21,D,0,0,KILL,,AVAIL,Y,120
25BSHP,R5,BB,1,21,21,D,0,0,KILL,,AVAIL,Y,120
25BSHP,R5,AA,1,21,21,D,0,0,KILL,,AVAIL,Y,120
25BSHP,R5,Z,1,21,21,C,0,0,KILL,,AVAIL,Y,110
25BSHP,R5,Y,1,21,21,C,0,0,KILL,,AVAIL,Y,110
25BSHP,R5,X,1,21,21,C,0,0,KILL,,AVAIL,Y,110
25BSHP,R5,W,1,21,21,C,0,0,KILL,,AVAIL,Y,110
25BSHP,R5,V,1,21,21,C,0,0,KILL,,AVAIL,Y,110
25BSHP,R5,U,1,21,21,C,0,0,KILL,,AVAIL,Y,110
25BSHP,R5,T,1,21,21,C,0,0,KILL,,AVAIL,Y,110
25BSHP,R5,S,4,18,15,C,0,0,KILL,,AVAIL,Y,110
25BSHP,R5,R,4,18,15,C,0,0,KILL,,AVAIL,Y,110
25BSHP,R5,Q,4,18,15,C,0,0,KILL,,AVAIL,Y,110
25BSHP,R5,P,4,18,15,C,0,0,KILL,,AVAIL,Y,110
25BSHP,R5,O,1,21,21,C,0,0,KILL,,AVAIL,Y,110
25BSHP,R5,N,1,21,21,C,0,0,KILL,,AVAIL,Y,110
25BSHP,R5,M,1,21,21,C,0,0,KILL,,AVAIL,Y,110
25BSHP,R5,L,1,21,21,C,0,0,KILL,,AVAIL,Y,110
25BSHP,R5,K,1,21,21,C,0,0,KILL,,AVAIL,Y,110
25BSHP,R5,J,1,21,21,C,0,0,KILL,,AVAIL,Y,110
25BSHP,R5,I,1,21,21,C,0,0,KILL,,AVAIL,Y,110
25BSHP,R6,MM,1,21,21,C,0,0,KILL,,AVAIL,Y,140
25BSHP,R6,LL,1,21,21,C,0,0,KILL,,AVAIL,Y,140
25BSHP,R6,KK,1,21,21,C,0,0,KILL,,AVAIL,Y,140
25BSHP,R6,JJ,1,21,21,C,0,0,KILL,,AVAIL,Y,140
25BSHP,R6,II,1,21,21,C,0,0,KILL,,AVAIL,Y,140
25BSHP,R6,HH,1,21,21,C,0,0,KILL,,AVAIL,Y,140
25BSHP,R6,GG,1,21,21,C,0,0,KILL,,AVAIL,Y,140
25BSHP,R6,FF,1,21,21,C,0,0,KILL,,AVAIL,Y,140
25BSHP,R6,EE,1,21,21,C,0,0,KILL,,AVAIL,Y,140
25BSHP,R6,DD,1,21,21,C,0,0,KILL,,AVAIL,Y,140
25BSHP,R6,CC,1,21,21,C,0,0,KILL,,AVAIL,Y,140
25BSHP,R6,BB,1,21,21,C,0,0,KILL,,AVAIL,Y,140
25BSHP,R6,AA,1,21,21,C,0,0,KILL,,AVAIL,Y,140
25BSHP,R6,Z,1,21,21,B,0,0,KILL,,AVAIL,Y,130
25BSHP,R6,Y,1,21,21,B,0,0,KILL,,AVAIL,Y,130
25BSHP,R6,X,1,21,21,B,0,0,KILL,,AVAIL,Y,130
25BSHP,R6,W,1,21,21,B,0,0,KILL,,AVAIL,Y,130
25BSHP,R6,V,1,21,21,B,0,0,KILL,,AVAIL,Y,130
25BSHP,R6,U,1,21,21,B,0,0,KILL,,AVAIL,Y,130
25BSHP,R6,T,1,21,21,B,0,0,KILL,,AVAIL,Y,130
25BSHP,R6,S,4,18,15,B,0,0,KILL,,AVAIL,Y,130
25BSHP,R6,R,4,18,15,B,0,0,KILL,,AVAIL,Y,130
25BSHP,R6,Q,4,18,15,B,0,0,KILL,,AVAIL,Y,130
25BSHP,R6,P,4,18,15,B,0,0,KILL,,AVAIL,Y,130
25BSHP,R6,O,1,21,21,B,0,0,KILL,,AVAIL,Y,130
25BSHP,R6,N,1,21,21,B,0,0,KILL,,AVAIL,Y,130
25BSHP,R6,M,1,21,21,B,0,0,KILL,,AVAIL,Y,130
25BSHP,R6,L,1,21,21,B,0,0,KILL,,AVAIL,Y,130
25BSHP,R6,K,1,21,21,B,0,0,KILL,,AVAIL,Y,130
25BSHP,R6,J,1,21,21,B,0,0,KILL,,AVAIL,Y,130
25BSHP,R6,I,1,21,21,B,0,0,KILL,,AVAIL,Y,130
25BSHP,R7,MM,1,21,21,C,0,0,KILL,,AVAIL,Y,160
25BSHP,R7,LL,1,21,21,C,0,0,KILL,,AVAIL,Y,160
25BSHP,R7,KK,1,21,21,C,0,0,KILL,,AVAIL,Y,160
25BSHP,R7,JJ,1,21,21,C,0,0,KILL,,AVAIL,Y,160
25BSHP,R7,II,1,21,21,C,0,0,KILL,,AVAIL,Y,160
25BSHP,R7,HH,1,21,21,C,0,0,KILL,,AVAIL,Y,160
25BSHP,R7,GG,1,21,21,C,0,0,KILL,,AVAIL,Y,160
25BSHP,R7,FF,1,21,21,C,0,0,KILL,,AVAIL,Y,160
25BSHP,R7,EE,1,21,21,C,0,0,KILL,,AVAIL,Y,160
25BSHP,R7,DD,1,21,21,C,0,0,KILL,,AVAIL,Y,160
25BSHP,R7,CC,1,21,21,C,0,0,KILL,,AVAIL,Y,160
25BSHP,R7,BB,1,21,21,C,0,0,KILL,,AVAIL,Y,160
25BSHP,R7,AA,1,21,21,C,0,0,KILL,,AVAIL,Y,160
25BSHP,R7,Z,1,21,21,B,0,0,KILL,,AVAIL,Y,150
25BSHP,R7,Y,1,21,21,B,0,0,KILL,,AVAIL,Y,150
25BSHP,R7,X,1,21,21,B,0,0,KILL,,AVAIL,Y,150
25BSHP,R7,W,1,21,21,B,0,0,KILL,,AVAIL,Y,150
25BSHP,R7,V,1,21,21,B,0,0,KILL,,AVAIL,Y,150
25BSHP,R7,U,1,21,21,B,0,0,KILL,,AVAIL,Y,150
25BSHP,R7,T,1,21,21,B,0,0,KILL,,AVAIL,Y,150
25BSHP,R7,S,4,18,15,B,0,0,KILL,,AVAIL,Y,150
25BSHP,R7,R,4,18,15,B,0,0,KILL,,AVAIL,Y,150
25BSHP,R7,Q,4,18,15,B,0,0,KILL,,AVAIL,Y,150
25BSHP,R7,P,4,18,15,B,0,0,KILL,,AVAIL,Y,150
25BSHP,R7,O,1,21,21,B,0,0,KILL,,AVAIL,Y,150
25BSHP,R7,N,1,21,21,B,0,0,KILL,,AVAIL,Y,150
25BSHP,R7,M,1,21,21,B,0,0,KILL,,AVAIL,Y,150
25BSHP,R7,L,1,21,21,B,0,0,KILL,,AVAIL,Y,150
25BSHP,R7,K,1,21,21,B,0,0,KILL,,AVAIL,Y,150
25BSHP,R7,J,1,21,21,B,0,0,KILL,,AVAIL,Y,150
25BSHP,R7,I,1,21,21,B,0,0,KILL,,AVAIL,Y,150
25BSHP,R8,MM,1,21,21,C,0,0,KILL,,AVAIL,Y,180
25BSHP,R8,LL,1,21,21,C,0,0,KILL,,AVAIL,Y,180
25BSHP,R8,KK,1,21,21,C,0,0,KILL,,AVAIL,Y,180
25BSHP,R8,JJ,1,21,21,C,0,0,KILL,,AVAIL,Y,180
25BSHP,R8,II,1,21,21,C,0,0,KILL,,AVAIL,Y,180
25BSHP,R8,HH,1,21,21,C,0,0,KILL,,AVAIL,Y,180
25BSHP,R8,GG,1,21,21,C,0,0,KILL,,AVAIL,Y,180
25BSHP,R8,FF,1,21,21,C,0,0,KILL,,AVAIL,Y,180
25BSHP,R8,EE,1,21,21,C,0,0,KILL,,AVAIL,Y,180
25BSHP,R8,DD,1,21,21,C,0,0,KILL,,AVAIL,Y,180
25BSHP,R8,CC,1,21,21,C,0,0,KILL,,AVAIL,Y,180
25BSHP,R8,BB,1,21,21,C,0,0,KILL,,AVAIL,Y,180
25BSHP,R8,AA,1,21,21,C,0,0,KILL,,AVAIL,Y,180
25BSHP,R8,Z,1,21,21,B,0,0,KILL,,AVAIL,Y,170
25BSHP,R8,Y,1,21,21,B,0,0,KILL,,AVAIL,Y,170
25BSHP,R8,X,1,21,21,B,0,0,KILL,,AVAIL,Y,170
25BSHP,R8,W,1,21,21,B,0,0,KILL,,AVAIL,Y,170
25BSHP,R8,V,1,21,21,B,0,0,KILL,,AVAIL,Y,170
25BSHP,R8,U,1,21,21,B,0,0,KILL,,AVAIL,Y,170
25BSHP,R8,T,1,21,21,B,0,0,KILL,,AVAIL,Y,170
25BSHP,R8,S,4,18,15,B,0,0,KILL,,AVAIL,Y,170
25BSHP,R8,R,4,18,15,B,0,0,KILL,,AVAIL,Y,170
25BSHP,R8,Q,4,18,15,B,0,0,KILL,,AVAIL,Y,170
25BSHP,R8,P,4,18,15,B,0,0,KILL,,AVAIL,Y,170
25BSHP,R8,O,1,21,21,B,0,0,KILL,,AVAIL,Y,170
25BSHP,R8,N,1,21,21,B,0,0,KILL,,AVAIL,Y,170
25BSHP,R8,M,1,21,21,B,0,0,KILL,,AVAIL,Y,170
25BSHP,R8,L,1,21,21,B,0,0,KILL,,AVAIL,Y,170
25BSHP,R8,K,1,21,21,B,0,0,KILL,,AVAIL,Y,170
25BSHP,R8,J,1,21,21,B,0,0,KILL,,AVAIL,Y,170
25BSHP,R8,I,1,21,21,B,0,0,KILL,,AVAIL,Y,170
25BSHP,R9,MM,1,21,21,D,0,0,KILL,,AVAIL,Y,200
25BSHP,R9,LL,1,21,21,D,0,0,KILL,,AVAIL,Y,200
25BSHP,R9,KK,1,21,21,D,0,0,KILL,,AVAIL,Y,200
25BSHP,R9,JJ,1,21,21,D,0,0,KILL,,AVAIL,Y,200
25BSHP,R9,II,1,21,21,D,0,0,KILL,,AVAIL,Y,200
25BSHP,R9,HH,1,21,21,D,0,0,KILL,,AVAIL,Y,200
25BSHP,R9,GG,1,21,21,D,0,0,KILL,,AVAIL,Y,200
25BSHP,R9,FF,1,21,21,D,0,0,KILL,,AVAIL,Y,200
25BSHP,R9,EE,1,21,21,D,0,0,KILL,,AVAIL,Y,200
25BSHP,R9,DD,1,21,21,D,0,0,KILL,,AVAIL,Y,200
25BSHP,R9,CC,1,21,21,D,0,0,KILL,,AVAIL,Y,200
25BSHP,R9,BB,1,21,21,D,0,0,KILL,,AVAIL,Y,200
25BSHP,R9,AA,1,21,21,D,0,0,KILL,,AVAIL,Y,200
25BSHP,R9,Z,1,21,21,C,0,0,KILL,,AVAIL,Y,190
25BSHP,R9,Y,1,21,21,C,0,0,KILL,,AVAIL,Y,190
25BSHP,R9,X,1,21,21,C,0,0,KILL,,AVAIL,Y,190
25BSHP,R9,W,1,21,21,C,0,0,KILL,,AVAIL,Y,190
25BSHP,R9,V,1,21,21,C,0,0,KILL,,AVAIL,Y,190
25BSHP,R9,U,1,21,21,C,0,0,KILL,,AVAIL,Y,190
25BSHP,R9,T,1,21,21,C,0,0,KILL,,AVAIL,Y,190
25BSHP,R9,S,4,18,15,C,0,0,KILL,,AVAIL,Y,190
25BSHP,R9,R,4,18,15,C,0,0,KILL,,AVAIL,Y,190
25BSHP,R9,Q,4,18,15,C,0,0,KILL,,AVAIL,Y,190
25BSHP,R9,P,4,18,15,C,0,0,KILL,,AVAIL,Y,190
25BSHP,R9,O,1,21,21,C,0,0,KILL,,AVAIL,Y,190
25BSHP,R9,N,1,21,21,C,0,0,KILL,,AVAIL,Y,190
25BSHP,R9,M,1,21,21,C,0,0,KILL,,AVAIL,Y,190
25BSHP,R9,L,1,21,21,C,0,0,KILL,,AVAIL,Y,190
25BSHP,R9,K,1,21,21,C,0,0,KILL,,AVAIL,Y,190
25BSHP,R9,J,1,21,21,C,0,0,KILL,,AVAIL,Y,190
25BSHP,R9,I,1,21,21,C,0,0,KILL,,AVAIL,Y,190
25BSHP,R10,MM,1,21,21,D,0,0,KILL,,AVAIL,Y,220
25BSHP,R10,LL,1,21,21,D,0,0,KILL,,AVAIL,Y,220
25BSHP,R10,KK,1,21,21,D,0,0,KILL,,AVAIL,Y,220
25BSHP,R10,JJ,1,21,21,D,0,0,KILL,,AVAIL,Y,220
25BSHP,R10,II,1,21,21,D,0,0,KILL,,AVAIL,Y,220
25BSHP,R10,HH,1,21,21,D,0,0,KILL,,AVAIL,Y,220
25BSHP,R10,GG,1,21,21,D,0,0,KILL,,AVAIL,Y,220
25BSHP,R10,FF,1,21,21,D,0,0,KILL,,AVAIL,Y,220
25BSHP,R10,EE,1,21,21,D,0,0,KILL,,AVAIL,Y,220
25BSHP,R10,DD,1,21,21,D,0,0,KILL,,AVAIL,Y,220
25BSHP,R10,CC,1,21,21,D,0,0,KILL,,AVAIL,Y,220
25BSHP,R10,BB,1,21,21,D,0,0,KILL,,AVAIL,Y,220
25BSHP,R10,AA,1,21,21,D,0,0,KILL,,AVAIL,Y,220
25BSHP,R10,Z,1,21,21,D,0,0,KILL,,AVAIL,Y,210
25BSHP,R10,Y,1,21,21,D,0,0,KILL,,AVAIL,Y,210
25BSHP,R10,X,1,21,21,D,0,0,KILL,,AVAIL,Y,210
25BSHP,R10,W,1,21,21,D,0,0,KILL,,AVAIL,Y,210
25BSHP,R10,V,1,21,21,D,0,0,KILL,,AVAIL,Y,210
25BSHP,R10,U,1,21,21,D,0,0,KILL,,AVAIL,Y,210
25BSHP,R10,T,1,21,21,D,0,0,KILL,,AVAIL,Y,210
25BSHP,R10,S,4,18,15,D,0,0,KILL,,AVAIL,Y,210
25BSHP,R10,R,4,18,15,D,0,0,KILL,,AVAIL,Y,210
25BSHP,R10,Q,4,18,15,D,0,0,KILL,,AVAIL,Y,210
25BSHP,R10,P,4,18,15,D,0,0,KILL,,AVAIL,Y,210
25BSHP,R10,O,1,21,21,D,0,0,KILL,,AVAIL,Y,210
25BSHP,R10,N,1,21,21,D,0,0,KILL,,AVAIL,Y,210
25BSHP,R10,M,1,21,21,D,0,0,KILL,,AVAIL,Y,210
25BSHP,R10,L,1,21,21,D,0,0,KILL,,AVAIL,Y,210
25BSHP,R10,K,1,21,21,D,0,0,KILL,,AVAIL,Y,210
25BSHP,R10,J,1,21,21,D,0,0,KILL,,AVAIL,Y,210
25BSHP,R10,I,1,21,21,D,0,0,KILL,,AVAIL,Y,210
25BSHP,R11,MM,1,21,21,D,0,0,KILL,,AVAIL,Y,240
25BSHP,R11,LL,1,21,21,D,0,0,KILL,,AVAIL,Y,240
25BSHP,R11,KK,1,21,21,D,0,0,KILL,,AVAIL,Y,240
25BSHP,R11,JJ,1,21,21,D,0,0,KILL,,AVAIL,Y,240
25BSHP,R11,II,1,21,21,D,0,0,KILL,,AVAIL,Y,240
25BSHP,R11,HH,1,21,21,D,0,0,KILL,,AVAIL,Y,240
25BSHP,R11,GG,1,21,21,D,0,0,KILL,,AVAIL,Y,240
25BSHP,R11,FF,1,21,21,D,0,0,KILL,,AVAIL,Y,240
25BSHP,R11,EE,1,21,21,D,0,0,KILL,,AVAIL,Y,240
25BSHP,R11,DD,1,21,21,D,0,0,KILL,,AVAIL,Y,240
25BSHP,R11,CC,1,21,21,D,0,0,KILL,,AVAIL,Y,240
25BSHP,R11,BB,1,21,21,D,0,0,KILL,,AVAIL,Y,240
25BSHP,R11,AA,1,21,21,D,0,0,KILL,,AVAIL,Y,240
25BSHP,R11,Z,1,21,21,D,0,0,KILL,,AVAIL,Y,230
25BSHP,R11,Y,1,21,21,D,0,0,KILL,,AVAIL,Y,230
25BSHP,R11,X,1,21,21,D,0,0,KILL,,AVAIL,Y,230
25BSHP,R11,W,1,21,21,D,0,0,KILL,,AVAIL,Y,230
25BSHP,R11,V,1,21,21,D,0,0,KILL,,AVAIL,Y,230
25BSHP,R11,U,1,21,21,D,0,0,KILL,,AVAIL,Y,230
25BSHP,R11,T,1,21,21,D,0,0,KILL,,AVAIL,Y,230
25BSHP,R11,S,4,18,15,D,0,0,KILL,,AVAIL,Y,230
25BSHP,R11,R,4,18,15,D,0,0,KILL,,AVAIL,Y,230
25BSHP,R11,Q,4,18,15,D,0,0,KILL,,AVAIL,Y,230
25BSHP,R11,P,4,18,15,D,0,0,KILL,,AVAIL,Y,230
25BSHP,R11,O,1,21,21,D,0,0,KILL,,AVAIL,Y,230
25BSHP,R11,N,1,21,21,D,0,0,KILL,,AVAIL,Y,230
25BSHP,R11,M,1,21,21,D,0,0,KILL,,AVAIL,Y,230
25BSHP,R11,L,1,21,21,D,0,0,KILL,,AVAIL,Y,230
25BSHP,R11,K,1,21,21,D,0,0,KILL,,AVAIL,Y,230
25BSHP,R11,J,1,21,21,D,0,0,KILL,,AVAIL,Y,230
25BSHP,R11,I,1,21,21,D,0,0,KILL,,AVAIL,Y,230
25BSHP,R12,PP,1,25,25,E,0,0,KILL,,AVAIL,Y,260
25BSHP,R12,OO,1,25,25,E,0,0,KILL,,AVAIL,Y,260
25BSHP,R12,NN,1,24,24,E,0,0,KILL,,AVAIL,Y,260
25BSHP,R12,MM,1,24,24,E,0,0,KILL,,AVAIL,Y,260
25BSHP,R12,LL,1,24,24,E,0,0,KILL,,AVAIL,Y,260
25BSHP,R12,KK,1,23,23,E,0,0,KILL,,AVAIL,Y,260
25BSHP,R12,JJ,1,23,23,E,0,0,KILL,,AVAIL,Y,260
25BSHP,R12,II,1,23,23,E,0,0,KILL,,AVAIL,Y,260
25BSHP,R12,HH,1,22,22,E,0,0,KILL,,AVAIL,Y,260
25BSHP,R12,GG,1,22,22,E,0,0,KILL,,AVAIL,Y,260
25BSHP,R12,FF,1,22,22,E,0,0,KILL,,AVAIL,Y,260
25BSHP,R12,EE,1,21,21,E,0,0,KILL,,AVAIL,Y,260
25BSHP,R12,DD,1,21,21,E,0,0,KILL,,AVAIL,Y,260
25BSHP,R12,CC,1,21,21,E,0,0,KILL,,AVAIL,Y,260
25BSHP,R12,BB,1,20,20,E,0,0,KILL,,AVAIL,Y,260
25BSHP,R12,AA,1,20,20,E,0,0,KILL,,AVAIL,Y,260
25BSHP,R12,Z,1,20,20,E,0,0,KILL,,AVAIL,Y,250
25BSHP,R12,Y,1,19,19,E,0,0,KILL,,AVAIL,Y,250
25BSHP,R12,X,1,19,19,E,0,0,KILL,,AVAIL,Y,250
25BSHP,R12,W,1,19,19,E,0,0,KILL,,AVAIL,Y,250
25BSHP,R12,V,4,15,12,E,0,0,KILL,,AVAIL,Y,250
25BSHP,R12,U,4,15,12,E,0,0,KILL,,AVAIL,Y,250
25BSHP,R12,T,4,15,12,E,0,0,KILL,,AVAIL,Y,250
25BSHP,R12,S,4,14,11,E,0,0,KILL,,AVAIL,Y,250
25BSHP,R12,R,1,17,17,E,0,0,KILL,,AVAIL,Y,250
25BSHP,R12,Q,1,17,17,E,0,0,KILL,,AVAIL,Y,250
25BSHP,R12,P,1,16,16,E,0,0,KILL,,AVAIL,Y,250
25BSHP,R12,O,1,16,16,E,0,0,KILL,,AVAIL,Y,250
25BSHP,R12,N,1,15,15,E,0,0,KILL,,AVAIL,Y,250
25BSHP,R12,M,1,15,15,E,0,0,KILL,,AVAIL,Y,250
25BSHP,R12,L,1,15,15,E,0,0,KILL,,AVAIL,Y,250
25BSHP,R13,PP,1,25,25,E,0,0,KILL,,AVAIL,Y,280
25BSHP,R13,OO,1,25,25,E,0,0,KILL,,AVAIL,Y,280
25BSHP,R13,NN,1,24,24,E,0,0,KILL,,AVAIL,Y,280
25BSHP,R13,MM,1,24,24,E,0,0,KILL,,AVAIL,Y,280
25BSHP,R13,LL,1,24,24,E,0,0,KILL,,AVAIL,Y,280
25BSHP,R13,KK,1,23,23,E,0,0,KILL,,AVAIL,Y,280
25BSHP,R13,JJ,1,23,23,E,0,0,KILL,,AVAIL,Y,280
25BSHP,R13,II,1,23,23,E,0,0,KILL,,AVAIL,Y,280
25BSHP,R13,HH,1,22,22,E,0,0,KILL,,AVAIL,Y,280
25BSHP,R13,GG,1,22,22,E,0,0,KILL,,AVAIL,Y,280
25BSHP,R13,FF,1,22,22,E,0,0,KILL,,AVAIL,Y,280
25BSHP,R13,EE,1,21,21,E,0,0,KILL,,AVAIL,Y,280
25BSHP,R13,DD,1,21,21,E,0,0,KILL,,AVAIL,Y,280
25BSHP,R13,CC,1,21,21,E,0,0,KILL,,AVAIL,Y,280
25BSHP,R13,BB,1,20,20,E,0,0,KILL,,AVAIL,Y,280
25BSHP,R13,AA,1,20,20,E,0,0,KILL,,AVAIL,Y,280
25BSHP,R13,Z,1,20,20,E,0,0,KILL,,AVAIL,Y,270
25BSHP,R13,Y,1,19,19,E,0,0,KILL,,AVAIL,Y,270
25BSHP,R13,X,1,19,19,E,0,0,KILL,,AVAIL,Y,270
25BSHP,R13,W,1,19,19,E,0,0,KILL,,AVAIL,Y,270
25BSHP,R13,V,4,15,12,E,0,0,KILL,,AVAIL,Y,270
25BSHP,R13,U,4,15,12,E,0,0,KILL,,AVAIL,Y,270
25BSHP,R13,T,4,15,12,E,0,0,KILL,,AVAIL,Y,270
25BSHP,R13,S,4,14,11,E,0,0,KILL,,AVAIL,Y,270
25BSHP,R13,R,1,17,17,E,0,0,KILL,,AVAIL,Y,270
25BSHP,R13,Q,1,17,17,E,0,0,KILL,,AVAIL,Y,270
25BSHP,R13,P,1,16,16,E,0,0,KILL,,AVAIL,Y,270
25BSHP,R13,O,1,16,16,E,0,0,KILL,,AVAIL,Y,270
25BSHP,R13,N,1,15,15,E,0,0,KILL,,AVAIL,Y,270
25BSHP,R13,M,1,15,15,E,0,0,KILL,,AVAIL,Y,270
25BSHP,R13,L,1,15,15,E,0,0,KILL,,AVAIL,Y,270
25BSHP,R14,PP,1,25,25,G,0,0,KILL,,AVAIL,Y,300
25BSHP,R14,OO,1,25,25,G,0,0,KILL,,AVAIL,Y,300
25BSHP,R14,NN,1,24,24,G,0,0,KILL,,AVAIL,Y,300
25BSHP,R14,MM,1,24,24,G,0,0,KILL,,AVAIL,Y,300
25BSHP,R14,LL,1,24,24,G,0,0,KILL,,AVAIL,Y,300
25BSHP,R14,KK,1,23,23,G,0,0,KILL,,AVAIL,Y,300
25BSHP,R14,JJ,1,23,23,G,0,0,KILL,,AVAIL,Y,300
25BSHP,R14,II,1,23,23,G,0,0,KILL,,AVAIL,Y,300
25BSHP,R14,HH,1,22,22,G,0,0,KILL,,AVAIL,Y,300
25BSHP,R14,GG,1,22,22,G,0,0,KILL,,AVAIL,Y,300
25BSHP,R14,FF,1,22,22,G,0,0,KILL,,AVAIL,Y,300
25BSHP,R14,EE,1,21,21,G,0,0,KILL,,AVAIL,Y,300
25BSHP,R14,DD,1,21,21,G,0,0,KILL,,AVAIL,Y,300
25BSHP,R14,CC,1,21,21,G,0,0,KILL,,AVAIL,Y,300
25BSHP,R14,BB,1,20,20,G,0,0,KILL,,AVAIL,Y,300
25BSHP,R14,AA,1,20,20,G,0,0,KILL,,AVAIL,Y,300
25BSHP,R14,Z,1,20,20,G,0,0,KILL,,AVAIL,Y,290
25BSHP,R14,Y,1,19,19,G,0,0,KILL,,AVAIL,Y,290
25BSHP,R14,X,1,19,19,G,0,0,KILL,,AVAIL,Y,290
25BSHP,R14,W,1,19,19,G,0,0,KILL,,AVAIL,Y,290
25BSHP,R14,V,4,15,12,G,0,0,KILL,,AVAIL,Y,290
25BSHP,R14,U,4,15,12,G,0,0,KILL,,AVAIL,Y,290
25BSHP,R14,T,4,15,12,G,0,0,KILL,,AVAIL,Y,290
25BSHP,R14,S,4,14,11,G,0,0,KILL,,AVAIL,Y,290
25BSHP,R14,R,1,17,17,G,0,0,KILL,,AVAIL,Y,290
25BSHP,R14,Q,1,17,17,G,0,0,KILL,,AVAIL,Y,290
25BSHP,R14,P,1,16,16,G,0,0,KILL,,AVAIL,Y,290
25BSHP,R14,O,1,16,16,G,0,0,KILL,,AVAIL,Y,290
25BSHP,R14,N,1,15,15,G,0,0,KILL,,AVAIL,Y,290
25BSHP,R14,M,1,15,15,G,0,0,KILL,,AVAIL,Y,290
25BSHP,R14,L,1,15,15,G,0,0,KILL,,AVAIL,Y,290
25BSHP,R15,PP,1,25,25,G,0,0,KILL,,AVAIL,Y,320
25BSHP,R15,OO,1,25,25,G,0,0,KILL,,AVAIL,Y,320
25BSHP,R15,NN,1,24,24,G,0,0,KILL,,AVAIL,Y,320
25BSHP,R15,MM,1,24,24,G,0,0,KILL,,AVAIL,Y,320
25BSHP,R15,LL,1,24,24,G,0,0,KILL,,AVAIL,Y,320
25BSHP,R15,KK,1,23,23,G,0,0,KILL,,AVAIL,Y,320
25BSHP,R15,JJ,1,23,23,G,0,0,KILL,,AVAIL,Y,320
25BSHP,R15,II,1,23,23,G,0,0,KILL,,AVAIL,Y,320
25BSHP,R15,HH,1,22,22,G,0,0,KILL,,AVAIL,Y,320
25BSHP,R15,GG,1,22,22,G,0,0,KILL,,AVAIL,Y,320
25BSHP,R15,FF,1,22,22,G,0,0,KILL,,AVAIL,Y,320
25BSHP,R15,EE,1,21,21,G,0,0,KILL,,AVAIL,Y,320
25BSHP,R15,DD,1,21,21,G,0,0,KILL,,AVAIL,Y,320
25BSHP,R15,CC,1,21,21,G,0,0,KILL,,AVAIL,Y,320
25BSHP,R15,BB,1,20,20,G,0,0,KILL,,AVAIL,Y,320
25BSHP,R15,AA,1,20,20,G,0,0,KILL,,AVAIL,Y,320
25BSHP,R15,Z,1,20,20,G,0,0,KILL,,AVAIL,Y,310
25BSHP,R15,Y,1,19,19,G,0,0,KILL,,AVAIL,Y,310
25BSHP,R15,X,1,19,19,G,0,0,KILL,,AVAIL,Y,310
25BSHP,R15,W,1,19,19,G,0,0,KILL,,AVAIL,Y,310
25BSHP,R15,V,4,15,12,G,0,0,KILL,,AVAIL,Y,310
25BSHP,R15,U,4,15,12,G,0,0,KILL,,AVAIL,Y,310
25BSHP,R15,T,4,15,12,G,0,0,KILL,,AVAIL,Y,310
25BSHP,R15,S,4,14,11,G,0,0,KILL,,AVAIL,Y,310
25BSHP,R15,R,1,17,17,G,0,0,KILL,,AVAIL,Y,310
25BSHP,R15,Q,1,17,17,G,0,0,KILL,,AVAIL,Y,310
25BSHP,R15,P,1,16,16,G,0,0,KILL,,AVAIL,Y,310
25BSHP,R15,O,1,16,16,G,0,0,KILL,,AVAIL,Y,310
25BSHP,R15,N,1,15,15,G,0,0,KILL,,AVAIL,Y,310
25BSHP,R15,M,1,15,15,G,0,0,KILL,,AVAIL,Y,310
25BSHP,R15,L,1,15,15,G,0,0,KILL,,AVAIL,Y,310
25BSHP,R16,PP,1,25,25,G,0,0,KILL,,AVAIL,Y,340
25BSHP,R16,OO,1,25,25,G,0,0,KILL,,AVAIL,Y,340
25BSHP,R16,NN,1,24,24,G,0,0,KILL,,AVAIL,Y,340
25BSHP,R16,MM,1,24,24,G,0,0,KILL,,AVAIL,Y,340
25BSHP,R16,LL,1,24,24,G,0,0,KILL,,AVAIL,Y,340
25BSHP,R16,KK,1,23,23,G,0,0,KILL,,AVAIL,Y,340
25BSHP,R16,JJ,1,23,23,G,0,0,KILL,,AVAIL,Y,340
25BSHP,R16,II,1,23,23,G,0,0,KILL,,AVAIL,Y,340
25BSHP,R16,HH,1,22,22,G,0,0,KILL,,AVAIL,Y,340
25BSHP,R16,GG,1,22,22,G,0,0,KILL,,AVAIL,Y,340
25BSHP,R16,FF,1,22,22,G,0,0,KILL,,AVAIL,Y,340
25BSHP,R16,EE,1,21,21,G,0,0,KILL,,AVAIL,Y,340
25BSHP,R16,DD,1,21,21,G,0,0,KILL,,AVAIL,Y,340
25BSHP,R16,CC,1,21,21,G,0,0,KILL,,AVAIL,Y,340
25BSHP,R16,BB,1,20,20,G,0,0,KILL,,AVAIL,Y,340
25BSHP,R16,AA,1,20,20,G,0,0,KILL,,AVAIL,Y,340
25BSHP,R16,Z,1,20,20,G,0,0,KILL,,AVAIL,Y,330
25BSHP,R16,Y,1,19,19,G,0,0,KILL,,AVAIL,Y,330
25BSHP,R16,X,1,19,19,G,0,0,KILL,,AVAIL,Y,330
25BSHP,R16,W,1,19,19,G,0,0,KILL,,AVAIL,Y,330
25BSHP,R16,V,4,15,12,G,0,0,KILL,,AVAIL,Y,330
25BSHP,R16,U,4,15,12,G,0,0,KILL,,AVAIL,Y,330
25BSHP,R16,T,4,15,12,G,0,0,KILL,,AVAIL,Y,330
25BSHP,R16,S,4,14,11,G,0,0,KILL,,AVAIL,Y,330
25BSHP,R16,R,1,17,17,G,0,0,KILL,,AVAIL,Y,330
25BSHP,R16,Q,1,17,17,G,0,0,KILL,,AVAIL,Y,330
25BSHP,R16,P,1,16,16,G,0,0,KILL,,AVAIL,Y,330
25BSHP,R16,O,1,16,16,G,0,0,KILL,,AVAIL,Y,330
25BSHP,R16,N,1,15,15,G,0,0,KILL,,AVAIL,Y,330
25BSHP,R16,M,1,15,15,G,0,0,KILL,,AVAIL,Y,330
25BSHP,R16,L,1,15,15,G,0,0,KILL,,AVAIL,Y,330
25BSHP,R17,PP,1,25,25,G,0,0,KILL,,AVAIL,Y,360
25BSHP,R17,OO,1,25,25,G,0,0,KILL,,AVAIL,Y,360
25BSHP,R17,NN,1,24,24,G,0,0,KILL,,AVAIL,Y,360
25BSHP,R17,MM,1,24,24,G,0,0,KILL,,AVAIL,Y,360
25BSHP,R17,LL,1,24,24,G,0,0,KILL,,AVAIL,Y,360
25BSHP,R17,KK,1,23,23,G,0,0,KILL,,AVAIL,Y,360
25BSHP,R17,JJ,1,23,23,G,0,0,KILL,,AVAIL,Y,360
25BSHP,R17,II,1,23,23,G,0,0,KILL,,AVAIL,Y,360
25BSHP,R17,HH,1,22,22,G,0,0,KILL,,AVAIL,Y,360
25BSHP,R17,GG,1,22,22,G,0,0,KILL,,AVAIL,Y,360
25BSHP,R17,FF,1,22,22,G,0,0,KILL,,AVAIL,Y,360
25BSHP,R17,EE,1,21,21,G,0,0,KILL,,AVAIL,Y,360
25BSHP,R17,DD,1,21,21,G,0,0,KILL,,AVAIL,Y,360
25BSHP,R17,CC,1,21,21,G,0,0,KILL,,AVAIL,Y,360
25BSHP,R17,BB,1,20,20,G,0,0,KILL,,AVAIL,Y,360
25BSHP,R17,AA,1,20,20,G,0,0,KILL,,AVAIL,Y,360
25BSHP,R17,Z,1,20,20,G,0,0,KILL,,AVAIL,Y,350
25BSHP,R17,Y,1,19,19,G,0,0,KILL,,AVAIL,Y,350
25BSHP,R17,X,1,19,19,G,0,0,KILL,,AVAIL,Y,350
25BSHP,R17,W,1,19,19,G,0,0,KILL,,AVAIL,Y,350
25BSHP,R17,V,4,15,12,G,0,0,KILL,,AVAIL,Y,350
25BSHP,R17,U,4,15,12,G,0,0,KILL,,AVAIL,Y,350
25BSHP,R17,T,4,15,12,G,0,0,KILL,,AVAIL,Y,350
25BSHP,R17,S,4,14,11,G,0,0,KILL,,AVAIL,Y,350
25BSHP,R17,R,1,17,17,G,0,0,KILL,,AVAIL,Y,350
25BSHP,R17,Q,1,17,17,G,0,0,KILL,,AVAIL,Y,350
25BSHP,R17,P,1,16,16,G,0,0,KILL,,AVAIL,Y,350
25BSHP,R17,O,1,16,16,G,0,0,KILL,,AVAIL,Y,350
25BSHP,R17,N,1,15,15,G,0,0,KILL,,AVAIL,Y,350
25BSHP,R17,M,1,15,15,G,0,0,KILL,,AVAIL,Y,350
25BSHP,R17,L,1,15,15,G,0,0,KILL,,AVAIL,Y,350
25BSHP,R18,PP,1,25,25,G,0,0,KILL,,AVAIL,Y,380
25BSHP,R18,OO,1,25,25,G,0,0,KILL,,AVAIL,Y,380
25BSHP,R18,NN,1,24,24,G,0,0,KILL,,AVAIL,Y,380
25BSHP,R18,MM,1,24,24,G,0,0,KILL,,AVAIL,Y,380
25BSHP,R18,LL,1,24,24,G,0,0,KILL,,AVAIL,Y,380
25BSHP,R18,KK,1,23,23,G,0,0,KILL,,AVAIL,Y,380
25BSHP,R18,JJ,1,23,23,G,0,0,KILL,,AVAIL,Y,380
25BSHP,R18,II,1,23,23,G,0,0,KILL,,AVAIL,Y,380
25BSHP,R18,HH,1,22,22,G,0,0,KILL,,AVAIL,Y,380
25BSHP,R18,GG,1,22,22,G,0,0,KILL,,AVAIL,Y,380
25BSHP,R18,FF,1,22,22,G,0,0,KILL,,AVAIL,Y,380
25BSHP,R18,EE,1,21,21,G,0,0,KILL,,AVAIL,Y,380
25BSHP,R18,DD,1,21,21,G,0,0,KILL,,AVAIL,Y,380
25BSHP,R18,CC,1,21,21,G,0,0,KILL,,AVAIL,Y,380
25BSHP,R18,BB,1,20,20,G,0,0,KILL,,AVAIL,Y,380
25BSHP,R18,AA,1,20,20,G,0,0,KILL,,AVAIL,Y,380
25BSHP,R18,Z,1,20,20,G,0,0,KILL,,AVAIL,Y,370
25BSHP,R18,Y,1,19,19,G,0,0,KILL,,AVAIL,Y,370
25BSHP,R18,X,1,19,19,G,0,0,KILL,,AVAIL,Y,370
25BSHP,R18,W,1,19,19,G,0,0,KILL,,AVAIL,Y,370
25BSHP,R18,V,4,15,12,G,0,0,KILL,,AVAIL,Y,370
25BSHP,R18,U,4,15,12,G,0,0,KILL,,AVAIL,Y,370
25BSHP,R18,T,4,15,12,G,0,0,KILL,,AVAIL,Y,370
25BSHP,R18,S,4,14,11,G,0,0,KILL,,AVAIL,Y,370
25BSHP,R18,R,1,17,17,G,0,0,KILL,,AVAIL,Y,370
25BSHP,R18,Q,1,17,17,G,0,0,KILL,,AVAIL,Y,370
25BSHP,R18,P,1,16,16,G,0,0,KILL,,AVAIL,Y,370
25BSHP,R18,O,1,16,16,G,0,0,KILL,,AVAIL,Y,370
25BSHP,R18,N,1,15,15,G,0,0,KILL,,AVAIL,Y,370
25BSHP,R18,M,1,15,15,G,0,0,KILL,,AVAIL,Y,370
25BSHP,R18,L,1,15,15,G,0,0,KILL,,AVAIL,Y,370
25BSHP,R19,PP,1,25,25,G,0,0,KILL,,AVAIL,Y,400
25BSHP,R19,OO,1,25,25,G,0,0,KILL,,AVAIL,Y,400
25BSHP,R19,NN,1,24,24,G,0,0,KILL,,AVAIL,Y,400
25BSHP,R19,MM,1,24,24,G,0,0,KILL,,AVAIL,Y,400
25BSHP,R19,LL,1,24,24,G,0,0,KILL,,AVAIL,Y,400
25BSHP,R19,KK,1,23,23,G,0,0,KILL,,AVAIL,Y,400
25BSHP,R19,JJ,1,23,23,G,0,0,KILL,,AVAIL,Y,400
25BSHP,R19,II,1,23,23,G,0,0,KILL,,AVAIL,Y,400
25BSHP,R19,HH,1,22,22,G,0,0,KILL,,AVAIL,Y,400
25BSHP,R19,GG,1,22,22,G,0,0,KILL,,AVAIL,Y,400
25BSHP,R19,FF,1,22,22,G,0,0,KILL,,AVAIL,Y,400
25BSHP,R19,EE,1,21,21,G,0,0,KILL,,AVAIL,Y,400
25BSHP,R19,DD,1,21,21,G,0,0,KILL,,AVAIL,Y,400
25BSHP,R19,CC,1,21,21,G,0,0,KILL,,AVAIL,Y,400
25BSHP,R19,BB,1,20,20,G,0,0,KILL,,AVAIL,Y,400
25BSHP,R19,AA,1,20,20,G,0,0,KILL,,AVAIL,Y,400
25BSHP,R19,Z,1,20,20,G,0,0,KILL,,AVAIL,Y,390
25BSHP,R19,Y,1,19,19,G,0,0,KILL,,AVAIL,Y,390
25BSHP,R19,X,1,19,19,G,0,0,KILL,,AVAIL,Y,390
25BSHP,R19,W,1,19,19,G,0,0,KILL,,AVAIL,Y,390
25BSHP,R19,V,4,15,12,G,0,0,KILL,,AVAIL,Y,390
25BSHP,R19,U,4,15,12,G,0,0,KILL,,AVAIL,Y,390
25BSHP,R19,T,4,14,11,G,0,0,KILL,,AVAIL,Y,390
25BSHP,R19,S,4,14,11,G,0,0,KILL,,AVAIL,Y,390
25BSHP,R19,R,1,17,17,G,0,0,KILL,,AVAIL,Y,390
25BSHP,R19,Q,1,16,16,G,0,0,KILL,,AVAIL,Y,390
25BSHP,R19,P,14,16,3,G,0,0,KILL,,AVAIL,Y,390
25BSHP,R19,P,1,3,3,G,0,0,KILL,,AVAIL,Y,390
25BSHP,R19,O,14,16,3,G,0,0,KILL,,AVAIL,Y,390
25BSHP,R19,O,1,3,3,G,0,0,KILL,,AVAIL,Y,390
25BSHP,R19,N,13,15,3,G,0,0,KILL,,AVAIL,Y,390
25BSHP,R19,N,1,3,3,G,0,0,KILL,,AVAIL,Y,390
25BSHP,R19,M,13,15,3,G,0,0,KILL,,AVAIL,Y,390
25BSHP,R19,M,1,3,3,G,0,0,KILL,,AVAIL,Y,390
25BSHP,R19,L,13,15,3,G,0,0,KILL,,AVAIL,Y,390
25BSHP,R19,L,1,3,3,G,0,0,KILL,,AVAIL,Y,390
25BSHP,R20,BB,1,20,20,G,0,0,KILL,,AVAIL,Y,420
25BSHP,R20,AA,1,20,20,G,0,0,KILL,,AVAIL,Y,420
25BSHP,R20,Z,1,20,20,G,0,0,KILL,,AVAIL,Y,410
25BSHP,R20,Y,1,19,19,G,0,0,KILL,,AVAIL,Y,410
25BSHP,R20,X,1,19,19,G,0,0,KILL,,AVAIL,Y,410
25BSHP,R20,W,1,19,19,G,0,0,KILL,,AVAIL,Y,410
25BSHP,R20,V,4,15,12,G,0,0,KILL,,AVAIL,Y,410
25BSHP,R20,U,4,15,12,G,0,0,KILL,,AVAIL,Y,410
25BSHP,R20,T,4,14,11,G,0,0,KILL,,AVAIL,Y,410
25BSHP,R20,S,4,14,11,G,0,0,KILL,,AVAIL,Y,410
25BSHP,R20,R,1,17,17,G,0,0,KILL,,AVAIL,Y,410
25BSHP,R20,Q,1,17,17,G,0,0,KILL,,AVAIL,Y,410
25BSHP,R20,P,1,16,16,G,0,0,KILL,,AVAIL,Y,410
25BSHP,R20,O,1,16,16,G,0,0,KILL,,AVAIL,Y,410
25BSHP,R20,N,1,15,15,G,0,0,KILL,,AVAIL,Y,410
25BSHP,R20,M,1,15,15,G,0,0,KILL,,AVAIL,Y,410
25BSHP,R20,L,1,15,15,G,0,0,KILL,,AVAIL,Y,410
25BSHP,R20,PP,1,25,25,G,0,0,KILL,,AVAIL,Y,420
25BSHP,R20,OO,1,25,25,G,0,0,KILL,,AVAIL,Y,420
25BSHP,R20,NN,1,24,24,G,0,0,KILL,,AVAIL,Y,420
25BSHP,R20,MM,1,24,24,G,0,0,KILL,,AVAIL,Y,420
25BSHP,R20,LL,1,24,24,G,0,0,KILL,,AVAIL,Y,420
25BSHP,R20,KK,1,23,23,G,0,0,KILL,,AVAIL,Y,420
25BSHP,R20,JJ,1,23,23,G,0,0,KILL,,AVAIL,Y,420
25BSHP,R20,II,1,23,23,G,0,0,KILL,,AVAIL,Y,420
25BSHP,R20,HH,1,22,22,G,0,0,KILL,,AVAIL,Y,420
25BSHP,R20,GG,1,22,22,G,0,0,KILL,,AVAIL,Y,420
25BSHP,R20,FF,1,22,22,G,0,0,KILL,,AVAIL,Y,420
25BSHP,R20,EE,1,21,21,G,0,0,KILL,,AVAIL,Y,420
25BSHP,R20,DD,1,21,21,G,0,0,KILL,,AVAIL,Y,420
25BSHP,R20,CC,1,21,21,G,0,0,KILL,,AVAIL,Y,420
25BSHP,R21,PP,1,25,25,G,0,0,KILL,,AVAIL,Y,440
25BSHP,R21,OO,1,25,25,G,0,0,KILL,,AVAIL,Y,440
25BSHP,R21,NN,1,24,24,G,0,0,KILL,,AVAIL,Y,440
25BSHP,R21,MM,1,24,24,G,0,0,KILL,,AVAIL,Y,440
25BSHP,R21,LL,1,24,24,G,0,0,KILL,,AVAIL,Y,440
25BSHP,R21,KK,1,23,23,G,0,0,KILL,,AVAIL,Y,440
25BSHP,R21,JJ,1,23,23,G,0,0,KILL,,AVAIL,Y,440
25BSHP,R21,II,1,23,23,G,0,0,KILL,,AVAIL,Y,440
25BSHP,R21,HH,1,22,22,G,0,0,KILL,,AVAIL,Y,440
25BSHP,R21,GG,1,22,22,G,0,0,KILL,,AVAIL,Y,440
25BSHP,R21,FF,1,22,22,G,0,0,KILL,,AVAIL,Y,440
25BSHP,R21,EE,1,21,21,G,0,0,KILL,,AVAIL,Y,440
25BSHP,R21,DD,1,21,21,G,0,0,KILL,,AVAIL,Y,440
25BSHP,R21,CC,1,21,21,G,0,0,KILL,,AVAIL,Y,440
25BSHP,R21,BB,1,20,20,G,0,0,KILL,,AVAIL,Y,440
25BSHP,R21,AA,1,20,20,G,0,0,KILL,,AVAIL,Y,440
25BSHP,R21,Z,1,20,20,G,0,0,KILL,,AVAIL,Y,430
25BSHP,R21,Y,1,19,19,G,0,0,KILL,,AVAIL,Y,430
25BSHP,R21,X,1,19,19,G,0,0,KILL,,AVAIL,Y,430
25BSHP,R21,W,1,19,19,G,0,0,KILL,,AVAIL,Y,430
25BSHP,R21,V,4,15,12,G,0,0,KILL,,AVAIL,Y,430
25BSHP,R21,U,4,15,12,G,0,0,KILL,,AVAIL,Y,430
25BSHP,R21,T,4,14,11,G,0,0,KILL,,AVAIL,Y,430
25BSHP,R21,S,4,14,11,G,0,0,KILL,,AVAIL,Y,430
25BSHP,R21,R,1,17,17,G,0,0,KILL,,AVAIL,Y,430
25BSHP,R21,Q,1,17,17,G,0,0,KILL,,AVAIL,Y,430
25BSHP,R21,P,1,16,16,G,0,0,KILL,,AVAIL,Y,430
25BSHP,R21,O,1,16,16,G,0,0,KILL,,AVAIL,Y,430
25BSHP,R21,N,1,15,15,G,0,0,KILL,,AVAIL,Y,430
25BSHP,R21,M,1,15,15,G,0,0,KILL,,AVAIL,Y,430
25BSHP,R21,L,1,15,15,G,0,0,KILL,,AVAIL,Y,430
25BSHP,R22,PP,1,25,25,G,0,0,KILL,,AVAIL,Y,460
25BSHP,R22,OO,1,25,25,G,0,0,KILL,,AVAIL,Y,460
25BSHP,R22,NN,1,24,24,G,0,0,KILL,,AVAIL,Y,460
25BSHP,R22,MM,1,24,24,G,0,0,KILL,,AVAIL,Y,460
25BSHP,R22,LL,1,24,24,G,0,0,KILL,,AVAIL,Y,460
25BSHP,R22,KK,1,23,23,G,0,0,KILL,,AVAIL,Y,460
25BSHP,R22,JJ,1,23,23,G,0,0,KILL,,AVAIL,Y,460
25BSHP,R22,II,1,23,23,G,0,0,KILL,,AVAIL,Y,460
25BSHP,R22,HH,1,22,22,G,0,0,KILL,,AVAIL,Y,460
25BSHP,R22,GG,1,22,22,G,0,0,KILL,,AVAIL,Y,460
25BSHP,R22,FF,1,22,22,G,0,0,KILL,,AVAIL,Y,460
25BSHP,R22,EE,1,21,21,G,0,0,KILL,,AVAIL,Y,460
25BSHP,R22,DD,1,21,21,G,0,0,KILL,,AVAIL,Y,460
25BSHP,R22,CC,1,21,21,G,0,0,KILL,,AVAIL,Y,460
25BSHP,R22,BB,1,20,20,G,0,0,KILL,,AVAIL,Y,460
25BSHP,R22,AA,1,20,20,G,0,0,KILL,,AVAIL,Y,460
25BSHP,R22,Z,1,20,20,G,0,0,KILL,,AVAIL,Y,450
25BSHP,R22,Y,1,19,19,G,0,0,KILL,,AVAIL,Y,450
25BSHP,R22,X,1,19,19,G,0,0,KILL,,AVAIL,Y,450
25BSHP,R22,W,1,19,19,G,0,0,KILL,,AVAIL,Y,450
25BSHP,R22,V,4,15,12,G,0,0,KILL,,AVAIL,Y,450
25BSHP,R22,U,4,15,12,G,0,0,KILL,,AVAIL,Y,450
25BSHP,R22,T,4,14,11,G,0,0,KILL,,AVAIL,Y,450
25BSHP,R22,S,4,14,11,G,0,0,KILL,,AVAIL,Y,450
25BSHP,R22,R,1,17,17,G,0,0,KILL,,AVAIL,Y,450
25BSHP,R22,Q,1,17,17,G,0,0,KILL,,AVAIL,Y,450
25BSHP,R22,P,1,16,16,G,0,0,KILL,,AVAIL,Y,450
25BSHP,R22,O,1,16,16,G,0,0,KILL,,AVAIL,Y,450
25BSHP,R22,N,1,15,15,G,0,0,KILL,,AVAIL,Y,450
25BSHP,R22,M,1,15,15,G,0,0,KILL,,AVAIL,Y,450
25BSHP,R22,L,1,15,15,G,0,0,KILL,,AVAIL,Y,450
25BSHP,R23,PP,1,25,25,G,0,0,KILL,,AVAIL,Y,480
25BSHP,R23,OO,1,25,25,G,0,0,KILL,,AVAIL,Y,480
25BSHP,R23,NN,1,24,24,G,0,0,KILL,,AVAIL,Y,480
25BSHP,R23,MM,1,24,24,G,0,0,KILL,,AVAIL,Y,480
25BSHP,R23,LL,1,24,24,G,0,0,KILL,,AVAIL,Y,480
25BSHP,R23,KK,1,23,23,G,0,0,KILL,,AVAIL,Y,480
25BSHP,R23,JJ,1,23,23,G,0,0,KILL,,AVAIL,Y,480
25BSHP,R23,II,1,23,23,G,0,0,KILL,,AVAIL,Y,480
25BSHP,R23,HH,1,22,22,G,0,0,KILL,,AVAIL,Y,480
25BSHP,R23,GG,1,22,22,G,0,0,KILL,,AVAIL,Y,480
25BSHP,R23,FF,1,22,22,G,0,0,KILL,,AVAIL,Y,480
25BSHP,R23,EE,1,21,21,G,0,0,KILL,,AVAIL,Y,480
25BSHP,R23,DD,1,21,21,G,0,0,KILL,,AVAIL,Y,480
25BSHP,R23,CC,1,21,21,G,0,0,KILL,,AVAIL,Y,480
25BSHP,R23,BB,1,20,20,G,0,0,KILL,,AVAIL,Y,480
25BSHP,R23,AA,1,20,20,G,0,0,KILL,,AVAIL,Y,480
25BSHP,R23,Z,1,20,20,G,0,0,KILL,,AVAIL,Y,470
25BSHP,R23,Y,1,19,19,G,0,0,KILL,,AVAIL,Y,470
25BSHP,R23,X,1,19,19,G,0,0,KILL,,AVAIL,Y,470
25BSHP,R23,W,1,19,19,G,0,0,KILL,,AVAIL,Y,470
25BSHP,R23,V,4,15,12,G,0,0,KILL,,AVAIL,Y,470
25BSHP,R23,U,4,15,12,G,0,0,KILL,,AVAIL,Y,470
25BSHP,R23,T,4,14,11,G,0,0,KILL,,AVAIL,Y,470
25BSHP,R23,S,4,14,11,G,0,0,KILL,,AVAIL,Y,470
25BSHP,R23,R,1,17,17,G,0,0,KILL,,AVAIL,Y,470
25BSHP,R23,Q,1,17,17,G,0,0,KILL,,AVAIL,Y,470
25BSHP,R23,P,1,16,16,G,0,0,KILL,,AVAIL,Y,470
25BSHP,R23,O,1,16,16,G,0,0,KILL,,AVAIL,Y,470
25BSHP,R23,N,1,15,15,G,0,0,KILL,,AVAIL,Y,470
25BSHP,R23,M,1,15,15,G,0,0,KILL,,AVAIL,Y,470
25BSHP,R23,L,1,15,15,G,0,0,KILL,,AVAIL,Y,470
25BSHP,R24,PP,1,25,25,G,0,0,KILL,,AVAIL,Y,500
25BSHP,R24,OO,1,25,25,G,0,0,KILL,,AVAIL,Y,500
25BSHP,R24,NN,1,24,24,G,0,0,KILL,,AVAIL,Y,500
25BSHP,R24,MM,1,24,24,G,0,0,KILL,,AVAIL,Y,500
25BSHP,R24,LL,1,24,24,G,0,0,KILL,,AVAIL,Y,500
25BSHP,R24,KK,1,23,23,G,0,0,KILL,,AVAIL,Y,500
25BSHP,R24,JJ,1,23,23,G,0,0,KILL,,AVAIL,Y,500
25BSHP,R24,II,1,23,23,G,0,0,KILL,,AVAIL,Y,500
25BSHP,R24,HH,1,22,22,G,0,0,KILL,,AVAIL,Y,500
25BSHP,R24,GG,1,22,22,G,0,0,KILL,,AVAIL,Y,500
25BSHP,R24,FF,1,22,22,G,0,0,KILL,,AVAIL,Y,500
25BSHP,R24,EE,1,21,21,G,0,0,KILL,,AVAIL,Y,500
25BSHP,R24,DD,1,21,21,G,0,0,KILL,,AVAIL,Y,500
25BSHP,R24,CC,1,21,21,G,0,0,KILL,,AVAIL,Y,500
25BSHP,R24,BB,1,20,20,G,0,0,KILL,,AVAIL,Y,500
25BSHP,R24,AA,1,20,20,G,0,0,KILL,,AVAIL,Y,500
25BSHP,R24,Z,1,20,20,G,0,0,KILL,,AVAIL,Y,490
25BSHP,R24,Y,1,19,19,G,0,0,KILL,,AVAIL,Y,490
25BSHP,R24,X,1,19,19,G,0,0,KILL,,AVAIL,Y,490
25BSHP,R24,W,1,19,19,G,0,0,KILL,,AVAIL,Y,490
25BSHP,R24,V,4,15,12,G,0,0,KILL,,AVAIL,Y,490
25BSHP,R24,U,4,15,12,G,0,0,KILL,,AVAIL,Y,490
25BSHP,R24,T,4,14,11,G,0,0,KILL,,AVAIL,Y,490
25BSHP,R24,S,4,14,11,G,0,0,KILL,,AVAIL,Y,490
25BSHP,R24,R,1,17,17,G,0,0,KILL,,AVAIL,Y,490
25BSHP,R24,Q,1,17,17,G,0,0,KILL,,AVAIL,Y,490
25BSHP,R24,P,1,16,16,G,0,0,KILL,,AVAIL,Y,490
25BSHP,R24,O,1,16,16,G,0,0,KILL,,AVAIL,Y,490
25BSHP,R24,N,1,15,15,G,0,0,KILL,,AVAIL,Y,490
25BSHP,R24,M,1,15,15,G,0,0,KILL,,AVAIL,Y,490
25BSHP,R24,L,1,15,15,G,0,0,KILL,,AVAIL,Y,490
25BSHP,R25,U,14,15,2,E,0,0,OPEN,,AVAIL,N,510
25BSHP,R25,L,1,13,13,E,0,0,OPEN,,AVAIL,N,510
25BSHP,R25,N,11,13,3,E,0,0,OPEN,,AVAIL,N,510
25BSHP,R25,EE,17,21,5,E,0,0,OPEN,,AVAIL,N,520
25BSHP,R25,FF,1,22,22,E,0,0,OPEN,,AVAIL,N,520
25BSHP,R25,BB,1,5,5,E,0,0,OPEN,,AVAIL,N,520
25BSHP,R25,EE,1,13,13,E,0,0,OPEN,,AVAIL,N,520
25BSHP,R25,GG,1,8,8,E,0,0,OPEN,,AVAIL,N,520
25BSHP,R25,N,3,9,7,E,0,0,OPEN,,AVAIL,N,510
25BSHP,R25,M,1,15,15,E,0,0,OPEN,,AVAIL,N,510
25BSHP,R26,M,4,9,6,E,0,0,OPEN,,AVAIL,N,530
25BSHP,R26,L,1,2,2,E,0,0,OPEN,,AVAIL,N,530
25BSHP,R26,M,12,12,1,E,0,0,OPEN,,AVAIL,N,530
25BSHP,R26,X,16,19,4,E,0,0,OPEN,,AVAIL,N,530
25BSHP,R26,S,13,14,2,E,0,0,OPEN,,AVAIL,N,530
25BSHP,R26,Q,4,4,1,E,0,0,OPEN,,AVAIL,N,530
25BSHP,R26,AA,1,4,4,E,0,0,OPEN,,AVAIL,N,540
25BSHP,R26,W,18,19,2,E,0,0,OPEN,,AVAIL,N,530
25BSHP,R26,FF,19,22,4,E,0,0,OPEN,,AVAIL,N,540
25BSHP,R26,R,16,17,2,E,0,0,OPEN,,AVAIL,N,530
25BSHP,R26,Q,16,17,2,E,0,0,OPEN,,AVAIL,N,530
25BSHP,R26,T,11,14,4,E,0,0,OPEN,,AVAIL,N,530
25BSHP,R26,N,1,13,13,E,0,0,OPEN,,AVAIL,N,530
25BSHP,R27,L,17,19,3,D,0,0,OPEN,,AVAIL,N,550
25BSHP,R27,R,1,16,16,D,0,0,OPEN,,AVAIL,N,550
25BSHP,R27,Q,1,21,21,D,0,0,OPEN,,AVAIL,N,550
25BSHP,R27,O,1,21,21,D,0,0,OPEN,,AVAIL,N,550
25BSHP,R27,N,1,21,21,D,0,0,OPEN,,AVAIL,N,550
25BSHP,R27,M,1,21,21,D,0,0,OPEN,,AVAIL,N,550
25BSHP,R27,L,1,9,9,D,0,0,OPEN,,AVAIL,N,550
25BSHP,R27,P,1,21,21,D,0,0,OPEN,,AVAIL,N,550
25BSHP,R27,R,19,21,3,D,0,0,OPEN,,AVAIL,N,550
25BSHP,R28,M,19,19,1,D,0,0,OPEN,,AVAIL,N,570
25BSHP,R28,L,3,7,5,D,0,0,OPEN,,AVAIL,N,570
25BSHP,R28,AA,7,21,15,D,0,0,OPEN,,AVAIL,N,580
25BSHP,R28,Z,7,18,12,D,0,0,OPEN,,AVAIL,N,570
25BSHP,R28,Y,7,17,11,D,0,0,OPEN,,AVAIL,N,570
25BSHP,R28,X,7,19,13,D,0,0,OPEN,,AVAIL,N,570
25BSHP,R28,W,7,19,13,D,0,0,OPEN,,AVAIL,N,570
25BSHP,R28,R,20,21,2,D,0,0,OPEN,,AVAIL,N,570
25BSHP,R28,M,1,2,2,D,0,0,OPEN,,AVAIL,N,570
25BSHP,R28,Q,15,21,7,D,0,0,OPEN,,AVAIL,N,570
25BSHP,R28,L,12,17,6,D,0,0,OPEN,,AVAIL,N,570
25BSHP,R28,O,5,17,13,D,0,0,OPEN,,AVAIL,N,570
25BSHP,R28,N,1,17,17,D,0,0,OPEN,,AVAIL,N,570
25BSHP,R28,M,5,15,11,D,0,0,OPEN,,AVAIL,N,570
25BSHP,R29,M,11,12,2,C,0,0,OPEN,,AVAIL,N,590
25BSHP,R29,CC,1,21,21,D,0,0,OPEN,,AVAIL,N,600
25BSHP,R29,N,11,17,7,C,0,0,OPEN,,AVAIL,N,590
25BSHP,R29,O,1,2,2,C,0,0,OPEN,,AVAIL,N,590
25BSHP,R29,P,1,4,4,C,0,0,OPEN,,AVAIL,N,590
25BSHP,R29,Q,16,21,6,C,0,0,OPEN,,AVAIL,N,590
25BSHP,R29,Z,19,19,1,C,0,0,OPEN,,AVAIL,N,590
25BSHP,R29,W,19,21,3,C,0,0,OPEN,,AVAIL,N,590
25BSHP,R29,O,18,19,2,C,0,0,OPEN,,AVAIL,N,590
25BSHP,R29,DD,1,17,17,D,0,0,OPEN,,AVAIL,N,600
25BSHP,R29,BB,1,21,21,D,0,0,OPEN,,AVAIL,N,600
25BSHP,R29,AA,11,17,7,D,0,0,OPEN,,AVAIL,N,600
25BSHP,R29,O,11,12,2,C,0,0,OPEN,,AVAIL,N,590
25BSHP,R29,M,15,15,1,C,0,0,OPEN,,AVAIL,N,590
25BSHP,R30,M,1,2,2,B,0,0,OPEN,,AVAIL,N,610
25BSHP,R30,AA,19,19,1,C,0,0,OPEN,,AVAIL,N,620
25BSHP,R30,N,5,17,13,B,0,0,OPEN,,AVAIL,N,610
25BSHP,R30,Q,1,4,4,B,0,0,OPEN,,AVAIL,N,610
25BSHP,R30,S,15,18,4,B,0,0,OPEN,,AVAIL,N,610
25BSHP,R30,DD,1,15,15,C,0,0,OPEN,,AVAIL,N,620
25BSHP,R30,CC,1,21,21,C,0,0,OPEN,,AVAIL,N,620
25BSHP,R30,BB,1,21,21,C,0,0,OPEN,,AVAIL,N,620
25BSHP,R30,AA,1,12,12,C,0,0,OPEN,,AVAIL,N,620
25BSHP,R30,O,7,14,8,B,0,0,OPEN,,AVAIL,N,610
25BSHP,R30,M,5,11,7,B,0,0,OPEN,,AVAIL,N,610
25BSHP,R31,AA,18,21,4,C,0,0,OPEN,,AVAIL,N,640
25BSHP,R31,II,9,10,2,C,0,0,OPEN,,AVAIL,N,640
25BSHP,R31,N,20,21,2,B,0,0,OPEN,,AVAIL,N,630
25BSHP,R31,CC,5,6,2,C,0,0,OPEN,,AVAIL,N,640
25BSHP,R31,DD,4,19,16,C,0,0,OPEN,,AVAIL,N,640
25BSHP,R31,CC,13,17,5,C,0,0,OPEN,,AVAIL,N,640
25BSHP,R31,W,11,12,2,B,0,0,OPEN,,AVAIL,N,630
25BSHP,R31,P,8,10,3,B,0,0,OPEN,,AVAIL,N,630
25BSHP,R31,BB,9,10,2,C,0,0,OPEN,,AVAIL,N,640
25BSHP,R31,N,1,11,11,B,0,0,OPEN,,AVAIL,N,630
25BSHP,R31,O,1,2,2,B,0,0,OPEN,,AVAIL,N,630
25BSHP,R31,Q,18,21,4,B,0,0,OPEN,,AVAIL,N,630
25BSHP,R31,P,3,5,3,B,0,0,OPEN,,AVAIL,N,630
25BSHP,R31,R,1,6,6,B,0,0,OPEN,,AVAIL,N,630
25BSHP,R31,N,14,17,4,B,0,0,OPEN,,AVAIL,N,630
25BSHP,R31,Q,5,5,1,B,0,0,OPEN,,AVAIL,N,630
25BSHP,R31,PP,1,2,2,C,0,0,OPEN,,AVAIL,N,640
25BSHP,R31,PP,20,21,2,C,0,0,OPEN,,AVAIL,N,640
25BSHP,R31,M,13,21,9,B,0,0,OPEN,,AVAIL,N,630
25BSHP,R31,AA,9,12,4,C,0,0,OPEN,,AVAIL,N,640
25BSHP,R31,BB,13,16,4,C,0,0,OPEN,,AVAIL,N,640
25BSHP,R31,M,1,8,8,B,0,0,OPEN,,AVAIL,N,630
25BSHP,R31,S,8,10,3,B,0,0,OPEN,,AVAIL,N,630
25BSHP,R32,R,1,3,3,B,0,0,OPEN,,AVAIL,N,650
25BSHP,R32,O,18,21,4,B,0,0,OPEN,,AVAIL,N,650
25BSHP,R32,R,18,21,4,B,0,0,OPEN,,AVAIL,N,650
25BSHP,R32,R,12,13,2,B,0,0,OPEN,,AVAIL,N,650
25BSHP,R32,FF,1,4,4,C,0,0,OPEN,,AVAIL,N,660
25BSHP,R32,L,9,10,2,B,0,0,OPEN,,AVAIL,N,650
25BSHP,R32,L,5,6,2,B,0,0,OPEN,,AVAIL,N,650
25BSHP,R32,BB,1,2,2,C,0,0,OPEN,,AVAIL,N,660
25BSHP,R32,M,16,21,6,B,0,0,OPEN,,AVAIL,N,650
25BSHP,R32,M,3,4,2,B,0,0,OPEN,,AVAIL,N,650
25BSHP,R32,AA,1,4,4,C,0,0,OPEN,,AVAIL,N,660
25BSHP,R33,BB,1,2,2,K,0,0,OPEN,,AVAIL,N,680
25BSHP,R33,T,14,15,2,J,0,0,OPEN,,AVAIL,N,670
25BSHP,R33,L,20,21,2,J,0,0,SUPPORTERS,,AVAIL,N,670
25BSHP,R33,R,20,21,2,J,0,0,OPEN,,AVAIL,N,670
25BSHP,R33,Q,11,14,4,J,0,0,OPEN,,AVAIL,N,670
25BSHP,R33,Q,18,18,1,J,0,0,OPEN,,AVAIL,N,670
25BSHP,R33,Q,20,21,2,J,0,0,OPEN,,AVAIL,N,670
25BSHP,R33,W,1,10,10,J,0,0,SUPPORTERS,,AVAIL,N,670
25BSHP,R33,V,4,18,15,J,0,0,SUPPORTERS,,AVAIL,N,670
25BSHP,R33,U,4,18,15,J,0,0,SUPPORTERS,,AVAIL,N,670
25BSHP,R33,T,4,13,10,J,0,0,SUPPORTERS,,AVAIL,N,670
25BSHP,R33,R,9,19,11,J,0,0,SUPPORTERS,,AVAIL,N,670
25BSHP,R33,Q,3,10,8,J,0,0,SUPPORTERS,,AVAIL,N,670
25BSHP,R33,M,1,5,5,J,0,0,SUPPORTERS,,AVAIL,N,670
25BSHP,R34,L,13,15,3,D,0,0,OPEN,,AVAIL,N,690
25BSHP,R34,V,17,18,2,D,0,0,OPEN,,AVAIL,N,690
25BSHP,R34,FF,13,13,1,D,0,0,OPEN,,AVAIL,N,700
25BSHP,R34,W,19,21,3,D,0,0,OPEN,,AVAIL,N,690
25BSHP,R34,Q,1,4,4,D,0,0,OPEN,,AVAIL,N,690
25BSHP,R34,N,1,4,4,D,0,0,OPEN,,AVAIL,N,690
25BSHP,R34,P,5,5,1,D,0,0,OPEN,,AVAIL,N,690
25BSHP,R34,M,10,11,2,D,0,0,OPEN,,AVAIL,N,690
25BSHP,R34,P,18,21,4,D,0,0,OPEN,,AVAIL,N,690
25BSHP,R34,V,12,13,2,D,0,0,OPEN,,AVAIL,N,690
25BSHP,R34,L,9,10,2,D,0,0,OPEN,,AVAIL,N,690
25BSHP,R36,O,4,18,15,E,0,0,OPEN,,AVAIL,N,750
25BSHP,R36,Y,1,2,2,E,0,0,OPEN,,AVAIL,N,750
25BSHP,R36,T,6,7,2,E,0,0,OPEN,,AVAIL,N,750
25BSHP,R36,O,21,21,1,E,0,0,OPEN,,AVAIL,N,750
25BSHP,R36,Y,6,8,3,E,0,0,OPEN,,AVAIL,N,750
25BSHP,R36,P,4,11,8,E,0,0,OPEN,,AVAIL,N,750
25BSHP,R36,NN,1,2,2,E,0,0,OPEN,,AVAIL,N,760
25BSHP,R36,LL,19,19,1,E,0,0,OPEN,,AVAIL,N,760
25BSHP,STE8,GA0,1,25,25,L,720.00,18000.00,SUITES,,AVAIL,N,100
25BSHP,TSL,GA7,1,50,50,I,0,0,KILL,,AVAIL,Y,1160
25BSHP,TSL,GA9,1,50,50,I,0,0,KILL,,AVAIL,Y,1160
25BSHP,TSL,GA8,1,50,50,I,0,0,KILL,,AVAIL,Y,1160
25BSHP,TSL,GA6,1,50,50,I,0,0,KILL,,AVAIL,Y,1160
25BSHP,TSL,GA5,1,50,50,I,0,0,KILL,,AVAIL,Y,1160
25BSHP,TSL,GA4,1,50,50,I,0,0,KILL,,AVAIL,Y,1160
25BSHP,TSL,GA3,1,50,50,I,0,0,KILL,,AVAIL,Y,1160
25BSHP,TSL,GA2,1,50,50,I,0,0,KILL,,AVAIL,Y,1160
25BSHP,TSL,GA0,1,12,12,I,0,0,BOX OFFICE HOLD,,AVAIL,N,1160
25BSHP,TSL,GA1,26,50,25,I,0,0,KILL,,AVAIL,Y,1160
25BSHP,TSL,GA1,1,15,15,I,0,0,TOP SHELF LOUNGE,,AVAIL,N,1160
25BSHP,TSL,GA0,13,50,38,I,0,0,TOP SHELF LOUNGE,,AVAIL,N,1160
25BSPLUS,GA1,GA9,1,50,50,A,50.00,2500.00,OPEN,,AVAIL,N,100
25BSPLUS,GA1,GA8,1,50,50,A,50.00,2500.00,OPEN,,AVAIL,N,100
25BSPLUS,GA1,GA7,1,50,50,A,50.00,2500.00,OPEN,,AVAIL,N,100
25BSPLUS,GA1,GA6,1,50,50,A,50.00,2500.00,OPEN,,AVAIL,N,100
25BSPLUS,GA1,GA3,1,50,50,A,50.00,2500.00,OPEN,,AVAIL,N,100
25BSPLUS,GA1,GA10,1,50,50,A,50.00,2500.00,OPEN,,AVAIL,N,100
25BSPLUS,GA1,GA5,1,50,50,A,50.00,2500.00,OPEN,,AVAIL,N,100
25BSPLUS,GA1,GA4,5,50,46,A,50.00,2300.00,OPEN,,AVAIL,N,100
25BSPLUS,GA1,GA2,21,50,30,A,50.00,1500.00,OPEN,,AVAIL,N,100
25BSPLUS,GA2,GA10,1,50,50,A,50.00,2500.00,OPEN,,AVAIL,N,100
25BSPLUS,GA2,GA9,1,50,50,A,50.00,2500.00,OPEN,,AVAIL,N,100
25BSPLUS,GA2,GA8,1,50,50,A,50.00,2500.00,OPEN,,AVAIL,N,100
25BSPLUS,GA2,GA7,1,50,50,A,50.00,2500.00,OPEN,,AVAIL,N,100
25BSPLUS,GA2,GA6,1,50,50,A,50.00,2500.00,OPEN,,AVAIL,N,100
25BSPLUS,GA2,GA5,1,50,50,A,50.00,2500.00,OPEN,,AVAIL,N,100
25BSPLUS,GA2,GA4,1,50,50,A,50.00,2500.00,OPEN,,AVAIL,N,100
25BSPLUS,GA2,GA3,1,50,50,A,50.00,2500.00,OPEN,,AVAIL,N,100
25BSPLUS,GA2,GA2,1,50,50,A,50.00,2500.00,OPEN,,AVAIL,N,100
25BSPLUS,GA2,GA1,4,50,47,A,50.00,2350.00,OPEN,,AVAIL,N,100
25BSPLUS,GA3,GA10,1,50,50,A,50.00,2500.00,OPEN,,AVAIL,N,100
25BSPLUS,GA3,GA9,1,50,50,A,50.00,2500.00,OPEN,,AVAIL,N,100
25BSPLUS,GA3,GA8,1,50,50,A,50.00,2500.00,OPEN,,AVAIL,N,100
25BSPLUS,GA3,GA7,1,50,50,A,50.00,2500.00,OPEN,,AVAIL,N,100
25BSPLUS,GA3,GA6,1,50,50,A,50.00,2500.00,OPEN,,AVAIL,N,100
25BSPLUS,GA3,GA5,1,50,50,A,50.00,2500.00,OPEN,,AVAIL,N,100
25BSPLUS,GA3,GA4,1,50,50,A,50.00,2500.00,OPEN,,AVAIL,N,100
25BSPLUS,GA3,GA3,1,50,50,A,50.00,2500.00,OPEN,,AVAIL,N,100
25BSPLUS,GA3,GA2,1,50,50,A,50.00,2500.00,OPEN,,AVAIL,N,100
25BSPLUS,GA3,GA1,3,50,48,A,50.00,2400.00,OPEN,,AVAIL,N,100
25BSPLUS,GA4,GA10,1,50,50,A,50.00,2500.00,OPEN,,AVAIL,N,100
25BSPLUS,GA4,GA9,1,50,50,A,50.00,2500.00,OPEN,,AVAIL,N,100
25BSPLUS,GA4,GA8,1,50,50,A,50.00,2500.00,OPEN,,AVAIL,N,100
25BSPLUS,GA4,GA7,1,50,50,A,50.00,2500.00,OPEN,,AVAIL,N,100
25BSPLUS,GA4,GA6,1,50,50,A,50.00,2500.00,OPEN,,AVAIL,N,100
25BSPLUS,GA4,GA5,1,50,50,A,50.00,2500.00,OPEN,,AVAIL,N,100
25BSPLUS,GA4,GA4,1,50,50,A,50.00,2500.00,OPEN,,AVAIL,N,100
25BSPLUS,GA4,GA3,1,50,50,A,50.00,2500.00,OPEN,,AVAIL,N,100
25BSPLUS,GA4,GA2,1,50,50,A,50.00,2500.00,OPEN,,AVAIL,N,100
25BSPLUS,GA4,GA1,3,50,48,A,50.00,2400.00,OPEN,,AVAIL,N,100
25BSPLUS,GA5,GA4,1,50,50,A,50.00,2500.00,OPEN,,AVAIL,N,100
25BSPLUS,GA5,GA10,1,50,50,A,50.00,2500.00,OPEN,,AVAIL,N,100
25BSPLUS,GA5,GA9,1,50,50,A,50.00,2500.00,OPEN,,AVAIL,N,100
25BSPLUS,GA5,GA8,1,50,50,A,50.00,2500.00,OPEN,,AVAIL,N,100
25BSPLUS,GA5,GA7,1,50,50,A,50.00,2500.00,OPEN,,AVAIL,N,100
25BSPLUS,GA5,GA6,1,50,50,A,50.00,2500.00,OPEN,,AVAIL,N,100
25BSPLUS,GA5,GA5,1,50,50,A,50.00,2500.00,OPEN,,AVAIL,N,100
25BSPLUS,GA5,GA3,1,50,50,A,50.00,2500.00,OPEN,,AVAIL,N,100
25BSPLUS,GA5,GA2,1,50,50,A,50.00,2500.00,OPEN,,AVAIL,N,100
25BSPLUS,GA5,GA1,5,50,46,A,50.00,2300.00,OPEN,,AVAIL,N,100
25BSPLUS,GA6,GA10,1,50,50,A,50.00,2500.00,OPEN,,AVAIL,N,100
25BSPLUS,GA6,GA9,1,50,50,A,50.00,2500.00,OPEN,,AVAIL,N,100
25BSPLUS,GA6,GA8,1,50,50,A,50.00,2500.00,OPEN,,AVAIL,N,100
25BSPLUS,GA6,GA7,1,50,50,A,50.00,2500.00,OPEN,,AVAIL,N,100
25BSPLUS,GA6,GA6,1,50,50,A,50.00,2500.00,OPEN,,AVAIL,N,100
25BSPLUS,GA6,GA5,1,50,50,A,50.00,2500.00,OPEN,,AVAIL,N,100
25BSPLUS,GA6,GA4,1,50,50,A,50.00,2500.00,OPEN,,AVAIL,N,100
25BSPLUS,GA6,GA3,1,50,50,A,50.00,2500.00,OPEN,,AVAIL,N,100
25BSPLUS,GA6,GA2,1,50,50,A,50.00,2500.00,OPEN,,AVAIL,N,100
25BSPLUS,GA6,GA1,4,50,47,A,50.00,2350.00,OPEN,,AVAIL,N,100
25BSPLUS,GA7,GA10,1,50,50,A,50.00,2500.00,OPEN,,AVAIL,N,100
25BSPLUS,GA7,GA9,1,50,50,A,50.00,2500.00,OPEN,,AVAIL,N,100
25BSPLUS,GA7,GA8,1,50,50,A,50.00,2500.00,OPEN,,AVAIL,N,100
25BSPLUS,GA7,GA7,1,50,50,A,50.00,2500.00,OPEN,,AVAIL,N,100
25BSPLUS,GA7,GA6,1,50,50,A,50.00,2500.00,OPEN,,AVAIL,N,100
25BSPLUS,GA7,GA5,1,50,50,A,50.00,2500.00,OPEN,,AVAIL,N,100
25BSPLUS,GA7,GA4,1,50,50,A,50.00,2500.00,OPEN,,AVAIL,N,100
25BSPLUS,GA7,GA3,1,50,50,A,50.00,2500.00,OPEN,,AVAIL,N,100
25BSPLUS,GA7,GA2,1,50,50,A,50.00,2500.00,OPEN,,AVAIL,N,100
25BSPLUS,GA7,GA1,9,50,42,A,50.00,2100.00,OPEN,,AVAIL,N,100
25BSPLUS,GA8,GA10,1,50,50,A,50.00,2500.00,OPEN,,AVAIL,N,100
25BSPLUS,GA8,GA9,1,50,50,A,50.00,2500.00,OPEN,,AVAIL,N,100
25BSPLUS,GA8,GA8,1,50,50,A,50.00,2500.00,OPEN,,AVAIL,N,100
25BSPLUS,GA8,GA7,1,50,50,A,50.00,2500.00,OPEN,,AVAIL,N,100
25BSPLUS,GA8,GA6,1,50,50,A,50.00,2500.00,OPEN,,AVAIL,N,100
25BSPLUS,GA8,GA5,1,50,50,A,50.00,2500.00,OPEN,,AVAIL,N,100
25BSPLUS,GA8,GA4,1,50,50,A,50.00,2500.00,OPEN,,AVAIL,N,100
25BSPLUS,GA8,GA3,1,50,50,A,50.00,2500.00,OPEN,,AVAIL,N,100
25BSPLUS,GA8,GA2,1,50,50,A,50.00,2500.00,OPEN,,AVAIL,N,100
25BSPLUS,GA8,GA1,5,50,46,A,50.00,2300.00,OPEN,,AVAIL,N,100
25BSPLUS,GA9,GA10,1,50,50,A,50.00,2500.00,OPEN,,AVAIL,N,100
25BSPLUS,GA9,GA9,1,50,50,A,50.00,2500.00,OPEN,,AVAIL,N,100
25BSPLUS,GA9,GA8,1,50,50,A,50.00,2500.00,OPEN,,AVAIL,N,100
25BSPLUS,GA9,GA7,1,50,50,A,50.00,2500.00,OPEN,,AVAIL,N,100
25BSPLUS,GA9,GA6,1,50,50,A,50.00,2500.00,OPEN,,AVAIL,N,100
25BSPLUS,GA9,GA5,1,50,50,A,50.00,2500.00,OPEN,,AVAIL,N,100
25BSPLUS,GA9,GA4,1,50,50,A,50.00,2500.00,OPEN,,AVAIL,N,100
25BSPLUS,GA9,GA3,1,50,50,A,50.00,2500.00,OPEN,,AVAIL,N,100
25BSPLUS,GA9,GA2,1,50,50,A,50.00,2500.00,OPEN,,AVAIL,N,100
25BSPLUS,GA9,GA1,5,50,46,A,50.00,2300.00,OPEN,,AVAIL,N,100
25BSPLUS,GA10,GA10,1,50,50,A,50.00,2500.00,OPEN,,AVAIL,N,100
25BSPLUS,GA10,GA9,1,50,50,A,50.00,2500.00,OPEN,,AVAIL,N,100
25BSPLUS,GA10,GA8,1,50,50,A,50.00,2500.00,OPEN,,AVAIL,N,100
25BSPLUS,GA10,GA7,1,50,50,A,50.00,2500.00,OPEN,,AVAIL,N,100
25BSPLUS,GA10,GA6,1,50,50,A,50.00,2500.00,OPEN,,AVAIL,N,100
25BSPLUS,GA10,GA5,1,50,50,A,50.00,2500.00,OPEN,,AVAIL,N,100
25BSPLUS,GA10,GA4,1,50,50,A,50.00,2500.00,OPEN,,AVAIL,N,100
25BSPLUS,GA10,GA3,1,50,50,A,50.00,2500.00,OPEN,,AVAIL,N,100
25BSPLUS,GA10,GA2,1,50,50,A,50.00,2500.00,OPEN,,AVAIL,N,100
25BSPLUS,GA10,GA1,2,50,49,A,50.00,2450.00,OPEN,,AVAIL,N,100
25BSPLUS,GA11,GA10,1,50,50,A,50.00,2500.00,OPEN,,AVAIL,N,100
25BSPLUS,GA11,GA9,1,50,50,A,50.00,2500.00,OPEN,,AVAIL,N,100
25BSPLUS,GA11,GA8,1,50,50,A,50.00,2500.00,OPEN,,AVAIL,N,100
25BSPLUS,GA11,GA7,1,50,50,A,50.00,2500.00,OPEN,,AVAIL,N,100
25BSPLUS,GA11,GA6,1,50,50,A,50.00,2500.00,OPEN,,AVAIL,N,100
25BSPLUS,GA11,GA5,1,50,50,A,50.00,2500.00,OPEN,,AVAIL,N,100
25BSPLUS,GA11,GA4,1,50,50,A,50.00,2500.00,OPEN,,AVAIL,N,100
25BSPLUS,GA11,GA3,1,50,50,A,50.00,2500.00,OPEN,,AVAIL,N,100
25BSPLUS,GA11,GA2,1,50,50,A,50.00,2500.00,OPEN,,AVAIL,N,100
25BSPLUS,GA11,GA1,1,50,50,A,50.00,2500.00,OPEN,,AVAIL,N,100
25BSPLUS,GA12,GA10,1,50,50,A,50.00,2500.00,OPEN,,AVAIL,N,100
25BSPLUS,GA12,GA9,1,50,50,A,50.00,2500.00,OPEN,,AVAIL,N,100
25BSPLUS,GA12,GA8,1,50,50,A,50.00,2500.00,OPEN,,AVAIL,N,100
25BSPLUS,GA12,GA7,1,50,50,A,50.00,2500.00,OPEN,,AVAIL,N,100
25BSPLUS,GA12,GA6,1,50,50,A,50.00,2500.00,OPEN,,AVAIL,N,100
25BSPLUS,GA12,GA5,1,50,50,A,50.00,2500.00,OPEN,,AVAIL,N,100
25BSPLUS,GA12,GA4,1,50,50,A,50.00,2500.00,OPEN,,AVAIL,N,100
25BSPLUS,GA12,GA3,1,50,50,A,50.00,2500.00,OPEN,,AVAIL,N,100
25BSPLUS,GA12,GA2,1,50,50,A,50.00,2500.00,OPEN,,AVAIL,N,100
25BSPLUS,GA12,GA1,1,50,50,A,50.00,2500.00,OPEN,,AVAIL,N,100
25BSPLUS,GA13,GA10,1,50,50,A,50.00,2500.00,OPEN,,AVAIL,N,100
25BSPLUS,GA13,GA9,1,50,50,A,50.00,2500.00,OPEN,,AVAIL,N,100
25BSPLUS,GA13,GA8,1,50,50,A,50.00,2500.00,OPEN,,AVAIL,N,100
25BSPLUS,GA13,GA7,1,50,50,A,50.00,2500.00,OPEN,,AVAIL,N,100
25BSPLUS,GA13,GA6,1,50,50,A,50.00,2500.00,OPEN,,AVAIL,N,100
25BSPLUS,GA13,GA5,1,50,50,A,50.00,2500.00,OPEN,,AVAIL,N,100
25BSPLUS,GA13,GA4,1,50,50,A,50.00,2500.00,OPEN,,AVAIL,N,100
25BSPLUS,GA13,GA3,1,50,50,A,50.00,2500.00,OPEN,,AVAIL,N,100
25BSPLUS,GA13,GA2,1,50,50,A,50.00,2500.00,OPEN,,AVAIL,N,100
25BSPLUS,GA13,GA1,1,50,50,A,50.00,2500.00,OPEN,,AVAIL,N,100
25BSPLUS,GA14,GA10,1,50,50,A,50.00,2500.00,OPEN,,AVAIL,N,100
25BSPLUS,GA14,GA9,1,50,50,A,50.00,2500.00,OPEN,,AVAIL,N,100
25BSPLUS,GA14,GA8,1,50,50,A,50.00,2500.00,OPEN,,AVAIL,N,100
25BSPLUS,GA14,GA7,1,50,50,A,50.00,2500.00,OPEN,,AVAIL,N,100
25BSPLUS,GA14,GA6,1,50,50,A,50.00,2500.00,OPEN,,AVAIL,N,100
25BSPLUS,GA14,GA5,1,50,50,A,50.00,2500.00,OPEN,,AVAIL,N,100
25BSPLUS,GA14,GA4,1,50,50,A,50.00,2500.00,OPEN,,AVAIL,N,100
25BSPLUS,GA14,GA3,1,50,50,A,50.00,2500.00,OPEN,,AVAIL,N,100
25BSPLUS,GA14,GA2,1,50,50,A,50.00,2500.00,OPEN,,AVAIL,N,100
25BSPLUS,GA14,GA1,1,50,50,A,50.00,2500.00,OPEN,,AVAIL,N,100
25BSPLUS,GA15,GA10,1,50,50,A,50.00,2500.00,OPEN,,AVAIL,N,100
25BSPLUS,GA15,GA9,1,50,50,A,50.00,2500.00,OPEN,,AVAIL,N,100
25BSPLUS,GA15,GA8,1,50,50,A,50.00,2500.00,OPEN,,AVAIL,N,100
25BSPLUS,GA15,GA7,1,50,50,A,50.00,2500.00,OPEN,,AVAIL,N,100
25BSPLUS,GA15,GA6,1,50,50,A,50.00,2500.00,OPEN,,AVAIL,N,100
25BSPLUS,GA15,GA5,1,50,50,A,50.00,2500.00,OPEN,,AVAIL,N,100
25BSPLUS,GA15,GA4,1,50,50,A,50.00,2500.00,OPEN,,AVAIL,N,100
25BSPLUS,GA15,GA3,1,50,50,A,50.00,2500.00,OPEN,,AVAIL,N,100
25BSPLUS,GA15,GA2,1,50,50,A,50.00,2500.00,OPEN,,AVAIL,N,100
25BSPLUS,GA15,GA1,1,50,50,A,50.00,2500.00,OPEN,,AVAIL,N,100
25BSPLUS,GA16,GA10,1,50,50,A,50.00,2500.00,OPEN,,AVAIL,N,100
25BSPLUS,GA16,GA9,1,50,50,A,50.00,2500.00,OPEN,,AVAIL,N,100
25BSPLUS,GA16,GA8,1,50,50,A,50.00,2500.00,OPEN,,AVAIL,N,100
25BSPLUS,GA16,GA7,1,50,50,A,50.00,2500.00,OPEN,,AVAIL,N,100
25BSPLUS,GA16,GA6,1,50,50,A,50.00,2500.00,OPEN,,AVAIL,N,100
25BSPLUS,GA16,GA5,1,50,50,A,50.00,2500.00,OPEN,,AVAIL,N,100
25BSPLUS,GA16,GA4,1,50,50,A,50.00,2500.00,OPEN,,AVAIL,N,100
25BSPLUS,GA16,GA3,1,50,50,A,50.00,2500.00,OPEN,,AVAIL,N,100
25BSPLUS,GA16,GA2,1,50,50,A,50.00,2500.00,OPEN,,AVAIL,N,100
25BSPLUS,GA16,GA1,1,50,50,A,50.00,2500.00,OPEN,,AVAIL,N,100
25BSPLUS,GA17,GA10,1,50,50,A,50.00,2500.00,OPEN,,AVAIL,N,100
25BSPLUS,GA17,GA9,1,50,50,A,50.00,2500.00,OPEN,,AVAIL,N,100
25BSPLUS,GA17,GA8,1,50,50,A,50.00,2500.00,OPEN,,AVAIL,N,100
25BSPLUS,GA17,GA4,1,50,50,A,50.00,2500.00,OPEN,,AVAIL,N,100
25BSPLUS,GA17,GA3,1,50,50,A,50.00,2500.00,OPEN,,AVAIL,N,100
25BSPLUS,GA17,GA2,1,50,50,A,50.00,2500.00,OPEN,,AVAIL,N,100
25BSPLUS,GA17,GA1,1,50,50,A,50.00,2500.00,OPEN,,AVAIL,N,100
25BSPLUS,GA17,GA6,1,50,50,A,50.00,2500.00,OPEN,,AVAIL,N,100
25BSPLUS,GA17,GA5,1,50,50,A,50.00,2500.00,OPEN,,AVAIL,N,100
25BSPLUS,GA17,GA7,1,50,50,A,50.00,2500.00,OPEN,,AVAIL,N,100
25BSPLUS,GA18,GA10,1,50,50,A,50.00,2500.00,OPEN,,AVAIL,N,100
25BSPLUS,GA18,GA9,1,50,50,A,50.00,2500.00,OPEN,,AVAIL,N,100
25BSPLUS,GA18,GA8,1,50,50,A,50.00,2500.00,OPEN,,AVAIL,N,100
25BSPLUS,GA18,GA7,1,50,50,A,50.00,2500.00,OPEN,,AVAIL,N,100
25BSPLUS,GA18,GA6,1,50,50,A,50.00,2500.00,OPEN,,AVAIL,N,100
25BSPLUS,GA18,GA5,1,50,50,A,50.00,2500.00,OPEN,,AVAIL,N,100
25BSPLUS,GA18,GA4,1,50,50,A,50.00,2500.00,OPEN,,AVAIL,N,100
25BSPLUS,GA18,GA3,1,50,50,A,50.00,2500.00,OPEN,,AVAIL,N,100
25BSPLUS,GA18,GA2,1,50,50,A,50.00,2500.00,OPEN,,AVAIL,N,100
25BSPLUS,GA18,GA1,1,50,50,A,50.00,2500.00,OPEN,,AVAIL,N,100
25BSPLUS,GA19,GA10,1,50,50,A,50.00,2500.00,OPEN,,AVAIL,N,100
25BSPLUS,GA19,GA9,1,50,50,A,50.00,2500.00,OPEN,,AVAIL,N,100
25BSPLUS,GA19,GA8,1,50,50,A,50.00,2500.00,OPEN,,AVAIL,N,100
25BSPLUS,GA19,GA7,1,50,50,A,50.00,2500.00,OPEN,,AVAIL,N,100
25BSPLUS,GA19,GA6,1,50,50,A,50.00,2500.00,OPEN,,AVAIL,N,100
25BSPLUS,GA19,GA5,1,50,50,A,50.00,2500.00,OPEN,,AVAIL,N,100
25BSPLUS,GA19,GA4,1,50,50,A,50.00,2500.00,OPEN,,AVAIL,N,100
25BSPLUS,GA19,GA3,1,50,50,A,50.00,2500.00,OPEN,,AVAIL,N,100
25BSPLUS,GA19,GA2,1,50,50,A,50.00,2500.00,OPEN,,AVAIL,N,100
25BSPLUS,GA19,GA1,1,50,50,A,50.00,2500.00,OPEN,,AVAIL,N,100
25BSPLUS,GA20,GA10,1,50,50,A,50.00,2500.00,OPEN,,AVAIL,N,100
25BSPLUS,GA20,GA9,1,50,50,A,50.00,2500.00,OPEN,,AVAIL,N,100
25BSPLUS,GA20,GA8,1,50,50,A,50.00,2500.00,OPEN,,AVAIL,N,100
25BSPLUS,GA20,GA7,1,50,50,A,50.00,2500.00,OPEN,,AVAIL,N,100
25BSPLUS,GA20,GA6,1,50,50,A,50.00,2500.00,OPEN,,AVAIL,N,100
25BSPLUS,GA20,GA5,1,50,50,A,50.00,2500.00,OPEN,,AVAIL,N,100
25BSPLUS,GA20,GA4,1,50,50,A,50.00,2500.00,OPEN,,AVAIL,N,100
25BSPLUS,GA20,GA3,1,50,50,A,50.00,2500.00,OPEN,,AVAIL,N,100
25BSPLUS,GA20,GA2,1,50,50,A,50.00,2500.00,OPEN,,AVAIL,N,100
25BSPLUS,GA20,GA1,1,50,50,A,50.00,2500.00,OPEN,,AVAIL,N,100
25BSPRO,GA1,GA0,12,50,39,A,89.99,3509.61,DIST-OPEN,,AVAIL,N,10
25BSPRO,GA1,GA1,1,50,50,A,89.99,4499.50,DIST-OPEN,,AVAIL,N,10
25BSVIP,GA1,GA2,21,25,5,A,175.00,875.00,BOX OFFICE HOLD,,AVAIL,N,100
25BSVIP,GA1,GA1,48,50,3,A,175.00,525.00,WAELDER,,AVAIL,N,100
25BSVIP,GA1,GA2,4,10,7,A,175.00,1225.00,WAELDER,,AVAIL,N,100
25BSVIP,GA1,GA1,25,28,4,A,175.00,700.00,BOX OFFICE HOLD,,AVAIL,N,100
25CATER,GA1,GA10,1,50,50,A,0,0,OPEN,,AVAIL,N,100
25CATER,GA1,GA9,1,50,50,A,0,0,OPEN,,AVAIL,N,100
25CATER,GA1,GA8,1,50,50,A,0,0,OPEN,,AVAIL,N,100
25CATER,GA1,GA7,1,50,50,A,0,0,OPEN,,AVAIL,N,100
25CATER,GA1,GA6,1,50,50,A,0,0,OPEN,,AVAIL,N,100
25CATER,GA1,GA5,1,50,50,A,0,0,OPEN,,AVAIL,N,100
25CATER,GA1,GA4,1,50,50,A,0,0,OPEN,,AVAIL,N,100
25CATER,GA1,GA3,1,50,50,A,0,0,OPEN,,AVAIL,N,100
25CATER,GA1,GA2,1,50,50,A,0,0,OPEN,,AVAIL,N,100
25CATER,GA1,GA1,13,50,38,A,0,0,OPEN,,AVAIL,N,100
25CATER,GA2,GA10,1,50,50,A,0,0,OPEN,,AVAIL,N,100
25CATER,GA2,GA9,1,50,50,A,0,0,OPEN,,AVAIL,N,100
25CATER,GA2,GA8,1,50,50,A,0,0,OPEN,,AVAIL,N,100
25CATER,GA2,GA7,1,50,50,A,0,0,OPEN,,AVAIL,N,100
25CATER,GA2,GA6,1,50,50,A,0,0,OPEN,,AVAIL,N,100
25CATER,GA2,GA5,1,50,50,A,0,0,OPEN,,AVAIL,N,100
25CATER,GA2,GA4,1,50,50,A,0,0,OPEN,,AVAIL,N,100
25CATER,GA2,GA3,1,50,50,A,0,0,OPEN,,AVAIL,N,100
25CATER,GA2,GA2,1,50,50,A,0,0,OPEN,,AVAIL,N,100
25CATER,GA2,GA1,1,50,50,A,0,0,OPEN,,AVAIL,N,100
25CATER,GA3,GA10,1,50,50,A,0,0,OPEN,,AVAIL,N,100
25CATER,GA3,GA9,1,50,50,A,0,0,OPEN,,AVAIL,N,100
25CATER,GA3,GA8,1,50,50,A,0,0,OPEN,,AVAIL,N,100
25CATER,GA3,GA7,1,50,50,A,0,0,OPEN,,AVAIL,N,100
25CATER,GA3,GA6,1,50,50,A,0,0,OPEN,,AVAIL,N,100
25CATER,GA3,GA5,1,50,50,A,0,0,OPEN,,AVAIL,N,100
25CATER,GA3,GA4,1,50,50,A,0,0,OPEN,,AVAIL,N,100
25CATER,GA3,GA3,1,50,50,A,0,0,OPEN,,AVAIL,N,100
25CATER,GA3,GA2,1,50,50,A,0,0,OPEN,,AVAIL,N,100
25CATER,GA3,GA1,1,50,50,A,0,0,OPEN,,AVAIL,N,100
25CATER,GA4,GA10,1,50,50,A,0,0,OPEN,,AVAIL,N,100
25CATER,GA4,GA9,1,50,50,A,0,0,OPEN,,AVAIL,N,100
25CATER,GA4,GA8,1,50,50,A,0,0,OPEN,,AVAIL,N,100
25CATER,GA4,GA7,1,50,50,A,0,0,OPEN,,AVAIL,N,100
25CATER,GA4,GA6,1,50,50,A,0,0,OPEN,,AVAIL,N,100
25CATER,GA4,GA5,1,50,50,A,0,0,OPEN,,AVAIL,N,100
25CATER,GA4,GA4,1,50,50,A,0,0,OPEN,,AVAIL,N,100
25CATER,GA4,GA3,1,50,50,A,0,0,OPEN,,AVAIL,N,100
25CATER,GA4,GA2,1,50,50,A,0,0,OPEN,,AVAIL,N,100
25CATER,GA4,GA1,1,50,50,A,0,0,OPEN,,AVAIL,N,100
25CATER,GA5,GA10,1,50,50,A,0,0,OPEN,,AVAIL,N,100
25CATER,GA5,GA9,1,50,50,A,0,0,OPEN,,AVAIL,N,100
25CATER,GA5,GA8,1,50,50,A,0,0,OPEN,,AVAIL,N,100
25CATER,GA5,GA7,1,50,50,A,0,0,OPEN,,AVAIL,N,100
25CATER,GA5,GA6,1,50,50,A,0,0,OPEN,,AVAIL,N,100
25CATER,GA5,GA5,1,50,50,A,0,0,OPEN,,AVAIL,N,100
25CATER,GA5,GA4,1,50,50,A,0,0,OPEN,,AVAIL,N,100
25CATER,GA5,GA3,1,50,50,A,0,0,OPEN,,AVAIL,N,100
25CATER,GA5,GA2,1,50,50,A,0,0,OPEN,,AVAIL,N,100
25CATER,GA5,GA1,1,50,50,A,0,0,OPEN,,AVAIL,N,100
25CATER,GA6,GA10,1,50,50,A,0,0,OPEN,,AVAIL,N,100
25CATER,GA6,GA9,1,50,50,A,0,0,OPEN,,AVAIL,N,100
25CATER,GA6,GA8,1,50,50,A,0,0,OPEN,,AVAIL,N,100
25CATER,GA6,GA7,1,50,50,A,0,0,OPEN,,AVAIL,N,100
25CATER,GA6,GA6,1,50,50,A,0,0,OPEN,,AVAIL,N,100
25CATER,GA6,GA5,1,50,50,A,0,0,OPEN,,AVAIL,N,100
25CATER,GA6,GA4,1,50,50,A,0,0,OPEN,,AVAIL,N,100
25CATER,GA6,GA3,1,50,50,A,0,0,OPEN,,AVAIL,N,100
25CATER,GA6,GA2,1,50,50,A,0,0,OPEN,,AVAIL,N,100
25CATER,GA6,GA1,1,50,50,A,0,0,OPEN,,AVAIL,N,100
25CATER,GA7,GA10,1,50,50,A,0,0,OPEN,,AVAIL,N,100
25CATER,GA7,GA9,1,50,50,A,0,0,OPEN,,AVAIL,N,100
25CATER,GA7,GA8,1,50,50,A,0,0,OPEN,,AVAIL,N,100
25CATER,GA7,GA7,1,50,50,A,0,0,OPEN,,AVAIL,N,100
25CATER,GA7,GA6,1,50,50,A,0,0,OPEN,,AVAIL,N,100
25CATER,GA7,GA5,1,50,50,A,0,0,OPEN,,AVAIL,N,100
25CATER,GA7,GA4,1,50,50,A,0,0,OPEN,,AVAIL,N,100
25CATER,GA7,GA3,1,50,50,A,0,0,OPEN,,AVAIL,N,100
25CATER,GA7,GA2,1,50,50,A,0,0,OPEN,,AVAIL,N,100
25CATER,GA7,GA1,1,50,50,A,0,0,OPEN,,AVAIL,N,100
25CATER,GA8,GA10,1,50,50,A,0,0,OPEN,,AVAIL,N,100
25CATER,GA8,GA9,1,50,50,A,0,0,OPEN,,AVAIL,N,100
25CATER,GA8,GA8,1,50,50,A,0,0,OPEN,,AVAIL,N,100
25CATER,GA8,GA7,1,50,50,A,0,0,OPEN,,AVAIL,N,100
25CATER,GA8,GA6,1,50,50,A,0,0,OPEN,,AVAIL,N,100
25CATER,GA8,GA5,1,50,50,A,0,0,OPEN,,AVAIL,N,100
25CATER,GA8,GA4,1,50,50,A,0,0,OPEN,,AVAIL,N,100
25CATER,GA8,GA3,1,50,50,A,0,0,OPEN,,AVAIL,N,100
25CATER,GA8,GA2,1,50,50,A,0,0,OPEN,,AVAIL,N,100
25CATER,GA8,GA1,1,50,50,A,0,0,OPEN,,AVAIL,N,100
25CATER,GA9,GA10,1,50,50,A,0,0,OPEN,,AVAIL,N,100
25CATER,GA9,GA9,1,50,50,A,0,0,OPEN,,AVAIL,N,100
25CATER,GA9,GA8,1,50,50,A,0,0,OPEN,,AVAIL,N,100
25CATER,GA9,GA7,1,50,50,A,0,0,OPEN,,AVAIL,N,100
25CATER,GA9,GA6,1,50,50,A,0,0,OPEN,,AVAIL,N,100
25CATER,GA9,GA5,1,50,50,A,0,0,OPEN,,AVAIL,N,100
25CATER,GA9,GA4,1,50,50,A,0,0,OPEN,,AVAIL,N,100
25CATER,GA9,GA3,1,50,50,A,0,0,OPEN,,AVAIL,N,100
25CATER,GA9,GA2,1,50,50,A,0,0,OPEN,,AVAIL,N,100
25CATER,GA9,GA1,1,50,50,A,0,0,OPEN,,AVAIL,N,100
25CATER,GA10,GA10,1,50,50,A,0,0,OPEN,,AVAIL,N,100
25CATER,GA10,GA9,1,50,50,A,0,0,OPEN,,AVAIL,N,100
25CATER,GA10,GA8,1,50,50,A,0,0,OPEN,,AVAIL,N,100
25CATER,GA10,GA7,1,50,50,A,0,0,OPEN,,AVAIL,N,100
25CATER,GA10,GA6,1,50,50,A,0,0,OPEN,,AVAIL,N,100
25CATER,GA10,GA5,1,50,50,A,0,0,OPEN,,AVAIL,N,100
25CATER,GA10,GA4,1,50,50,A,0,0,OPEN,,AVAIL,N,100
25CATER,GA10,GA3,1,50,50,A,0,0,OPEN,,AVAIL,N,100
25CATER,GA10,GA2,1,50,50,A,0,0,OPEN,,AVAIL,N,100
25CATER,GA10,GA1,1,50,50,A,0,0,OPEN,,AVAIL,N,100
25CATER,GA11,GA10,1,50,50,A,0,0,OPEN,,AVAIL,N,100
25CATER,GA11,GA9,1,50,50,A,0,0,OPEN,,AVAIL,N,100
25CATER,GA11,GA8,1,50,50,A,0,0,OPEN,,AVAIL,N,100
25CATER,GA11,GA7,1,50,50,A,0,0,OPEN,,AVAIL,N,100
25CATER,GA11,GA6,1,50,50,A,0,0,OPEN,,AVAIL,N,100
25CATER,GA11,GA5,1,50,50,A,0,0,OPEN,,AVAIL,N,100
25CATER,GA11,GA4,1,50,50,A,0,0,OPEN,,AVAIL,N,100
25CATER,GA11,GA3,1,50,50,A,0,0,OPEN,,AVAIL,N,100
25CATER,GA11,GA2,1,50,50,A,0,0,OPEN,,AVAIL,N,100
25CATER,GA11,GA1,1,50,50,A,0,0,OPEN,,AVAIL,N,100
25CATER,GA12,GA10,1,50,50,A,0,0,OPEN,,AVAIL,N,100
25CATER,GA12,GA9,1,50,50,A,0,0,OPEN,,AVAIL,N,100
25CATER,GA12,GA8,1,50,50,A,0,0,OPEN,,AVAIL,N,100
25CATER,GA12,GA7,1,50,50,A,0,0,OPEN,,AVAIL,N,100
25CATER,GA12,GA6,1,50,50,A,0,0,OPEN,,AVAIL,N,100
25CATER,GA12,GA5,1,50,50,A,0,0,OPEN,,AVAIL,N,100
25CATER,GA12,GA4,1,50,50,A,0,0,OPEN,,AVAIL,N,100
25CATER,GA12,GA3,1,50,50,A,0,0,OPEN,,AVAIL,N,100
25CATER,GA12,GA2,1,50,50,A,0,0,OPEN,,AVAIL,N,100
25CATER,GA12,GA1,1,50,50,A,0,0,OPEN,,AVAIL,N,100
25CATER,GA13,GA10,1,50,50,A,0,0,OPEN,,AVAIL,N,100
25CATER,GA13,GA9,1,50,50,A,0,0,OPEN,,AVAIL,N,100
25CATER,GA13,GA8,1,50,50,A,0,0,OPEN,,AVAIL,N,100
25CATER,GA13,GA7,1,50,50,A,0,0,OPEN,,AVAIL,N,100
25CATER,GA13,GA6,1,50,50,A,0,0,OPEN,,AVAIL,N,100
25CATER,GA13,GA5,1,50,50,A,0,0,OPEN,,AVAIL,N,100
25CATER,GA13,GA4,1,50,50,A,0,0,OPEN,,AVAIL,N,100
25CATER,GA13,GA3,1,50,50,A,0,0,OPEN,,AVAIL,N,100
25CATER,GA13,GA2,1,50,50,A,0,0,OPEN,,AVAIL,N,100
25CATER,GA13,GA1,1,50,50,A,0,0,OPEN,,AVAIL,N,100
25CATER,GA14,GA10,1,50,50,A,0,0,OPEN,,AVAIL,N,100
25CATER,GA14,GA9,1,50,50,A,0,0,OPEN,,AVAIL,N,100
25CATER,GA14,GA8,1,50,50,A,0,0,OPEN,,AVAIL,N,100
25CATER,GA14,GA7,1,50,50,A,0,0,OPEN,,AVAIL,N,100
25CATER,GA14,GA6,1,50,50,A,0,0,OPEN,,AVAIL,N,100
25CATER,GA14,GA5,1,50,50,A,0,0,OPEN,,AVAIL,N,100
25CATER,GA14,GA4,1,50,50,A,0,0,OPEN,,AVAIL,N,100
25CATER,GA14,GA3,1,50,50,A,0,0,OPEN,,AVAIL,N,100
25CATER,GA14,GA2,1,50,50,A,0,0,OPEN,,AVAIL,N,100
25CATER,GA14,GA1,1,50,50,A,0,0,OPEN,,AVAIL,N,100
25CATER,GA15,GA10,1,50,50,A,0,0,OPEN,,AVAIL,N,100
25CATER,GA15,GA9,1,50,50,A,0,0,OPEN,,AVAIL,N,100
25CATER,GA15,GA8,1,50,50,A,0,0,OPEN,,AVAIL,N,100
25CATER,GA15,GA7,1,50,50,A,0,0,OPEN,,AVAIL,N,100
25CATER,GA15,GA6,1,50,50,A,0,0,OPEN,,AVAIL,N,100
25CATER,GA15,GA5,1,50,50,A,0,0,OPEN,,AVAIL,N,100
25CATER,GA15,GA4,1,50,50,A,0,0,OPEN,,AVAIL,N,100
25CATER,GA15,GA3,1,50,50,A,0,0,OPEN,,AVAIL,N,100
25CATER,GA15,GA2,1,50,50,A,0,0,OPEN,,AVAIL,N,100
25CATER,GA15,GA1,1,50,50,A,0,0,OPEN,,AVAIL,N,100
25CATER,GA16,GA10,1,50,50,A,0,0,OPEN,,AVAIL,N,100
25CATER,GA16,GA9,1,50,50,A,0,0,OPEN,,AVAIL,N,100
25CATER,GA16,GA8,1,50,50,A,0,0,OPEN,,AVAIL,N,100
25CATER,GA16,GA7,1,50,50,A,0,0,OPEN,,AVAIL,N,100
25CATER,GA16,GA6,1,50,50,A,0,0,OPEN,,AVAIL,N,100
25CATER,GA16,GA5,1,50,50,A,0,0,OPEN,,AVAIL,N,100
25CATER,GA16,GA4,1,50,50,A,0,0,OPEN,,AVAIL,N,100
25CATER,GA16,GA3,1,50,50,A,0,0,OPEN,,AVAIL,N,100
25CATER,GA16,GA2,1,50,50,A,0,0,OPEN,,AVAIL,N,100
25CATER,GA16,GA1,1,50,50,A,0,0,OPEN,,AVAIL,N,100
25CATER,GA17,GA10,1,50,50,A,0,0,OPEN,,AVAIL,N,100
25CATER,GA17,GA9,1,50,50,A,0,0,OPEN,,AVAIL,N,100
25CATER,GA17,GA8,1,50,50,A,0,0,OPEN,,AVAIL,N,100
25CATER,GA17,GA7,1,50,50,A,0,0,OPEN,,AVAIL,N,100
25CATER,GA17,GA6,1,50,50,A,0,0,OPEN,,AVAIL,N,100
25CATER,GA17,GA5,1,50,50,A,0,0,OPEN,,AVAIL,N,100
25CATER,GA17,GA4,1,50,50,A,0,0,OPEN,,AVAIL,N,100
25CATER,GA17,GA3,1,50,50,A,0,0,OPEN,,AVAIL,N,100
25CATER,GA17,GA2,1,50,50,A,0,0,OPEN,,AVAIL,N,100
25CATER,GA17,GA1,1,50,50,A,0,0,OPEN,,AVAIL,N,100
25CATER,GA18,GA10,1,50,50,A,0,0,OPEN,,AVAIL,N,100
25CATER,GA18,GA9,1,50,50,A,0,0,OPEN,,AVAIL,N,100
25CATER,GA18,GA8,1,50,50,A,0,0,OPEN,,AVAIL,N,100
25CATER,GA18,GA7,1,50,50,A,0,0,OPEN,,AVAIL,N,100
25CATER,GA18,GA6,1,50,50,A,0,0,OPEN,,AVAIL,N,100
25CATER,GA18,GA5,1,50,50,A,0,0,OPEN,,AVAIL,N,100
25CATER,GA18,GA4,1,50,50,A,0,0,OPEN,,AVAIL,N,100
25CATER,GA18,GA3,1,50,50,A,0,0,OPEN,,AVAIL,N,100
25CATER,GA18,GA2,1,50,50,A,0,0,OPEN,,AVAIL,N,100
25CATER,GA18,GA1,1,50,50,A,0,0,OPEN,,AVAIL,N,100
25CATER,GA19,GA10,1,50,50,A,0,0,OPEN,,AVAIL,N,100
25CATER,GA19,GA9,1,50,50,A,0,0,OPEN,,AVAIL,N,100
25CATER,GA19,GA8,1,50,50,A,0,0,OPEN,,AVAIL,N,100
25CATER,GA19,GA7,1,50,50,A,0,0,OPEN,,AVAIL,N,100
25CATER,GA19,GA6,1,50,50,A,0,0,OPEN,,AVAIL,N,100
25CATER,GA19,GA5,1,50,50,A,0,0,OPEN,,AVAIL,N,100
25CATER,GA19,GA4,1,50,50,A,0,0,OPEN,,AVAIL,N,100
25CATER,GA19,GA3,1,50,50,A,0,0,OPEN,,AVAIL,N,100
25CATER,GA19,GA2,1,50,50,A,0,0,OPEN,,AVAIL,N,100
25CATER,GA19,GA1,1,50,50,A,0,0,OPEN,,AVAIL,N,100
25CATER,GA20,GA10,1,50,50,A,0,0,OPEN,,AVAIL,N,100
25CATER,GA20,GA9,1,50,50,A,0,0,OPEN,,AVAIL,N,100
25CATER,GA20,GA8,1,50,50,A,0,0,OPEN,,AVAIL,N,100
25CATER,GA20,GA7,1,50,50,A,0,0,OPEN,,AVAIL,N,100
25CATER,GA20,GA6,1,50,50,A,0,0,OPEN,,AVAIL,N,100
25CATER,GA20,GA5,1,50,50,A,0,0,OPEN,,AVAIL,N,100
25CATER,GA20,GA4,1,50,50,A,0,0,OPEN,,AVAIL,N,100
25CATER,GA20,GA3,1,50,50,A,0,0,OPEN,,AVAIL,N,100
25CATER,GA20,GA2,1,50,50,A,0,0,OPEN,,AVAIL,N,100
25CATER,GA20,GA1,1,50,50,A,0,0,OPEN,,AVAIL,N,100
25CGIFT,GA1,GA5,31,50,20,A,0,0,OPEN,,AVAIL,N,10
25CGIFT,GA1,GA7,1,50,50,A,0,0,OPEN,,AVAIL,N,10
25CGIFT,GA1,GA0,1,2,2,A,0,0,OPEN,,AVAIL,N,10
25CGIFT,GA1,GA6,1,50,50,A,0,0,OPEN,,AVAIL,N,10
25CGIFT,GA1,GA5,25,29,5,A,0,0,OPEN,,AVAIL,N,10
25CGIFT,GA1,GA8,1,50,50,A,0,0,OPEN,,AVAIL,N,10
25CGIFT,GA1,GA4,33,33,1,A,0,0,OPEN,,AVAIL,N,10
25CGIFT,GA1,GA1,5,5,1,A,0,0,OPEN,,AVAIL,N,10
25CGIFT,GA1,GA5,51,100,50,A,0,0,OPEN,,AVAIL,N,20
25CGIFT,GA1,GA3,51,100,50,A,0,0,OPEN,,AVAIL,N,20
25CGIFT,GA1,GA1,51,100,50,A,0,0,OPEN,,AVAIL,N,20
25CGIFT,GA1,GA0,51,100,50,A,0,0,OPEN,,AVAIL,N,20
25CGIFT,GA1,GA9,1,50,50,A,0,0,OPEN,,AVAIL,N,10
25CGIFT,GA1,GA4,51,100,50,A,0,0,OPEN,,AVAIL,N,20
25CGIFT,GA1,GA2,51,100,50,A,0,0,OPEN,,AVAIL,N,20
25CGIFT,GA1,GA9,201,250,50,A,0,0,OPEN,,AVAIL,N,50
25CGIFT,GA1,GA9,151,200,50,A,0,0,OPEN,,AVAIL,N,40
25CGIFT,GA1,GA9,101,150,50,A,0,0,OPEN,,AVAIL,N,30
25CGIFT,GA1,GA9,51,100,50,A,0,0,OPEN,,AVAIL,N,20
25CGIFT,GA1,GA8,201,250,50,A,0,0,OPEN,,AVAIL,N,50
25CGIFT,GA1,GA8,151,200,50,A,0,0,OPEN,,AVAIL,N,40
25CGIFT,GA1,GA8,101,150,50,A,0,0,OPEN,,AVAIL,N,30
25CGIFT,GA1,GA8,51,100,50,A,0,0,OPEN,,AVAIL,N,20
25CGIFT,GA1,GA7,201,250,50,A,0,0,OPEN,,AVAIL,N,50
25CGIFT,GA1,GA7,151,200,50,A,0,0,OPEN,,AVAIL,N,40
25CGIFT,GA1,GA7,101,150,50,A,0,0,OPEN,,AVAIL,N,30
25CGIFT,GA1,GA7,51,100,50,A,0,0,OPEN,,AVAIL,N,20
25CGIFT,GA1,GA6,201,250,50,A,0,0,OPEN,,AVAIL,N,50
25CGIFT,GA1,GA6,151,200,50,A,0,0,OPEN,,AVAIL,N,40
25CGIFT,GA1,GA6,101,150,50,A,0,0,OPEN,,AVAIL,N,30
25CGIFT,GA1,GA6,51,100,50,A,0,0,OPEN,,AVAIL,N,20
25CGIFT,GA1,GA5,201,250,50,A,0,0,OPEN,,AVAIL,N,50
25CGIFT,GA1,GA5,151,200,50,A,0,0,OPEN,,AVAIL,N,40
25CGIFT,GA1,GA5,101,150,50,A,0,0,OPEN,,AVAIL,N,30
25CGIFT,GA1,GA4,201,250,50,A,0,0,OPEN,,AVAIL,N,50
25CGIFT,GA1,GA4,151,200,50,A,0,0,OPEN,,AVAIL,N,40
25CGIFT,GA1,GA4,101,150,50,A,0,0,OPEN,,AVAIL,N,30
25CGIFT,GA1,GA3,201,250,50,A,0,0,OPEN,,AVAIL,N,50
25CGIFT,GA1,GA3,151,200,50,A,0,0,OPEN,,AVAIL,N,40
25CGIFT,GA1,GA3,101,150,50,A,0,0,OPEN,,AVAIL,N,30
25CGIFT,GA1,GA2,201,250,50,A,0,0,OPEN,,AVAIL,N,50
25CGIFT,GA1,GA2,151,200,50,A,0,0,OPEN,,AVAIL,N,40
25CGIFT,GA1,GA2,101,150,50,A,0,0,OPEN,,AVAIL,N,30
25CGIFT,GA1,GA1,201,250,50,A,0,0,OPEN,,AVAIL,N,50
25CGIFT,GA1,GA1,151,200,50,A,0,0,OPEN,,AVAIL,N,40
25CGIFT,GA1,GA1,101,150,50,A,0,0,OPEN,,AVAIL,N,30
25CGIFT,GA1,GA0,201,250,50,A,0,0,OPEN,,AVAIL,N,50
25CGIFT,GA1,GA0,151,200,50,A,0,0,OPEN,,AVAIL,N,40
25CGIFT,GA1,GA0,101,150,50,A,0,0,OPEN,,AVAIL,N,30
25CHHC1,GA1,GA1,5,50,46,A,0,0,KILL,,AVAIL,Y,100
25CHHC2,GA1,GA1,3,3,1,A,0,0,GROUP,,AVAIL,N,100
25CHHC2,GA1,GA1,5,50,46,A,0,0,KILL,,AVAIL,Y,100
25CHMG1,GA1,GA1,17,20,4,A,0,0,GROUP,,AVAIL,N,100
25CHMG2,GA1,GA1,5,20,16,A,0,0,GROUP,,AVAIL,N,100
25CHP,106,A,1,6,6,C,0,0,BIZDEV,,AVAIL,N,110
25CHP,107,A,18,18,1,C,0,0,OPEN,,AVAIL,N,100
25CHP,109,A,19,20,2,C,0,0,OPEN,,AVAIL,N,140
25CHP,122,C,4,5,2,G,0,0,OPEN,,AVAIL,N,470
25CHP,127,K,1,2,2,E,0,0,OPEN,,AVAIL,N,250
25CHP,FLD1,B,1,30,30,B,0,0,KILL,,AVAIL,Y,10
25CHP,FLD2,B,1,30,30,B,0,0,KILL,,AVAIL,Y,20
25CHP,SRO,GA0,1,25,25,J,0,0,KILL,,AVAIL,Y,680
25CHP,SRO,GA4,1,25,25,J,0,0,KILL,,AVAIL,Y,680
25CHP,SRO,GA3,1,25,25,J,0,0,KILL,,AVAIL,Y,680
25CHP,SRO,GA2,1,25,25,J,0,0,KILL,,AVAIL,Y,680
25CHP,SRO,GA1,1,25,25,J,0,0,KILL,,AVAIL,Y,680
25CHP,TSL,GA9,1,50,50,K,0,0,KILL,,AVAIL,Y,690
25CHP,TSL,GA8,1,50,50,K,0,0,KILL,,AVAIL,Y,690
25CHP,TSL,GA7,1,50,50,K,0,0,KILL,,AVAIL,Y,690
25CHP,TSL,GA6,1,50,50,K,0,0,KILL,,AVAIL,Y,690
25CHP,TSL,GA5,1,50,50,K,0,0,KILL,,AVAIL,Y,690
25CHP,TSL,GA4,1,50,50,K,0,0,KILL,,AVAIL,Y,690
25CHP,TSL,GA3,1,50,50,K,0,0,KILL,,AVAIL,Y,690
25CHP,TSL,GA2,1,50,50,K,0,0,KILL,,AVAIL,Y,690
25CHP,TSL,GA1,1,50,50,K,0,0,KILL,,AVAIL,Y,690
25CHP,TSL,GA0,1,4,4,K,0,0,BOX OFFICE HOLD,,AVAIL,N,690
25CHP,TSL,GA0,5,39,35,K,0,0,TOP SHELF LOUNGE,,AVAIL,N,690
25CPLUS,GA1,GA10,1,50,50,A,50.00,2500.00,OPEN,,AVAIL,N,100
25CPLUS,GA1,GA9,1,50,50,A,50.00,2500.00,OPEN,,AVAIL,N,100
25CPLUS,GA1,GA8,1,50,50,A,50.00,2500.00,OPEN,,AVAIL,N,100
25CPLUS,GA1,GA7,1,50,50,A,50.00,2500.00,OPEN,,AVAIL,N,100
25CPLUS,GA1,GA6,1,50,50,A,50.00,2500.00,OPEN,,AVAIL,N,100
25CPLUS,GA1,GA5,1,50,50,A,50.00,2500.00,OPEN,,AVAIL,N,100
25CPLUS,GA1,GA4,1,50,50,A,50.00,2500.00,OPEN,,AVAIL,N,100
25CPLUS,GA1,GA3,1,50,50,A,50.00,2500.00,OPEN,,AVAIL,N,100
25CPLUS,GA1,GA2,8,50,43,A,50.00,2150.00,OPEN,,AVAIL,N,100
25CPLUS,GA2,GA10,1,50,50,A,50.00,2500.00,OPEN,,AVAIL,N,100
25CPLUS,GA2,GA9,1,50,50,A,50.00,2500.00,OPEN,,AVAIL,N,100
25CPLUS,GA2,GA8,1,50,50,A,50.00,2500.00,OPEN,,AVAIL,N,100
25CPLUS,GA2,GA7,1,50,50,A,50.00,2500.00,OPEN,,AVAIL,N,100
25CPLUS,GA2,GA6,1,50,50,A,50.00,2500.00,OPEN,,AVAIL,N,100
25CPLUS,GA2,GA5,1,50,50,A,50.00,2500.00,OPEN,,AVAIL,N,100
25CPLUS,GA2,GA4,1,50,50,A,50.00,2500.00,OPEN,,AVAIL,N,100
25CPLUS,GA2,GA3,1,50,50,A,50.00,2500.00,OPEN,,AVAIL,N,100
25CPLUS,GA2,GA2,1,50,50,A,50.00,2500.00,OPEN,,AVAIL,N,100
25CPLUS,GA2,GA1,13,50,38,A,50.00,1900.00,OPEN,,AVAIL,N,100
25CPLUS,GA3,GA10,1,50,50,A,50.00,2500.00,OPEN,,AVAIL,N,100
25CPLUS,GA3,GA9,1,50,50,A,50.00,2500.00,OPEN,,AVAIL,N,100
25CPLUS,GA3,GA8,1,50,50,A,50.00,2500.00,OPEN,,AVAIL,N,100
25CPLUS,GA3,GA7,1,50,50,A,50.00,2500.00,OPEN,,AVAIL,N,100
25CPLUS,GA3,GA6,1,50,50,A,50.00,2500.00,OPEN,,AVAIL,N,100
25CPLUS,GA3,GA5,1,50,50,A,50.00,2500.00,OPEN,,AVAIL,N,100
25CPLUS,GA3,GA4,1,50,50,A,50.00,2500.00,OPEN,,AVAIL,N,100
25CPLUS,GA3,GA3,1,50,50,A,50.00,2500.00,OPEN,,AVAIL,N,100
25CPLUS,GA3,GA2,1,50,50,A,50.00,2500.00,OPEN,,AVAIL,N,100
25CPLUS,GA3,GA1,11,50,40,A,50.00,2000.00,OPEN,,AVAIL,N,100
25CPRO,GA1,GA1,1,50,50,A,89.99,4499.50,DIST-OPEN,,AVAIL,N,10
25CPRO,GA1,GA0,1,50,50,A,89.99,4499.50,DIST-OPEN,,AVAIL,N,10
25CSALL,GA1,GA0,32,36,5,D,0,0,KILL,,AVAIL,Y,7
25CSALL,GA1,GA0,14,18,5,D,0,0,KILL,,AVAIL,Y,7
25CSALL,GA12,GA0,37,50,14,D,0,0,KILL,,AVAIL,Y,18
25CSDEP,GA1,GA9,1,50,50,A,0,0,ACCT MANAGER,,AVAIL,N,10
25CSDEP,GA1,GA8,1,50,50,A,0,0,ACCT MANAGER,,AVAIL,N,10
25CSDEP,GA1,GA7,1,50,50,A,0,0,ACCT MANAGER,,AVAIL,N,10
25CSDEP,GA1,GA6,1,50,50,A,0,0,ACCT MANAGER,,AVAIL,N,10
25CSDEP,GA1,GA5,1,50,50,A,0,0,ACCT MANAGER,,AVAIL,N,10
25CSDEP,GA1,GA4,1,50,50,A,0,0,ACCT MANAGER,,AVAIL,N,10
25CSDEP,GA1,GA3,1,50,50,A,0,0,ACCT MANAGER,,AVAIL,N,10
25CSDEP,GA1,GA2,1,50,50,A,0,0,ACCT MANAGER,,AVAIL,N,10
25CSDEP,GA1,GA1,1,50,50,A,0,0,ACCT MANAGER,,AVAIL,N,10
25CSDEP,GA1,GA0,32,42,11,A,0,0,ACCT MANAGER,,AVAIL,N,10
25CSDEP,GA1,GA0,19,19,1,A,0,0,ACCT MANAGER,,AVAIL,N,10
25CSDEP,GA1,GA0,7,11,5,A,0,0,ACCT MANAGER,,AVAIL,N,10
25CSDEP,GA1,GA0,3,3,1,A,0,0,ACCT MANAGER,,AVAIL,N,10
25CSDEP,GA1,GA0,5,5,1,A,0,0,ACCT MANAGER,,AVAIL,N,10
25CSDEP,GA1,GA0,17,17,1,A,0,0,ACCT MANAGER,,AVAIL,N,10
25CSDEP,GA1,GA0,1,1,1,A,0,0,ACCT MANAGER,,AVAIL,N,10
25CSDEP,GA1,GA0,24,24,1,A,0,0,ACCT MANAGER,,AVAIL,N,10
25CSDEP,GA1,GA0,13,13,1,A,0,0,ACCT MANAGER,,AVAIL,N,10
25CSDEP,GA2,GA9,1,50,50,A,0,0,ACCT MANAGER,,AVAIL,N,20
25CSDEP,GA2,GA8,1,50,50,A,0,0,ACCT MANAGER,,AVAIL,N,20
25CSDEP,GA2,GA7,1,50,50,A,0,0,ACCT MANAGER,,AVAIL,N,20
25CSDEP,GA2,GA6,1,50,50,A,0,0,ACCT MANAGER,,AVAIL,N,20
25CSDEP,GA2,GA5,1,50,50,A,0,0,ACCT MANAGER,,AVAIL,N,20
25CSDEP,GA2,GA4,1,50,50,A,0,0,ACCT MANAGER,,AVAIL,N,20
25CSDEP,GA2,GA3,1,50,50,A,0,0,ACCT MANAGER,,AVAIL,N,20
25CSDEP,GA2,GA2,1,50,50,A,0,0,ACCT MANAGER,,AVAIL,N,20
25CSDEP,GA2,GA1,1,50,50,A,0,0,ACCT MANAGER,,AVAIL,N,20
25CSDEP,GA2,G10,1,50,50,A,0,0,ACCT MANAGER,,AVAIL,N,20
25CVIP,GA1,GA1,12,12,1,A,175.00,175.00,OPEN,,AVAIL,N,100
25KCWP,104,3,18,20,3,A,0,0,OPEN,,AVAIL,N,30
25KCWP,104,3,16,16,1,A,0,0,OPEN,,AVAIL,N,30
25KCWP,104,4,16,20,5,A,0,0,OPEN,,AVAIL,N,30
25KCWP,109,4,7,10,4,B,0,0,OPEN,,AVAIL,N,120
25KCWP,109,3,7,10,4,B,0,0,OPEN,,AVAIL,N,120
25KCWP,109,2,7,10,4,B,0,0,OPEN,,AVAIL,N,120
25KCWP,124,4,8,8,1,K,0,0,GROUP,,AVAIL,N,450
25KCWP,130,4,5,18,14,K,0,0,GROUP,,AVAIL,N,470
25KCWP,200,3,3,5,3,M,0,0,OPEN,,AVAIL,N,550
25KCWP,200,4,3,5,3,M,0,0,OPEN,,AVAIL,N,550
25KCWP,204,3,13,16,4,E,0,0,OPEN,,AVAIL,N,210
25KCWP,205,6,18,20,3,F,0,0,OPEN,,AVAIL,N,240
25KCWP,227,19,21,24,4,H,0,0,FUTURE,,AVAIL,N,280
25KCWP,227,19,1,4,4,H,0,0,FUTURE,,AVAIL,N,280
25KCWP,227,18,17,24,8,H,0,0,FUTURE,,AVAIL,N,280
25KCWP,227,18,1,8,8,H,0,0,FUTURE,,AVAIL,N,280
25KCWP,227,17,1,24,24,H,0,0,FUTURE,,AVAIL,N,280
25KCWP,228,2,5,11,7,Q,0,0,GROUP,,AVAIL,N,890
25KCWP,228,2,15,22,8,Q,0,0,GROUP,,AVAIL,N,890
25KCWP,NPERCH,B1,1,10,10,U,0,0,FUTURE,,AVAIL,N,1030
25KCWP,NPERCH,S4,1,10,10,U,0,0,FUTURE,,AVAIL,N,1020
25KCWP,NPERCH,S3,1,10,10,U,0,0,FUTURE,,AVAIL,N,1020
25KCWP,NPERCH,S2,1,10,10,U,0,0,FUTURE,,AVAIL,N,1020
25KCWP,NPERCH,S1,1,10,10,U,0,0,FUTURE,,AVAIL,N,1020
25KCWP,SEPD,GA0,1,46,46,V,0,0,FUTURE,,AVAIL,N,1070
25KCWP,SPERCA,A2,1,6,6,U,0,0,FUTURE,,AVAIL,N,1060
25KCWP,SPERCH,B1,1,12,12,U,0,0,FUTURE,,AVAIL,N,1050
25KCWP,SPERCH,S2,1,12,12,U,0,0,FUTURE,,AVAIL,N,1040
25KCWP,SPERCH,S1,1,11,11,U,0,0,FUTURE,,AVAIL,N,1040
25KCWP,SRO,GA4,1,50,50,W,0,0,FUTURE,,AVAIL,N,1090
25KCWP,SRO,GA3,1,50,50,W,0,0,FUTURE,,AVAIL,N,1090
25KCWP,SRO,GA2,1,50,50,W,0,0,FUTURE,,AVAIL,N,1090
25KCWP,SRO,GA1,1,50,50,W,0,0,FUTURE,,AVAIL,N,1090
25KCWP,SRO,GA0,1,50,50,W,0,0,FUTURE,,AVAIL,N,1090
25KCWP,SRO1,GA4,1,50,50,W,0,0,FUTURE,,AVAIL,N,1100
25KCWP,SRO1,GA3,1,50,50,W,0,0,FUTURE,,AVAIL,N,1100
25KCWP,SRO1,GA2,1,50,50,W,0,0,FUTURE,,AVAIL,N,1100
25KCWP,SRO1,GA1,1,50,50,W,0,0,FUTURE,,AVAIL,N,1100
25KCWP,SRO1,GA0,1,50,50,W,0,0,FUTURE,,AVAIL,N,1100
25KCWP,SRO2,GA2,1,47,47,W,0,0,FUTURE,,AVAIL,N,1110
25KCWP,SRO2,GA1,1,50,50,W,0,0,FUTURE,,AVAIL,N,1110
25KCWP,SRO2,GA0,1,50,50,W,0,0,FUTURE,,AVAIL,N,1110
25KCWP,STSMDA,A2,1,12,12,T,0,0,FUTURE,,AVAIL,N,1010
25KCWP,SWPD,GA0,1,46,46,V,0,0,FUTURE,,AVAIL,N,1080
25PGIFT,GA1,GA7,1,50,50,A,0,0,OPEN,,AVAIL,N,10
25PGIFT,GA1,GA6,1,50,50,A,0,0,OPEN,,AVAIL,N,10
25PGIFT,GA1,GA5,1,50,50,A,0,0,OPEN,,AVAIL,N,10
25PGIFT,GA1,GA3,1,50,50,A,0,0,OPEN,,AVAIL,N,10
25PGIFT,GA1,GA2,7,50,44,A,0,0,OPEN,,AVAIL,N,10
25PGIFT,GA1,GA8,1,50,50,A,0,0,OPEN,,AVAIL,N,10
25PGIFT,GA1,GA9,1,50,50,A,0,0,OPEN,,AVAIL,N,10
25PGIFT,GA1,GA4,1,50,50,A,0,0,OPEN,,AVAIL,N,10
25PGIFT,GA2,GA9,1,50,50,A,0,0,OPEN,,AVAIL,N,20
25PGIFT,GA2,GA7,1,50,50,A,0,0,OPEN,,AVAIL,N,20
25PGIFT,GA2,GA5,1,50,50,A,0,0,OPEN,,AVAIL,N,20
25PGIFT,GA2,GA1,1,50,50,A,0,0,OPEN,,AVAIL,N,20
25PGIFT,GA2,GA0,1,50,50,A,0,0,OPEN,,AVAIL,N,20
25PGIFT,GA2,GA8,1,50,50,A,0,0,OPEN,,AVAIL,N,20
25PGIFT,GA2,GA3,1,50,50,A,0,0,OPEN,,AVAIL,N,20
25PGIFT,GA2,GA6,1,50,50,A,0,0,OPEN,,AVAIL,N,20
25PGIFT,GA2,GA4,1,50,50,A,0,0,OPEN,,AVAIL,N,20
25PGIFT,GA2,GA2,1,50,50,A,0,0,OPEN,,AVAIL,N,20
25PHP,SB,14,1,37,37,E,0,0,FUTURE,,AVAIL,N,200
25PHP,SB,8,1,37,37,D,0,0,FUTURE,,AVAIL,N,190
25PHP,SB,16,1,37,37,E,0,0,FUTURE,,AVAIL,N,200
25PHP,SB,15,1,37,37,E,0,0,FUTURE,,AVAIL,N,200
25PHP,SB,13,1,37,37,E,0,0,FUTURE,,AVAIL,N,200
25PHP,SB,12,1,37,37,E,0,0,FUTURE,,AVAIL,N,200
25PHP,SB,9,1,37,37,D,0,0,FUTURE,,AVAIL,N,190
25PHP,SB,7,1,37,37,D,0,0,FUTURE,,AVAIL,N,190
25PHP,SB,6,1,37,37,D,0,0,FUTURE,,AVAIL,N,190
25PHP,SB,5,1,37,37,D,0,0,FUTURE,,AVAIL,N,190
25PHP,SB,4,1,37,37,D,0,0,FUTURE,,AVAIL,N,190
25PHP,SB,17,1,2,2,E,0,0,FUTURE,,AVAIL,N,200
25PHP,SB,10,1,2,2,D,0,0,FUTURE,,AVAIL,N,190
25PHP,SC,9,1,10,10,B,0,0,FUTURE,,AVAIL,N,220
25PHP,SC,17,1,37,37,C,0,0,FUTURE,,AVAIL,N,230
25PHP,SC,13,1,37,37,C,0,0,FUTURE,,AVAIL,N,230
25PHP,SC,19,1,37,37,C,0,0,FUTURE,,AVAIL,N,230
25PHP,SC,18,1,37,37,C,0,0,FUTURE,,AVAIL,N,230
25PHP,SC,16,1,37,37,C,0,0,FUTURE,,AVAIL,N,230
25PHP,SC,15,1,37,37,C,0,0,FUTURE,,AVAIL,N,230
25PHP,SC,14,2,37,36,C,0,0,FUTURE,,AVAIL,N,230
25PHP,SC,12,3,37,35,C,0,0,FUTURE,,AVAIL,N,230
25PHP,SC,11,1,10,10,B,0,0,FUTURE,,AVAIL,N,220
25PHP,SC,10,1,10,10,B,0,0,FUTURE,,AVAIL,N,220
25PHP,SC,8,1,10,10,B,0,0,FUTURE,,AVAIL,N,220
25PHP,SC,7,1,10,10,B,0,0,FUTURE,,AVAIL,N,220
25PHP,SC,6,1,10,10,B,0,0,FUTURE,,AVAIL,N,220
25PHP,SC,5,1,10,10,B,0,0,FUTURE,,AVAIL,N,220
25PHP,SC,4,1,10,10,B,0,0,FUTURE,,AVAIL,N,220
25PHP,SC,22,1,2,2,C,0,0,FUTURE,,AVAIL,N,230
25PHP,SC,4,36,37,2,B,0,0,FUTURE,,AVAIL,N,220
25PHP,SD,18,15,33,19,C,0,0,FUTURE,,AVAIL,N,250
25PHP,SD,14,15,37,23,C,0,0,FUTURE,,AVAIL,N,250
25PHP,SD,19,15,33,19,C,0,0,FUTURE,,AVAIL,N,250
25PHP,SD,17,15,33,19,C,0,0,FUTURE,,AVAIL,N,250
25PHP,SD,16,5,35,31,C,0,0,FUTURE,,AVAIL,N,250
25PHP,SD,15,15,33,19,C,0,0,FUTURE,,AVAIL,N,250
25PHP,SD,13,15,33,19,C,0,0,FUTURE,,AVAIL,N,250
25PHP,SD,12,15,37,23,C,0,0,FUTURE,,AVAIL,N,250
25PHP,SD,11,15,37,23,B,0,0,FUTURE,,AVAIL,N,240
25PHP,SD,10,15,37,23,B,0,0,FUTURE,,AVAIL,N,240
25PHP,SD,9,15,37,23,B,0,0,FUTURE,,AVAIL,N,240
25PHP,SD,8,15,37,23,B,0,0,FUTURE,,AVAIL,N,240
25PHP,SD,7,15,37,23,B,0,0,FUTURE,,AVAIL,N,240
25PHP,SD,6,15,37,23,B,0,0,FUTURE,,AVAIL,N,240
25PHP,SD,5,15,34,20,B,0,0,FUTURE,,AVAIL,N,240
25PHP,SD,8,1,2,2,B,0,0,FUTURE,,AVAIL,N,240
25PHP,SD,4,36,37,2,B,0,0,FUTURE,,AVAIL,N,240
25PHP,SD,4,31,31,1,B,0,0,FUTURE,,AVAIL,N,240
25PHP,SD,4,20,21,2,B,0,0,FUTURE,,AVAIL,N,240
25PHP,SD,4,3,8,6,B,0,0,FUTURE,,AVAIL,N,240
25PHP,SE,4,32,36,5,B,0,0,FUTURE,,AVAIL,N,260
25PHP,SE,4,1,2,2,B,0,0,FUTURE,,AVAIL,N,260
25PHP,SF,10,21,39,19,E,0,0,FUTURE,,AVAIL,N,290
25PHP,SF,11,21,37,17,E,0,0,FUTURE,,AVAIL,N,290
25PHP,SF,5,36,39,4,D,0,0,FUTURE,,AVAIL,N,280
25PHP,SF,4,21,26,6,D,0,0,FUTURE,,AVAIL,N,280
25PHP,SF,3,1,15,15,D,0,0,FUTURE,,AVAIL,N,280
25PHP,SF,11,1,18,18,E,0,0,FUTURE,,AVAIL,N,290
25PHP,SF,10,1,18,18,E,0,0,FUTURE,,AVAIL,N,290
25PHP,SF,9,21,37,17,E,0,0,FUTURE,,AVAIL,N,290
25PHP,SF,9,1,18,18,E,0,0,FUTURE,,AVAIL,N,290
25PHP,SF,5,21,26,6,D,0,0,FUTURE,,AVAIL,N,280
25PHP,SF,5,1,15,15,D,0,0,FUTURE,,AVAIL,N,280
25PHP,SF,4,36,39,4,D,0,0,FUTURE,,AVAIL,N,280
25PHP,SF,4,1,15,15,D,0,0,FUTURE,,AVAIL,N,280
25PHP,SF,3,36,39,4,D,0,0,FUTURE,,AVAIL,N,280
25PHP,SF,3,21,26,6,D,0,0,FUTURE,,AVAIL,N,280
25PHP,SF,2,36,39,4,D,0,0,FUTURE,,AVAIL,N,280
25PHP,SF,2,21,26,6,D,0,0,FUTURE,,AVAIL,N,280
25PHP,SF,2,1,15,15,D,0,0,FUTURE,,AVAIL,N,280
25PHP,SF,1,36,39,4,D,0,0,FUTURE,,AVAIL,N,280
25PHP,SF,1,21,24,4,D,0,0,FUTURE,,AVAIL,N,280
25PHP,SF,1,1,15,15,D,0,0,FUTURE,,AVAIL,N,280
25PHP,SF,5,16,18,3,D,0,0,KILL,,AVAIL,Y,280
25PHP,SF,4,16,18,3,D,0,0,KILL,,AVAIL,Y,280
25PHP,SF,3,16,18,3,D,0,0,KILL,,AVAIL,Y,280
25PHP,SF,2,16,18,3,D,0,0,KILL,,AVAIL,Y,280
25PHP,SF,1,16,16,1,D,0,0,KILL,,AVAIL,Y,280
25PHP,SG,4,1,20,20,F,0,0,FUTURE,,AVAIL,N,310
25PHP,SG,1,1,15,15,F,0,0,FUTURE,,AVAIL,N,310
25PHP,SG,5,1,21,21,F,0,0,FUTURE,,AVAIL,N,310
25PHP,SG,18,5,5,1,F,0,0,FUTURE,,AVAIL,N,320
25PHP,SG,3,1,20,20,F,0,0,FUTURE,,AVAIL,N,310
25PHP,SG,2,1,19,19,F,0,0,FUTURE,,AVAIL,N,310
25PHP,SG,1,17,18,2,F,0,0,FUTURE,,AVAIL,N,310
25PHP,SH,3,1,18,18,F,0,0,FUTURE,,AVAIL,N,330
25PHP,SH,5,1,18,18,F,0,0,FUTURE,,AVAIL,N,330
25PHP,SH,4,1,18,18,F,0,0,FUTURE,,AVAIL,N,330
25PHP,SH,2,1,18,18,F,0,0,FUTURE,,AVAIL,N,330
25PHP,SH,1,3,16,14,F,0,0,FUTURE,,AVAIL,N,330
25PHP,TSL,GA9,1,50,50,G,0,0,KILL,,AVAIL,Y,350
25PHP,TSL,GA8,1,50,50,G,0,0,KILL,,AVAIL,Y,350
25PHP,TSL,GA7,1,50,50,G,0,0,KILL,,AVAIL,Y,350
25PHP,TSL,GA6,1,50,50,G,0,0,KILL,,AVAIL,Y,350
25PHP,TSL,GA5,1,50,50,G,0,0,KILL,,AVAIL,Y,350
25PHP,TSL,GA4,1,50,50,G,0,0,KILL,,AVAIL,Y,350
25PHP,TSL,GA3,1,50,50,G,0,0,KILL,,AVAIL,Y,350
25PHP,TSL,GA2,1,50,50,G,0,0,KILL,,AVAIL,Y,350
25PHP,TSL,GA1,1,50,50,G,0,0,KILL,,AVAIL,Y,350
25PHP,TSL,GA0,1,12,12,G,0,0,TOP SHELF LOUNGE,,AVAIL,N,350
25PPLUS,GA1,GA10,1,50,50,A,50.00,2500.00,OPEN,,AVAIL,N,100
25PPLUS,GA1,GA9,1,50,50,A,50.00,2500.00,OPEN,,AVAIL,N,100
25PPLUS,GA1,GA8,1,50,50,A,50.00,2500.00,OPEN,,AVAIL,N,100
25PPLUS,GA1,GA7,1,50,50,A,50.00,2500.00,OPEN,,AVAIL,N,100
25PPLUS,GA1,GA6,1,50,50,A,50.00,2500.00,OPEN,,AVAIL,N,100
25PPLUS,GA1,GA5,1,50,50,A,50.00,2500.00,OPEN,,AVAIL,N,100
25PPLUS,GA1,GA4,1,50,50,A,50.00,2500.00,OPEN,,AVAIL,N,100
25PPLUS,GA1,GA3,1,50,50,A,50.00,2500.00,OPEN,,AVAIL,N,100
25PPLUS,GA1,GA2,1,50,50,A,50.00,2500.00,OPEN,,AVAIL,N,100
25PPLUS,GA1,GA1,33,50,18,A,50.00,900.00,OPEN,,AVAIL,N,100
25PPLUS,GA1,GA1,6,8,3,A,50.00,150.00,OPEN,,AVAIL,N,100
25PPLUS,GA2,GA10,1,50,50,A,50.00,2500.00,OPEN,,AVAIL,N,100
25PPLUS,GA2,GA9,1,50,50,A,50.00,2500.00,OPEN,,AVAIL,N,100
25PPLUS,GA2,GA8,1,50,50,A,50.00,2500.00,OPEN,,AVAIL,N,100
25PPLUS,GA2,GA7,1,50,50,A,50.00,2500.00,OPEN,,AVAIL,N,100
25PPLUS,GA2,GA6,1,50,50,A,50.00,2500.00,OPEN,,AVAIL,N,100
25PPLUS,GA2,GA5,1,50,50,A,50.00,2500.00,OPEN,,AVAIL,N,100
25PPLUS,GA2,GA4,1,50,50,A,50.00,2500.00,OPEN,,AVAIL,N,100
25PPLUS,GA2,GA3,1,50,50,A,50.00,2500.00,OPEN,,AVAIL,N,100
25PPLUS,GA2,GA2,1,50,50,A,50.00,2500.00,OPEN,,AVAIL,N,100
25PPLUS,GA2,GA1,3,50,48,A,50.00,2400.00,OPEN,,AVAIL,N,100
25PPLUS,GA3,GA10,1,50,50,A,50.00,2500.00,OPEN,,AVAIL,N,100
25PPLUS,GA3,GA9,1,50,50,A,50.00,2500.00,OPEN,,AVAIL,N,100
25PPLUS,GA3,GA8,1,50,50,A,50.00,2500.00,OPEN,,AVAIL,N,100
25PPLUS,GA3,GA7,1,50,50,A,50.00,2500.00,OPEN,,AVAIL,N,100
25PPLUS,GA3,GA6,1,50,50,A,50.00,2500.00,OPEN,,AVAIL,N,100
25PPLUS,GA3,GA5,1,50,50,A,50.00,2500.00,OPEN,,AVAIL,N,100
25PPLUS,GA3,GA4,1,50,50,A,50.00,2500.00,OPEN,,AVAIL,N,100
25PPLUS,GA3,GA3,1,50,50,A,50.00,2500.00,OPEN,,AVAIL,N,100
25PPLUS,GA3,GA2,1,50,50,A,50.00,2500.00,OPEN,,AVAIL,N,100
25PPLUS,GA3,GA1,3,50,48,A,50.00,2400.00,OPEN,,AVAIL,N,100
25PPLUS,GA4,GA10,1,50,50,A,50.00,2500.00,OPEN,,AVAIL,N,100
25PPLUS,GA4,GA9,1,50,50,A,50.00,2500.00,OPEN,,AVAIL,N,100
25PPLUS,GA4,GA8,1,50,50,A,50.00,2500.00,OPEN,,AVAIL,N,100
25PPLUS,GA4,GA7,1,50,50,A,50.00,2500.00,OPEN,,AVAIL,N,100
25PPLUS,GA4,GA6,1,50,50,A,50.00,2500.00,OPEN,,AVAIL,N,100
25PPLUS,GA4,GA5,1,50,50,A,50.00,2500.00,OPEN,,AVAIL,N,100
25PPLUS,GA4,GA4,1,50,50,A,50.00,2500.00,OPEN,,AVAIL,N,100
25PPLUS,GA4,GA3,1,50,50,A,50.00,2500.00,OPEN,,AVAIL,N,100
25PPLUS,GA4,GA2,1,50,50,A,50.00,2500.00,OPEN,,AVAIL,N,100
25PPLUS,GA4,GA1,2,50,49,A,50.00,2450.00,OPEN,,AVAIL,N,100
25PPLUS,GA5,GA10,1,50,50,A,50.00,2500.00,OPEN,,AVAIL,N,100
25PPLUS,GA5,GA9,1,50,50,A,50.00,2500.00,OPEN,,AVAIL,N,100
25PPLUS,GA5,GA8,1,50,50,A,50.00,2500.00,OPEN,,AVAIL,N,100
25PPLUS,GA5,GA7,1,50,50,A,50.00,2500.00,OPEN,,AVAIL,N,100
25PPLUS,GA5,GA6,1,50,50,A,50.00,2500.00,OPEN,,AVAIL,N,100
25PPLUS,GA5,GA5,1,50,50,A,50.00,2500.00,OPEN,,AVAIL,N,100
25PPLUS,GA5,GA4,1,50,50,A,50.00,2500.00,OPEN,,AVAIL,N,100
25PPLUS,GA5,GA3,1,50,50,A,50.00,2500.00,OPEN,,AVAIL,N,100
25PPLUS,GA5,GA2,1,50,50,A,50.00,2500.00,OPEN,,AVAIL,N,100
25PPLUS,GA5,GA1,4,50,47,A,50.00,2350.00,OPEN,,AVAIL,N,100
25PPLUS,GA6,GA10,1,50,50,A,50.00,2500.00,OPEN,,AVAIL,N,100
25PPLUS,GA6,GA9,1,50,50,A,50.00,2500.00,OPEN,,AVAIL,N,100
25PPLUS,GA6,GA8,1,50,50,A,50.00,2500.00,OPEN,,AVAIL,N,100
25PPLUS,GA6,GA7,1,50,50,A,50.00,2500.00,OPEN,,AVAIL,N,100
25PPLUS,GA6,GA6,1,50,50,A,50.00,2500.00,OPEN,,AVAIL,N,100
25PPLUS,GA6,GA5,1,50,50,A,50.00,2500.00,OPEN,,AVAIL,N,100
25PPLUS,GA6,GA4,1,50,50,A,50.00,2500.00,OPEN,,AVAIL,N,100
25PPLUS,GA6,GA3,1,50,50,A,50.00,2500.00,OPEN,,AVAIL,N,100
25PPLUS,GA6,GA2,1,50,50,A,50.00,2500.00,OPEN,,AVAIL,N,100
25PPLUS,GA6,GA1,3,50,48,A,50.00,2400.00,OPEN,,AVAIL,N,100
25PPLUS,GA7,GA10,1,50,50,A,50.00,2500.00,OPEN,,AVAIL,N,100
25PPLUS,GA7,GA9,1,50,50,A,50.00,2500.00,OPEN,,AVAIL,N,100
25PPLUS,GA7,GA8,1,50,50,A,50.00,2500.00,OPEN,,AVAIL,N,100
25PPLUS,GA7,GA7,1,50,50,A,50.00,2500.00,OPEN,,AVAIL,N,100
25PPLUS,GA7,GA6,1,50,50,A,50.00,2500.00,OPEN,,AVAIL,N,100
25PPLUS,GA7,GA5,1,50,50,A,50.00,2500.00,OPEN,,AVAIL,N,100
25PPLUS,GA7,GA4,1,50,50,A,50.00,2500.00,OPEN,,AVAIL,N,100
25PPLUS,GA7,GA3,1,50,50,A,50.00,2500.00,OPEN,,AVAIL,N,100
25PPLUS,GA7,GA2,1,50,50,A,50.00,2500.00,OPEN,,AVAIL,N,100
25PPLUS,GA7,GA1,1,50,50,A,50.00,2500.00,OPEN,,AVAIL,N,100
25PPLUS,GA8,GA10,1,50,50,A,50.00,2500.00,OPEN,,AVAIL,N,100
25PPLUS,GA8,GA9,1,50,50,A,50.00,2500.00,OPEN,,AVAIL,N,100
25PPLUS,GA8,GA8,1,50,50,A,50.00,2500.00,OPEN,,AVAIL,N,100
25PPLUS,GA8,GA7,1,50,50,A,50.00,2500.00,OPEN,,AVAIL,N,100
25PPLUS,GA8,GA6,1,50,50,A,50.00,2500.00,OPEN,,AVAIL,N,100
25PPLUS,GA8,GA5,1,50,50,A,50.00,2500.00,OPEN,,AVAIL,N,100
25PPLUS,GA8,GA4,1,50,50,A,50.00,2500.00,OPEN,,AVAIL,N,100
25PPLUS,GA8,GA3,1,50,50,A,50.00,2500.00,OPEN,,AVAIL,N,100
25PPLUS,GA8,GA2,1,50,50,A,50.00,2500.00,OPEN,,AVAIL,N,100
25PPLUS,GA8,GA1,1,50,50,A,50.00,2500.00,OPEN,,AVAIL,N,100
25PPLUS,GA9,GA10,1,50,50,A,50.00,2500.00,OPEN,,AVAIL,N,100
25PPLUS,GA9,GA9,1,50,50,A,50.00,2500.00,OPEN,,AVAIL,N,100
25PPLUS,GA9,GA8,1,50,50,A,50.00,2500.00,OPEN,,AVAIL,N,100
25PPLUS,GA9,GA7,1,50,50,A,50.00,2500.00,OPEN,,AVAIL,N,100
25PPLUS,GA9,GA6,1,50,50,A,50.00,2500.00,OPEN,,AVAIL,N,100
25PPLUS,GA9,GA5,1,50,50,A,50.00,2500.00,OPEN,,AVAIL,N,100
25PPLUS,GA9,GA4,1,50,50,A,50.00,2500.00,OPEN,,AVAIL,N,100
25PPLUS,GA9,GA3,1,50,50,A,50.00,2500.00,OPEN,,AVAIL,N,100
25PPLUS,GA9,GA2,1,50,50,A,50.00,2500.00,OPEN,,AVAIL,N,100
25PPLUS,GA9,GA1,1,50,50,A,50.00,2500.00,OPEN,,AVAIL,N,100
25PPLUS,GA10,GA10,1,50,50,A,50.00,2500.00,OPEN,,AVAIL,N,100
25PPLUS,GA10,GA9,1,50,50,A,50.00,2500.00,OPEN,,AVAIL,N,100
25PPLUS,GA10,GA8,1,50,50,A,50.00,2500.00,OPEN,,AVAIL,N,100
25PPLUS,GA10,GA7,1,50,50,A,50.00,2500.00,OPEN,,AVAIL,N,100
25PPLUS,GA10,GA6,1,50,50,A,50.00,2500.00,OPEN,,AVAIL,N,100
25PPLUS,GA10,GA5,1,50,50,A,50.00,2500.00,OPEN,,AVAIL,N,100
25PPLUS,GA10,GA4,1,50,50,A,50.00,2500.00,OPEN,,AVAIL,N,100
25PPLUS,GA10,GA3,1,50,50,A,50.00,2500.00,OPEN,,AVAIL,N,100
25PPLUS,GA10,GA2,1,50,50,A,50.00,2500.00,OPEN,,AVAIL,N,100
25PPLUS,GA10,GA1,1,50,50,A,50.00,2500.00,OPEN,,AVAIL,N,100
25PPLUS,GA11,GA10,1,50,50,A,50.00,2500.00,OPEN,,AVAIL,N,100
25PPLUS,GA11,GA9,1,50,50,A,50.00,2500.00,OPEN,,AVAIL,N,100
25PPLUS,GA11,GA8,1,50,50,A,50.00,2500.00,OPEN,,AVAIL,N,100
25PPLUS,GA11,GA7,1,50,50,A,50.00,2500.00,OPEN,,AVAIL,N,100
25PPLUS,GA11,GA6,1,50,50,A,50.00,2500.00,OPEN,,AVAIL,N,100
25PPLUS,GA11,GA5,1,50,50,A,50.00,2500.00,OPEN,,AVAIL,N,100
25PPLUS,GA11,GA4,1,50,50,A,50.00,2500.00,OPEN,,AVAIL,N,100
25PPLUS,GA11,GA3,1,50,50,A,50.00,2500.00,OPEN,,AVAIL,N,100
25PPLUS,GA11,GA2,1,50,50,A,50.00,2500.00,OPEN,,AVAIL,N,100
25PPLUS,GA11,GA1,1,50,50,A,50.00,2500.00,OPEN,,AVAIL,N,100
25PPLUS,GA12,GA10,1,50,50,A,50.00,2500.00,OPEN,,AVAIL,N,100
25PPLUS,GA12,GA9,1,50,50,A,50.00,2500.00,OPEN,,AVAIL,N,100
25PPLUS,GA12,GA8,1,50,50,A,50.00,2500.00,OPEN,,AVAIL,N,100
25PPLUS,GA12,GA7,1,50,50,A,50.00,2500.00,OPEN,,AVAIL,N,100
25PPLUS,GA12,GA6,1,50,50,A,50.00,2500.00,OPEN,,AVAIL,N,100
25PPLUS,GA12,GA5,1,50,50,A,50.00,2500.00,OPEN,,AVAIL,N,100
25PPLUS,GA12,GA4,1,50,50,A,50.00,2500.00,OPEN,,AVAIL,N,100
25PPLUS,GA12,GA3,1,50,50,A,50.00,2500.00,OPEN,,AVAIL,N,100
25PPLUS,GA12,GA2,1,50,50,A,50.00,2500.00,OPEN,,AVAIL,N,100
25PPLUS,GA12,GA1,1,50,50,A,50.00,2500.00,OPEN,,AVAIL,N,100
25PPLUS,GA13,GA10,1,50,50,A,50.00,2500.00,OPEN,,AVAIL,N,100
25PPLUS,GA13,GA9,1,50,50,A,50.00,2500.00,OPEN,,AVAIL,N,100
25PPLUS,GA13,GA8,1,50,50,A,50.00,2500.00,OPEN,,AVAIL,N,100
25PPLUS,GA13,GA7,1,50,50,A,50.00,2500.00,OPEN,,AVAIL,N,100
25PPLUS,GA13,GA6,1,50,50,A,50.00,2500.00,OPEN,,AVAIL,N,100
25PPLUS,GA13,GA5,1,50,50,A,50.00,2500.00,OPEN,,AVAIL,N,100
25PPLUS,GA13,GA4,1,50,50,A,50.00,2500.00,OPEN,,AVAIL,N,100
25PPLUS,GA13,GA3,1,50,50,A,50.00,2500.00,OPEN,,AVAIL,N,100
25PPLUS,GA13,GA2,1,50,50,A,50.00,2500.00,OPEN,,AVAIL,N,100
25PPLUS,GA13,GA1,1,50,50,A,50.00,2500.00,OPEN,,AVAIL,N,100
25PPLUS,GA14,GA10,1,50,50,A,50.00,2500.00,OPEN,,AVAIL,N,100
25PPLUS,GA14,GA9,1,50,50,A,50.00,2500.00,OPEN,,AVAIL,N,100
25PPLUS,GA14,GA8,1,50,50,A,50.00,2500.00,OPEN,,AVAIL,N,100
25PPLUS,GA14,GA7,1,50,50,A,50.00,2500.00,OPEN,,AVAIL,N,100
25PPLUS,GA14,GA6,1,50,50,A,50.00,2500.00,OPEN,,AVAIL,N,100
25PPLUS,GA14,GA5,1,50,50,A,50.00,2500.00,OPEN,,AVAIL,N,100
25PPLUS,GA14,GA4,1,50,50,A,50.00,2500.00,OPEN,,AVAIL,N,100
25PPLUS,GA14,GA3,1,50,50,A,50.00,2500.00,OPEN,,AVAIL,N,100
25PPLUS,GA14,GA2,1,50,50,A,50.00,2500.00,OPEN,,AVAIL,N,100
25PPLUS,GA14,GA1,1,50,50,A,50.00,2500.00,OPEN,,AVAIL,N,100
25PPLUS,GA15,GA10,1,50,50,A,50.00,2500.00,OPEN,,AVAIL,N,100
25PPLUS,GA15,GA9,1,50,50,A,50.00,2500.00,OPEN,,AVAIL,N,100
25PPLUS,GA15,GA8,1,50,50,A,50.00,2500.00,OPEN,,AVAIL,N,100
25PPLUS,GA15,GA7,1,50,50,A,50.00,2500.00,OPEN,,AVAIL,N,100
25PPLUS,GA15,GA6,1,50,50,A,50.00,2500.00,OPEN,,AVAIL,N,100
25PPLUS,GA15,GA5,1,50,50,A,50.00,2500.00,OPEN,,AVAIL,N,100
25PPLUS,GA15,GA4,1,50,50,A,50.00,2500.00,OPEN,,AVAIL,N,100
25PPLUS,GA15,GA3,1,50,50,A,50.00,2500.00,OPEN,,AVAIL,N,100
25PPLUS,GA15,GA2,1,50,50,A,50.00,2500.00,OPEN,,AVAIL,N,100
25PPLUS,GA15,GA1,1,50,50,A,50.00,2500.00,OPEN,,AVAIL,N,100
25PPLUS,GA16,GA10,1,50,50,A,50.00,2500.00,OPEN,,AVAIL,N,100
25PPLUS,GA16,GA9,1,50,50,A,50.00,2500.00,OPEN,,AVAIL,N,100
25PPLUS,GA16,GA8,1,50,50,A,50.00,2500.00,OPEN,,AVAIL,N,100
25PPLUS,GA16,GA7,1,50,50,A,50.00,2500.00,OPEN,,AVAIL,N,100
25PPLUS,GA16,GA6,1,50,50,A,50.00,2500.00,OPEN,,AVAIL,N,100
25PPLUS,GA16,GA5,1,50,50,A,50.00,2500.00,OPEN,,AVAIL,N,100
25PPLUS,GA16,GA4,1,50,50,A,50.00,2500.00,OPEN,,AVAIL,N,100
25PPLUS,GA16,GA3,1,50,50,A,50.00,2500.00,OPEN,,AVAIL,N,100
25PPLUS,GA16,GA2,1,50,50,A,50.00,2500.00,OPEN,,AVAIL,N,100
25PPLUS,GA16,GA1,1,50,50,A,50.00,2500.00,OPEN,,AVAIL,N,100
25PPLUS,GA17,GA10,1,50,50,A,50.00,2500.00,OPEN,,AVAIL,N,100
25PPLUS,GA17,GA9,1,50,50,A,50.00,2500.00,OPEN,,AVAIL,N,100
25PPLUS,GA17,GA8,1,50,50,A,50.00,2500.00,OPEN,,AVAIL,N,100
25PPLUS,GA17,GA7,1,50,50,A,50.00,2500.00,OPEN,,AVAIL,N,100
25PPLUS,GA17,GA6,1,50,50,A,50.00,2500.00,OPEN,,AVAIL,N,100
25PPLUS,GA17,GA5,1,50,50,A,50.00,2500.00,OPEN,,AVAIL,N,100
25PPLUS,GA17,GA4,1,50,50,A,50.00,2500.00,OPEN,,AVAIL,N,100
25PPLUS,GA17,GA3,1,50,50,A,50.00,2500.00,OPEN,,AVAIL,N,100
25PPLUS,GA17,GA2,1,50,50,A,50.00,2500.00,OPEN,,AVAIL,N,100
25PPLUS,GA17,GA1,1,50,50,A,50.00,2500.00,OPEN,,AVAIL,N,100
25PPLUS,GA18,GA10,1,50,50,A,50.00,2500.00,OPEN,,AVAIL,N,100
25PPLUS,GA18,GA9,1,50,50,A,50.00,2500.00,OPEN,,AVAIL,N,100
25PPLUS,GA18,GA8,1,50,50,A,50.00,2500.00,OPEN,,AVAIL,N,100
25PPLUS,GA18,GA7,1,50,50,A,50.00,2500.00,OPEN,,AVAIL,N,100
25PPLUS,GA18,GA6,1,50,50,A,50.00,2500.00,OPEN,,AVAIL,N,100
25PPLUS,GA18,GA5,1,50,50,A,50.00,2500.00,OPEN,,AVAIL,N,100
25PPLUS,GA18,GA4,1,50,50,A,50.00,2500.00,OPEN,,AVAIL,N,100
25PPLUS,GA18,GA3,1,50,50,A,50.00,2500.00,OPEN,,AVAIL,N,100
25PPLUS,GA18,GA2,1,50,50,A,50.00,2500.00,OPEN,,AVAIL,N,100
25PPLUS,GA18,GA1,1,50,50,A,50.00,2500.00,OPEN,,AVAIL,N,100
25PPLUS,GA19,GA10,1,50,50,A,50.00,2500.00,OPEN,,AVAIL,N,100
25PPLUS,GA19,GA9,1,50,50,A,50.00,2500.00,OPEN,,AVAIL,N,100
25PPLUS,GA19,GA8,1,50,50,A,50.00,2500.00,OPEN,,AVAIL,N,100
25PPLUS,GA19,GA7,1,50,50,A,50.00,2500.00,OPEN,,AVAIL,N,100
25PPLUS,GA19,GA6,1,50,50,A,50.00,2500.00,OPEN,,AVAIL,N,100
25PPLUS,GA19,GA5,1,50,50,A,50.00,2500.00,OPEN,,AVAIL,N,100
25PPLUS,GA19,GA4,1,50,50,A,50.00,2500.00,OPEN,,AVAIL,N,100
25PPLUS,GA19,GA3,1,50,50,A,50.00,2500.00,OPEN,,AVAIL,N,100
25PPLUS,GA19,GA2,1,50,50,A,50.00,2500.00,OPEN,,AVAIL,N,100
25PPLUS,GA19,GA1,1,50,50,A,50.00,2500.00,OPEN,,AVAIL,N,100
25PPLUS,GA20,GA10,1,50,50,A,50.00,2500.00,OPEN,,AVAIL,N,100
25PPLUS,GA20,GA9,1,50,50,A,50.00,2500.00,OPEN,,AVAIL,N,100
25PPLUS,GA20,GA8,1,50,50,A,50.00,2500.00,OPEN,,AVAIL,N,100
25PPLUS,GA20,GA7,1,50,50,A,50.00,2500.00,OPEN,,AVAIL,N,100
25PPLUS,GA20,GA6,1,50,50,A,50.00,2500.00,OPEN,,AVAIL,N,100
25PPLUS,GA20,GA5,1,50,50,A,50.00,2500.00,OPEN,,AVAIL,N,100
25PPLUS,GA20,GA4,1,50,50,A,50.00,2500.00,OPEN,,AVAIL,N,100
25PPLUS,GA20,GA3,1,50,50,A,50.00,2500.00,OPEN,,AVAIL,N,100
25PPLUS,GA20,GA2,1,50,50,A,50.00,2500.00,OPEN,,AVAIL,N,100
25PPLUS,GA20,GA1,1,50,50,A,50.00,2500.00,OPEN,,AVAIL,N,100
25PPRO,GA1,GA1,1,50,50,A,89.99,4499.50,RESERVED,,AVAIL,N,10
25PPRO,GA1,GA0,3,50,48,A,89.99,4319.52,RESERVED,,AVAIL,N,10
25PVIP,GA1,GA1,13,50,38,A,175.00,6650.00,TOP SHELF LOUNGE,,AVAIL,N,100
25PVIP,GA1,GA1,9,12,4,A,175.00,700.00,OPEN,,AVAIL,N,100
25SDGIFT,GA1,GA5,16,50,35,A,0,0,OPEN,,AVAIL,N,10
25SDGIFT,GA1,GA9,1,50,50,A,0,0,OPEN,,AVAIL,N,10
25SDGIFT,GA1,GA8,1,50,50,A,0,0,OPEN,,AVAIL,N,10
25SDGIFT,GA1,GA7,1,50,50,A,0,0,OPEN,,AVAIL,N,10
25SDGIFT,GA1,GA6,1,50,50,A,0,0,OPEN,,AVAIL,N,10
25SDGIFT,GA1,GA2,27,27,1,A,0,0,OPEN,,AVAIL,N,10
25SDGIFT,GA1,GA2,39,39,1,A,0,0,OPEN,,AVAIL,N,10
25SDGIFT,GA1,GA4,32,32,1,A,0,0,OPEN,,AVAIL,N,10
25SDGIFT,GA1,GA2,17,17,1,A,0,0,OPEN,,AVAIL,N,10
25SDGIFT,GA1,GA2,30,30,1,A,0,0,OPEN,,AVAIL,N,10
25SDGIFT,GA1,GA3,32,32,1,A,0,0,OPEN,,AVAIL,N,10
25SDGIFT,GA1,GA4,44,45,2,A,0,0,OPEN,,AVAIL,N,10
25SDGIFT,GA1,GA5,13,13,1,A,0,0,OPEN,,AVAIL,N,10
25SDGIFT,GA1,GA2,12,13,2,A,0,0,OPEN,,AVAIL,N,10
25SDGIFT,GA1,GA5,8,8,1,A,0,0,OPEN,,AVAIL,N,10
25SDGIFT,GA1,GA5,10,10,1,A,0,0,OPEN,,AVAIL,N,10
25SDGIFT,GA1,GA0,13,13,1,A,0,0,OPEN,,AVAIL,N,10
25SDGIFT,GA2,GA9,1,50,50,A,0,0,OPEN,,AVAIL,N,20
25SDGIFT,GA2,GA8,1,50,50,A,0,0,OPEN,,AVAIL,N,20
25SDGIFT,GA2,GA7,1,50,50,A,0,0,OPEN,,AVAIL,N,20
25SDGIFT,GA2,GA6,1,50,50,A,0,0,OPEN,,AVAIL,N,20
25SDGIFT,GA2,GA5,1,50,50,A,0,0,OPEN,,AVAIL,N,20
25SDGIFT,GA2,GA4,1,50,50,A,0,0,OPEN,,AVAIL,N,20
25SDGIFT,GA2,GA3,1,50,50,A,0,0,OPEN,,AVAIL,N,20
25SDGIFT,GA2,GA2,1,50,50,A,0,0,OPEN,,AVAIL,N,20
25SDGIFT,GA2,GA1,1,50,50,A,0,0,OPEN,,AVAIL,N,20
25SDGIFT,GA2,GA0,1,50,50,A,0,0,OPEN,,AVAIL,N,20
25SDHP,102,G,16,25,10,D,0,0,BIZDEV,,AVAIL,N,50
25SDHP,FLD1,A,23,30,8,A,0,0,BIZDEV,,AVAIL,N,100
25SDHP,STE2,GA0,26,28,3,K,0,0,KILL,,AVAIL,Y,100
25SDHP,STE4,GA0,1,50,50,K,0,0,KILL,,AVAIL,Y,100
25SDHP,TSL,GA0,1,16,16,I,0,0,BOX OFFICE HOLD,,AVAIL,N,420
25SDHP,TSL,GA9,1,50,50,I,0,0,KILL,,AVAIL,Y,420
25SDHP,TSL,GA8,1,50,50,I,0,0,KILL,,AVAIL,Y,420
25SDHP,TSL,GA7,1,50,50,I,0,0,KILL,,AVAIL,Y,420
25SDHP,TSL,GA6,1,50,50,I,0,0,KILL,,AVAIL,Y,420
25SDHP,TSL,GA5,1,50,50,I,0,0,KILL,,AVAIL,Y,420
25SDHP,TSL,GA4,1,50,50,I,0,0,KILL,,AVAIL,Y,420
25SDHP,TSL,GA3,1,50,50,I,0,0,KILL,,AVAIL,Y,420
25SDHP,TSL,GA2,1,50,50,I,0,0,KILL,,AVAIL,Y,420
25SDHP,TSL,GA1,1,50,50,I,0,0,KILL,,AVAIL,Y,420
25SDHP,TSL,GA0,17,40,24,I,0,0,TOP SHELF LOUNGE,,AVAIL,N,420
25SDPLUS,GA1,GA10,1,50,50,A,50.00,2500.00,OPEN,,AVAIL,N,100
25SDPLUS,GA1,GA9,1,50,50,A,50.00,2500.00,OPEN,,AVAIL,N,100
25SDPLUS,GA1,GA8,1,50,50,A,50.00,2500.00,OPEN,,AVAIL,N,100
25SDPLUS,GA1,GA7,1,50,50,A,50.00,2500.00,OPEN,,AVAIL,N,100
25SDPLUS,GA1,GA6,1,50,50,A,50.00,2500.00,OPEN,,AVAIL,N,100
25SDPLUS,GA1,GA5,1,50,50,A,50.00,2500.00,OPEN,,AVAIL,N,100
25SDPLUS,GA1,GA4,1,50,50,A,50.00,2500.00,OPEN,,AVAIL,N,100
25SDPLUS,GA1,GA3,1,50,50,A,50.00,2500.00,OPEN,,AVAIL,N,100
25SDPLUS,GA1,GA2,13,50,38,A,50.00,1900.00,OPEN,,AVAIL,N,100
25SDPLUS,GA2,GA10,1,50,50,A,50.00,2500.00,OPEN,,AVAIL,N,100
25SDPLUS,GA2,GA9,1,50,50,A,50.00,2500.00,OPEN,,AVAIL,N,100
25SDPLUS,GA2,GA8,1,50,50,A,50.00,2500.00,OPEN,,AVAIL,N,100
25SDPLUS,GA2,GA7,1,50,50,A,50.00,2500.00,OPEN,,AVAIL,N,100
25SDPLUS,GA2,GA6,1,50,50,A,50.00,2500.00,OPEN,,AVAIL,N,100
25SDPLUS,GA2,GA5,1,50,50,A,50.00,2500.00,OPEN,,AVAIL,N,100
25SDPLUS,GA2,GA4,1,50,50,A,50.00,2500.00,OPEN,,AVAIL,N,100
25SDPLUS,GA2,GA3,1,50,50,A,50.00,2500.00,OPEN,,AVAIL,N,100
25SDPLUS,GA2,GA2,1,50,50,A,50.00,2500.00,OPEN,,AVAIL,N,100
25SDPLUS,GA2,GA1,4,50,47,A,50.00,2350.00,OPEN,,AVAIL,N,100
25SDPLUS,GA3,GA10,1,50,50,A,50.00,2500.00,OPEN,,AVAIL,N,100
25SDPLUS,GA3,GA9,1,50,50,A,50.00,2500.00,OPEN,,AVAIL,N,100
25SDPLUS,GA3,GA8,1,50,50,A,50.00,2500.00,OPEN,,AVAIL,N,100
25SDPLUS,GA3,GA7,1,50,50,A,50.00,2500.00,OPEN,,AVAIL,N,100
25SDPLUS,GA3,GA6,1,50,50,A,50.00,2500.00,OPEN,,AVAIL,N,100
25SDPLUS,GA3,GA5,1,50,50,A,50.00,2500.00,OPEN,,AVAIL,N,100
25SDPLUS,GA3,GA4,1,50,50,A,50.00,2500.00,OPEN,,AVAIL,N,100
25SDPLUS,GA3,GA3,1,50,50,A,50.00,2500.00,OPEN,,AVAIL,N,100
25SDPLUS,GA3,GA2,1,50,50,A,50.00,2500.00,OPEN,,AVAIL,N,100
25SDPLUS,GA3,GA1,3,50,48,A,50.00,2400.00,OPEN,,AVAIL,N,100
25SDPLUS,GA4,GA10,1,50,50,A,50.00,2500.00,OPEN,,AVAIL,N,100
25SDPLUS,GA4,GA9,1,50,50,A,50.00,2500.00,OPEN,,AVAIL,N,100
25SDPLUS,GA4,GA8,1,50,50,A,50.00,2500.00,OPEN,,AVAIL,N,100
25SDPLUS,GA4,GA7,1,50,50,A,50.00,2500.00,OPEN,,AVAIL,N,100
25SDPLUS,GA4,GA6,1,50,50,A,50.00,2500.00,OPEN,,AVAIL,N,100
25SDPLUS,GA4,GA5,1,50,50,A,50.00,2500.00,OPEN,,AVAIL,N,100
25SDPLUS,GA4,GA4,1,50,50,A,50.00,2500.00,OPEN,,AVAIL,N,100
25SDPLUS,GA4,GA3,1,50,50,A,50.00,2500.00,OPEN,,AVAIL,N,100
25SDPLUS,GA4,GA2,1,50,50,A,50.00,2500.00,OPEN,,AVAIL,N,100
25SDPLUS,GA4,GA1,1,50,50,A,50.00,2500.00,OPEN,,AVAIL,N,100
25SDPLUS,GA5,GA10,1,50,50,A,50.00,2500.00,OPEN,,AVAIL,N,100
25SDPLUS,GA5,GA9,1,50,50,A,50.00,2500.00,OPEN,,AVAIL,N,100
25SDPLUS,GA5,GA8,1,50,50,A,50.00,2500.00,OPEN,,AVAIL,N,100
25SDPLUS,GA5,GA7,1,50,50,A,50.00,2500.00,OPEN,,AVAIL,N,100
25SDPLUS,GA5,GA6,1,50,50,A,50.00,2500.00,OPEN,,AVAIL,N,100
25SDPLUS,GA5,GA5,1,50,50,A,50.00,2500.00,OPEN,,AVAIL,N,100
25SDPLUS,GA5,GA4,1,50,50,A,50.00,2500.00,OPEN,,AVAIL,N,100
25SDPLUS,GA5,GA3,1,50,50,A,50.00,2500.00,OPEN,,AVAIL,N,100
25SDPLUS,GA5,GA2,1,50,50,A,50.00,2500.00,OPEN,,AVAIL,N,100
25SDPLUS,GA5,GA1,1,50,50,A,50.00,2500.00,OPEN,,AVAIL,N,100
25SDPLUS,GA6,GA10,1,50,50,A,50.00,2500.00,OPEN,,AVAIL,N,100
25SDPLUS,GA6,GA9,1,50,50,A,50.00,2500.00,OPEN,,AVAIL,N,100
25SDPLUS,GA6,GA8,1,50,50,A,50.00,2500.00,OPEN,,AVAIL,N,100
25SDPLUS,GA6,GA7,1,50,50,A,50.00,2500.00,OPEN,,AVAIL,N,100
25SDPLUS,GA6,GA6,1,50,50,A,50.00,2500.00,OPEN,,AVAIL,N,100
25SDPLUS,GA6,GA5,1,50,50,A,50.00,2500.00,OPEN,,AVAIL,N,100
25SDPLUS,GA6,GA4,1,50,50,A,50.00,2500.00,OPEN,,AVAIL,N,100
25SDPLUS,GA6,GA3,1,50,50,A,50.00,2500.00,OPEN,,AVAIL,N,100
25SDPLUS,GA6,GA2,1,50,50,A,50.00,2500.00,OPEN,,AVAIL,N,100
25SDPLUS,GA6,GA1,1,50,50,A,50.00,2500.00,OPEN,,AVAIL,N,100
25SDPLUS,GA7,GA10,1,50,50,A,50.00,2500.00,OPEN,,AVAIL,N,100
25SDPLUS,GA7,GA9,1,50,50,A,50.00,2500.00,OPEN,,AVAIL,N,100
25SDPLUS,GA7,GA8,1,50,50,A,50.00,2500.00,OPEN,,AVAIL,N,100
25SDPLUS,GA7,GA7,1,50,50,A,50.00,2500.00,OPEN,,AVAIL,N,100
25SDPLUS,GA7,GA6,1,50,50,A,50.00,2500.00,OPEN,,AVAIL,N,100
25SDPLUS,GA7,GA5,1,50,50,A,50.00,2500.00,OPEN,,AVAIL,N,100
25SDPLUS,GA7,GA4,1,50,50,A,50.00,2500.00,OPEN,,AVAIL,N,100
25SDPLUS,GA7,GA3,1,50,50,A,50.00,2500.00,OPEN,,AVAIL,N,100
25SDPLUS,GA7,GA2,1,50,50,A,50.00,2500.00,OPEN,,AVAIL,N,100
25SDPLUS,GA7,GA1,1,50,50,A,50.00,2500.00,OPEN,,AVAIL,N,100
25SDPLUS,GA8,GA10,1,50,50,A,50.00,2500.00,OPEN,,AVAIL,N,100
25SDPLUS,GA8,GA9,1,50,50,A,50.00,2500.00,OPEN,,AVAIL,N,100
25SDPLUS,GA8,GA8,1,50,50,A,50.00,2500.00,OPEN,,AVAIL,N,100
25SDPLUS,GA8,GA7,1,50,50,A,50.00,2500.00,OPEN,,AVAIL,N,100
25SDPLUS,GA8,GA6,1,50,50,A,50.00,2500.00,OPEN,,AVAIL,N,100
25SDPLUS,GA8,GA5,1,50,50,A,50.00,2500.00,OPEN,,AVAIL,N,100
25SDPLUS,GA8,GA4,1,50,50,A,50.00,2500.00,OPEN,,AVAIL,N,100
25SDPLUS,GA8,GA3,1,50,50,A,50.00,2500.00,OPEN,,AVAIL,N,100
25SDPLUS,GA8,GA2,1,50,50,A,50.00,2500.00,OPEN,,AVAIL,N,100
25SDPLUS,GA8,GA1,1,50,50,A,50.00,2500.00,OPEN,,AVAIL,N,100
25SDPLUS,GA9,GA10,1,50,50,A,50.00,2500.00,OPEN,,AVAIL,N,100
25SDPLUS,GA9,GA9,1,50,50,A,50.00,2500.00,OPEN,,AVAIL,N,100
25SDPLUS,GA9,GA8,1,50,50,A,50.00,2500.00,OPEN,,AVAIL,N,100
25SDPLUS,GA9,GA7,1,50,50,A,50.00,2500.00,OPEN,,AVAIL,N,100
25SDPLUS,GA9,GA6,1,50,50,A,50.00,2500.00,OPEN,,AVAIL,N,100
25SDPLUS,GA9,GA5,1,50,50,A,50.00,2500.00,OPEN,,AVAIL,N,100
25SDPLUS,GA9,GA4,1,50,50,A,50.00,2500.00,OPEN,,AVAIL,N,100
25SDPLUS,GA9,GA3,1,50,50,A,50.00,2500.00,OPEN,,AVAIL,N,100
25SDPLUS,GA9,GA2,1,50,50,A,50.00,2500.00,OPEN,,AVAIL,N,100
25SDPLUS,GA9,GA1,1,50,50,A,50.00,2500.00,OPEN,,AVAIL,N,100
25SDPLUS,GA10,GA10,1,50,50,A,50.00,2500.00,OPEN,,AVAIL,N,100
25SDPLUS,GA10,GA9,1,50,50,A,50.00,2500.00,OPEN,,AVAIL,N,100
25SDPLUS,GA10,GA8,1,50,50,A,50.00,2500.00,OPEN,,AVAIL,N,100
25SDPLUS,GA10,GA7,1,50,50,A,50.00,2500.00,OPEN,,AVAIL,N,100
25SDPLUS,GA10,GA6,1,50,50,A,50.00,2500.00,OPEN,,AVAIL,N,100
25SDPLUS,GA10,GA5,1,50,50,A,50.00,2500.00,OPEN,,AVAIL,N,100
25SDPLUS,GA10,GA4,1,50,50,A,50.00,2500.00,OPEN,,AVAIL,N,100
25SDPLUS,GA10,GA3,1,50,50,A,50.00,2500.00,OPEN,,AVAIL,N,100
25SDPLUS,GA10,GA2,1,50,50,A,50.00,2500.00,OPEN,,AVAIL,N,100
25SDPLUS,GA10,GA1,1,50,50,A,50.00,2500.00,OPEN,,AVAIL,N,100
25SDPLUS,GA11,GA10,1,50,50,A,50.00,2500.00,OPEN,,AVAIL,N,100
25SDPLUS,GA11,GA9,1,50,50,A,50.00,2500.00,OPEN,,AVAIL,N,100
25SDPLUS,GA11,GA8,1,50,50,A,50.00,2500.00,OPEN,,AVAIL,N,100
25SDPLUS,GA11,GA7,1,50,50,A,50.00,2500.00,OPEN,,AVAIL,N,100
25SDPLUS,GA11,GA6,1,50,50,A,50.00,2500.00,OPEN,,AVAIL,N,100
25SDPLUS,GA11,GA5,1,50,50,A,50.00,2500.00,OPEN,,AVAIL,N,100
25SDPLUS,GA11,GA4,1,50,50,A,50.00,2500.00,OPEN,,AVAIL,N,100
25SDPLUS,GA11,GA3,1,50,50,A,50.00,2500.00,OPEN,,AVAIL,N,100
25SDPLUS,GA11,GA2,1,50,50,A,50.00,2500.00,OPEN,,AVAIL,N,100
25SDPLUS,GA11,GA1,1,50,50,A,50.00,2500.00,OPEN,,AVAIL,N,100
25SDPLUS,GA12,GA10,1,50,50,A,50.00,2500.00,OPEN,,AVAIL,N,100
25SDPLUS,GA12,GA9,1,50,50,A,50.00,2500.00,OPEN,,AVAIL,N,100
25SDPLUS,GA12,GA8,1,50,50,A,50.00,2500.00,OPEN,,AVAIL,N,100
25SDPLUS,GA12,GA7,1,50,50,A,50.00,2500.00,OPEN,,AVAIL,N,100
25SDPLUS,GA12,GA6,1,50,50,A,50.00,2500.00,OPEN,,AVAIL,N,100
25SDPLUS,GA12,GA5,1,50,50,A,50.00,2500.00,OPEN,,AVAIL,N,100
25SDPLUS,GA12,GA4,1,50,50,A,50.00,2500.00,OPEN,,AVAIL,N,100
25SDPLUS,GA12,GA3,1,50,50,A,50.00,2500.00,OPEN,,AVAIL,N,100
25SDPLUS,GA12,GA2,1,50,50,A,50.00,2500.00,OPEN,,AVAIL,N,100
25SDPLUS,GA12,GA1,1,50,50,A,50.00,2500.00,OPEN,,AVAIL,N,100
25SDPLUS,GA13,GA10,1,50,50,A,50.00,2500.00,OPEN,,AVAIL,N,100
25SDPLUS,GA13,GA9,1,50,50,A,50.00,2500.00,OPEN,,AVAIL,N,100
25SDPLUS,GA13,GA8,1,50,50,A,50.00,2500.00,OPEN,,AVAIL,N,100
25SDPLUS,GA13,GA7,1,50,50,A,50.00,2500.00,OPEN,,AVAIL,N,100
25SDPLUS,GA13,GA6,1,50,50,A,50.00,2500.00,OPEN,,AVAIL,N,100
25SDPLUS,GA13,GA5,1,50,50,A,50.00,2500.00,OPEN,,AVAIL,N,100
25SDPLUS,GA13,GA4,1,50,50,A,50.00,2500.00,OPEN,,AVAIL,N,100
25SDPLUS,GA13,GA3,1,50,50,A,50.00,2500.00,OPEN,,AVAIL,N,100
25SDPLUS,GA13,GA2,1,50,50,A,50.00,2500.00,OPEN,,AVAIL,N,100
25SDPLUS,GA13,GA1,1,50,50,A,50.00,2500.00,OPEN,,AVAIL,N,100
25SDPLUS,GA14,GA10,1,50,50,A,50.00,2500.00,OPEN,,AVAIL,N,100
25SDPLUS,GA14,GA9,1,50,50,A,50.00,2500.00,OPEN,,AVAIL,N,100
25SDPLUS,GA14,GA8,1,50,50,A,50.00,2500.00,OPEN,,AVAIL,N,100
25SDPLUS,GA14,GA7,1,50,50,A,50.00,2500.00,OPEN,,AVAIL,N,100
25SDPLUS,GA14,GA6,1,50,50,A,50.00,2500.00,OPEN,,AVAIL,N,100
25SDPLUS,GA14,GA5,1,50,50,A,50.00,2500.00,OPEN,,AVAIL,N,100
25SDPLUS,GA14,GA4,1,50,50,A,50.00,2500.00,OPEN,,AVAIL,N,100
25SDPLUS,GA14,GA3,1,50,50,A,50.00,2500.00,OPEN,,AVAIL,N,100
25SDPLUS,GA14,GA2,1,50,50,A,50.00,2500.00,OPEN,,AVAIL,N,100
25SDPLUS,GA14,GA1,1,50,50,A,50.00,2500.00,OPEN,,AVAIL,N,100
25SDPLUS,GA15,GA10,1,50,50,A,50.00,2500.00,OPEN,,AVAIL,N,100
25SDPLUS,GA15,GA9,1,50,50,A,50.00,2500.00,OPEN,,AVAIL,N,100
25SDPLUS,GA15,GA8,1,50,50,A,50.00,2500.00,OPEN,,AVAIL,N,100
25SDPLUS,GA15,GA7,1,50,50,A,50.00,2500.00,OPEN,,AVAIL,N,100
25SDPLUS,GA15,GA6,1,50,50,A,50.00,2500.00,OPEN,,AVAIL,N,100
25SDPLUS,GA15,GA5,1,50,50,A,50.00,2500.00,OPEN,,AVAIL,N,100
25SDPLUS,GA15,GA4,1,50,50,A,50.00,2500.00,OPEN,,AVAIL,N,100
25SDPLUS,GA15,GA3,1,50,50,A,50.00,2500.00,OPEN,,AVAIL,N,100
25SDPLUS,GA15,GA2,1,50,50,A,50.00,2500.00,OPEN,,AVAIL,N,100
25SDPLUS,GA15,GA1,1,50,50,A,50.00,2500.00,OPEN,,AVAIL,N,100
25SDPLUS,GA16,GA10,1,50,50,A,50.00,2500.00,OPEN,,AVAIL,N,100
25SDPLUS,GA16,GA9,1,50,50,A,50.00,2500.00,OPEN,,AVAIL,N,100
25SDPLUS,GA16,GA8,1,50,50,A,50.00,2500.00,OPEN,,AVAIL,N,100
25SDPLUS,GA16,GA7,1,50,50,A,50.00,2500.00,OPEN,,AVAIL,N,100
25SDPLUS,GA16,GA6,1,50,50,A,50.00,2500.00,OPEN,,AVAIL,N,100
25SDPLUS,GA16,GA5,1,50,50,A,50.00,2500.00,OPEN,,AVAIL,N,100
25SDPLUS,GA16,GA4,1,50,50,A,50.00,2500.00,OPEN,,AVAIL,N,100
25SDPLUS,GA16,GA3,1,50,50,A,50.00,2500.00,OPEN,,AVAIL,N,100
25SDPLUS,GA16,GA2,1,50,50,A,50.00,2500.00,OPEN,,AVAIL,N,100
25SDPLUS,GA16,GA1,1,50,50,A,50.00,2500.00,OPEN,,AVAIL,N,100
25SDPLUS,GA17,GA10,1,50,50,A,50.00,2500.00,OPEN,,AVAIL,N,100
25SDPLUS,GA17,GA9,1,50,50,A,50.00,2500.00,OPEN,,AVAIL,N,100
25SDPLUS,GA17,GA8,1,50,50,A,50.00,2500.00,OPEN,,AVAIL,N,100
25SDPLUS,GA17,GA7,1,50,50,A,50.00,2500.00,OPEN,,AVAIL,N,100
25SDPLUS,GA17,GA6,1,50,50,A,50.00,2500.00,OPEN,,AVAIL,N,100
25SDPLUS,GA17,GA5,1,50,50,A,50.00,2500.00,OPEN,,AVAIL,N,100
25SDPLUS,GA17,GA4,1,50,50,A,50.00,2500.00,OPEN,,AVAIL,N,100
25SDPLUS,GA17,GA3,1,50,50,A,50.00,2500.00,OPEN,,AVAIL,N,100
25SDPLUS,GA17,GA2,1,50,50,A,50.00,2500.00,OPEN,,AVAIL,N,100
25SDPLUS,GA17,GA1,1,50,50,A,50.00,2500.00,OPEN,,AVAIL,N,100
25SDPLUS,GA18,GA10,1,50,50,A,50.00,2500.00,OPEN,,AVAIL,N,100
25SDPLUS,GA18,GA9,1,50,50,A,50.00,2500.00,OPEN,,AVAIL,N,100
25SDPLUS,GA18,GA8,1,50,50,A,50.00,2500.00,OPEN,,AVAIL,N,100
25SDPLUS,GA18,GA7,1,50,50,A,50.00,2500.00,OPEN,,AVAIL,N,100
25SDPLUS,GA18,GA6,1,50,50,A,50.00,2500.00,OPEN,,AVAIL,N,100
25SDPLUS,GA18,GA5,1,50,50,A,50.00,2500.00,OPEN,,AVAIL,N,100
25SDPLUS,GA18,GA4,1,50,50,A,50.00,2500.00,OPEN,,AVAIL,N,100
25SDPLUS,GA18,GA3,1,50,50,A,50.00,2500.00,OPEN,,AVAIL,N,100
25SDPLUS,GA18,GA2,1,50,50,A,50.00,2500.00,OPEN,,AVAIL,N,100
25SDPLUS,GA18,GA1,1,50,50,A,50.00,2500.00,OPEN,,AVAIL,N,100
25SDPLUS,GA19,GA10,1,50,50,A,50.00,2500.00,OPEN,,AVAIL,N,100
25SDPLUS,GA19,GA9,1,50,50,A,50.00,2500.00,OPEN,,AVAIL,N,100
25SDPLUS,GA19,GA8,1,50,50,A,50.00,2500.00,OPEN,,AVAIL,N,100
25SDPLUS,GA19,GA7,1,50,50,A,50.00,2500.00,OPEN,,AVAIL,N,100
25SDPLUS,GA19,GA6,1,50,50,A,50.00,2500.00,OPEN,,AVAIL,N,100
25SDPLUS,GA19,GA5,1,50,50,A,50.00,2500.00,OPEN,,AVAIL,N,100
25SDPLUS,GA19,GA4,1,50,50,A,50.00,2500.00,OPEN,,AVAIL,N,100
25SDPLUS,GA19,GA3,1,50,50,A,50.00,2500.00,OPEN,,AVAIL,N,100
25SDPLUS,GA19,GA2,1,50,50,A,50.00,2500.00,OPEN,,AVAIL,N,100
25SDPLUS,GA19,GA1,1,50,50,A,50.00,2500.00,OPEN,,AVAIL,N,100
25SDPLUS,GA20,GA10,1,50,50,A,50.00,2500.00,OPEN,,AVAIL,N,100
25SDPLUS,GA20,GA9,1,50,50,A,50.00,2500.00,OPEN,,AVAIL,N,100
25SDPLUS,GA20,GA8,1,50,50,A,50.00,2500.00,OPEN,,AVAIL,N,100
25SDPLUS,GA20,GA7,1,50,50,A,50.00,2500.00,OPEN,,AVAIL,N,100
25SDPLUS,GA20,GA6,1,50,50,A,50.00,2500.00,OPEN,,AVAIL,N,100
25SDPLUS,GA20,GA5,1,50,50,A,50.00,2500.00,OPEN,,AVAIL,N,100
25SDPLUS,GA20,GA4,1,50,50,A,50.00,2500.00,OPEN,,AVAIL,N,100
25SDPLUS,GA20,GA3,1,50,50,A,50.00,2500.00,OPEN,,AVAIL,N,100
25SDPLUS,GA20,GA2,1,50,50,A,50.00,2500.00,OPEN,,AVAIL,N,100
25SDPLUS,GA20,GA1,1,50,50,A,50.00,2500.00,OPEN,,AVAIL,N,100
25SDPRO,GA1,GA1,1,50,50,A,89.99,4499.50,DIST-OPEN,,AVAIL,N,10
25SDPRO,GA1,GA0,3,50,48,A,89.99,4319.52,DIST-OPEN,,AVAIL,N,10
25SLHP,1,A,2,2,1,F,0,0,OPEN,,AVAIL,N,370
25SLHP,1,G,1,13,13,F,0,0,OPEN,,AVAIL,N,370
25SLHP,1,H,1,9,9,F,0,0,OPEN,,AVAIL,N,370
25SLHP,2,E,7,13,7,F,0,0,OPEN,,AVAIL,N,350
25SLHP,2,A,7,7,1,F,0,0,OPEN,,AVAIL,N,350
25SLHP,2,A,14,15,2,F,0,0,OPEN,,AVAIL,N,350
25SLHP,2,F,7,13,7,F,0,0,OPEN,,AVAIL,N,350
25SLHP,2,C,1,6,6,F,0,0,OPEN,,AVAIL,N,350
25SLHP,2,D,6,10,5,F,0,0,OPEN,,AVAIL,N,350
25SLHP,2,B,7,12,6,F,0,0,OPEN,,AVAIL,N,350
25SLHP,2,C,14,17,4,F,0,0,OPEN,,AVAIL,N,350
25SLHP,3,B,7,8,2,F,0,0,OPEN,,AVAIL,N,320
25SLHP,3,E,7,8,2,F,0,0,OPEN,,AVAIL,N,320
25SLHP,3,D,7,12,6,F,0,0,OPEN,,AVAIL,N,320
25SLHP,3,F,6,8,3,F,0,0,OPEN,,AVAIL,N,320
25SLHP,3,M,1,3,3,F,0,0,OPEN,,AVAIL,N,320
25SLHP,4,E,13,15,3,D,0,0,OPEN,,AVAIL,N,130
25SLHP,4,G,11,15,5,E,0,0,OPEN,,AVAIL,N,260
25SLHP,4,L,16,17,2,E,0,0,OPEN,,AVAIL,N,260
25SLHP,4,H,14,15,2,E,0,0,OPEN,,AVAIL,N,260
25SLHP,4,E,7,10,4,D,0,0,OPEN,,AVAIL,N,130
25SLHP,5,L,24,25,2,E,0,0,OPEN,,AVAIL,N,250
25SLHP,5,E,18,19,2,D,0,0,OPEN,,AVAIL,N,110
25SLHP,5,H,1,2,2,E,0,0,OPEN,,AVAIL,N,250
25SLHP,5,M,17,17,1,E,0,0,OPEN,,AVAIL,N,250
25SLHP,5,K,1,2,2,E,0,0,OPEN,,AVAIL,N,250
25SLHP,5,M,27,27,1,E,0,0,OPEN,,AVAIL,N,250
25SLHP,5,L,1,3,3,E,0,0,OPEN,,AVAIL,N,250
25SLHP,5,F,16,21,6,D,0,0,OPEN,,AVAIL,N,110
25SLHP,5,M,8,14,7,E,0,0,OPEN,,AVAIL,N,250
25SLHP,5,A,25,25,1,D,0,0,OPEN,,AVAIL,N,110
25SLHP,5,M,3,4,2,E,0,0,OPEN,,AVAIL,N,250
25SLHP,5,B,16,25,10,D,0,0,OPEN,,AVAIL,N,110
25SLHP,5,F,5,7,3,D,0,0,OPEN,,AVAIL,N,110
25SLHP,5,H,18,18,1,E,0,0,OPEN,,AVAIL,N,250
25SLHP,5,M,22,22,1,E,0,0,OPEN,,AVAIL,N,250
25SLHP,5,B,11,13,3,D,0,0,OPEN,,AVAIL,N,110
25SLHP,5,J,26,27,2,E,0,0,OPEN,,AVAIL,N,250
25SLHP,5,D,13,23,11,D,0,0,OPEN,,AVAIL,N,110
25SLHP,5,G,10,10,1,E,0,0,OPEN,,AVAIL,N,250
25SLHP,5,L,11,13,3,E,0,0,OPEN,,AVAIL,N,250
25SLHP,5,C,11,24,14,D,0,0,OPEN,,AVAIL,N,110
25SLHP,5,E,25,27,3,D,0,0,OPEN,,AVAIL,N,110
25SLHP,6,B,8,10,3,D,0,0,OPEN,,AVAIL,N,140
25SLHP,6,L,10,11,2,E,0,0,OPEN,,AVAIL,N,270
25SLHP,6,D,1,10,10,D,0,0,OPEN,,AVAIL,N,140
25SLHP,6,E,14,15,2,D,0,0,OPEN,,AVAIL,N,140
25SLHP,6,F,14,15,2,D,0,0,OPEN,,AVAIL,N,140
25SLHP,6,E,3,6,4,D,0,0,OPEN,,AVAIL,N,140
25SLHP,6,J,9,13,5,E,0,0,OPEN,,AVAIL,N,270
25SLHP,6,G,13,17,5,E,0,0,OPEN,,AVAIL,N,270
25SLHP,6,K,9,14,6,E,0,0,OPEN,,AVAIL,N,270
25SLHP,6,H,7,11,5,E,0,0,OPEN,,AVAIL,N,270
25SLHP,6,C,3,10,8,D,0,0,OPEN,,AVAIL,N,140
25SLHP,7,J,9,9,1,L,0,0,SUPPORTERS,,AVAIL,N,340
25SLHP,7,D,5,5,1,L,0,0,SUPPORTERS,,AVAIL,N,340
25SLHP,7,B,7,9,3,L,0,0,SUPPORTERS,,AVAIL,N,340
25SLHP,7,A,6,6,1,L,0,0,SUPPORTERS,,AVAIL,N,340
25SLHP,7,F,1,8,8,L,0,0,SUPPORTERS,,AVAIL,N,340
25SLHP,7,E,3,8,6,L,0,0,SUPPORTERS,,AVAIL,N,340
25SLHP,7,D,1,2,2,L,0,0,SUPPORTERS,,AVAIL,N,340
25SLHP,7,J,8,8,1,L,0,0,OPEN,,AVAIL,N,340
25SLHP,8,H,14,15,2,F,0,0,OPEN,,AVAIL,N,360
25SLHP,8,A,6,14,9,F,0,0,OPEN,,AVAIL,N,360
25SLHP,8,K,15,17,3,F,0,0,OPEN,,AVAIL,N,360
25SLHP,8,H,3,8,6,F,0,0,OPEN,,AVAIL,N,360
25SLHP,8,B,3,14,12,F,0,0,OPEN,,AVAIL,N,360
25SLHP,8,K,5,5,1,F,0,0,OPEN,,AVAIL,N,360
25SLHP,8,L,13,16,4,F,0,0,OPEN,,AVAIL,N,360
25SLHP,8,J,1,4,4,F,0,0,OPEN,,AVAIL,N,360
25SLHP,8,M,3,5,3,F,0,0,OPEN,,AVAIL,N,360
25SLHP,17,D,1,4,4,G,0,0,OPEN,,AVAIL,N,510
25SLHP,17,A,1,2,2,G,0,0,OPEN,,AVAIL,N,510
25SLHP,17,F,7,13,7,G,0,0,OPEN,,AVAIL,N,510
25SLHP,17,G,10,13,4,G,0,0,OPEN,,AVAIL,N,510
25SLHP,17,B,10,13,4,G,0,0,OPEN,,AVAIL,N,510
25SLHP,17,A,12,13,2,G,0,0,OPEN,,AVAIL,N,510
25SLHP,17,D,6,6,1,G,0,0,OPEN,,AVAIL,N,510
25SLHP,18,M,4,8,5,G,0,0,OPEN,,AVAIL,N,490
25SLHP,18,J,12,13,2,G,0,0,OPEN,,AVAIL,N,490
25SLHP,18,M,1,2,2,G,0,0,OPEN,,AVAIL,N,490
25SLHP,18,M,10,13,4,G,0,0,OPEN,,AVAIL,N,490
25SLHP,18,P,6,9,4,G,0,0,OPEN,,AVAIL,N,490
25SLHP,18,K,13,13,1,G,0,0,OPEN,,AVAIL,N,490
25SLHP,18,N,12,13,2,G,0,0,OPEN,,AVAIL,N,490
25SLHP,18,C,8,10,3,G,0,0,OPEN,,AVAIL,N,490
25SLHP,18,B,8,10,3,G,0,0,OPEN,,AVAIL,N,490
25SLHP,18,A,8,9,2,G,0,0,OPEN,,AVAIL,N,490
25SLHP,19,F,11,13,3,F,0,0,OPEN,,AVAIL,N,460
25SLHP,19,N,1,5,5,F,0,0,OPEN,,AVAIL,N,460
25SLHP,19,G,1,10,10,F,0,0,OPEN,,AVAIL,N,460
25SLHP,19,N,10,11,2,F,0,0,OPEN,,AVAIL,N,460
25SLHP,19,H,9,13,5,F,0,0,OPEN,,AVAIL,N,460
25SLHP,19,F,1,8,8,F,0,0,OPEN,,AVAIL,N,460
25SLHP,20,H,3,7,5,F,0,0,OPEN,,AVAIL,N,440
25SLHP,20,F,11,13,3,F,0,0,OPEN,,AVAIL,N,440
25SLHP,20,E,10,13,4,F,0,0,OPEN,,AVAIL,N,440
25SLHP,20,G,1,5,5,F,0,0,OPEN,,AVAIL,N,440
25SLHP,20,A,12,13,2,F,0,0,OPEN,,AVAIL,N,440
25SLHP,21,C,6,9,4,D,0,0,OPEN,,AVAIL,N,210
25SLHP,21,B,1,9,9,D,0,0,OPEN,,AVAIL,N,210
25SLHP,21,H,3,5,3,F,0,0,OPEN,,AVAIL,N,420
25SLHP,21,M,10,13,4,F,0,0,OPEN,,AVAIL,N,420
25SLHP,21,P,7,7,1,F,0,0,OPEN,,AVAIL,N,420
25SLHP,21,E,9,11,3,D,0,0,OPEN,,AVAIL,N,220
25SLHP,21,G,12,13,2,D,0,0,OPEN,,AVAIL,N,220
25SLHP,21,F,5,11,7,D,0,0,OPEN,,AVAIL,N,220
25SLHP,21,A,1,5,5,D,0,0,OPEN,,AVAIL,N,210
25SLHP,22,F,10,10,1,F,0,0,OPEN,,AVAIL,N,390
25SLHP,22,F,1,2,2,F,0,0,OPEN,,AVAIL,N,390
25SLHP,22,D,1,9,9,D,0,0,OPEN,,AVAIL,N,190
25SLHP,22,B,1,12,12,D,0,0,OPEN,,AVAIL,N,190
25SLHP,22,K,11,12,2,F,0,0,OPEN,,AVAIL,N,390
25SLHP,22,K,8,9,2,F,0,0,OPEN,,AVAIL,N,390
25SLHP,22,L,1,7,7,F,0,0,OPEN,,AVAIL,N,390
25SLHP,22,E,1,4,4,D,0,0,OPEN,,AVAIL,N,190
25SLHP,22,C,1,2,2,D,0,0,OPEN,,AVAIL,N,190
25SLHP,22,A,5,10,6,C,0,0,OPEN,,AVAIL,N,90
25SLHP,22,C,3,12,10,D,0,0,BIZDEV,,AVAIL,N,190
25SLHP,23,G,3,8,6,E,0,0,OPEN,,AVAIL,N,290
25SLHP,23,A,4,5,2,C,0,0,OPEN,,AVAIL,N,70
25SLHP,23,K,8,12,5,E,0,0,OPEN,,AVAIL,N,290
25SLHP,23,D,1,5,5,D,0,0,OPEN,,AVAIL,N,170
25SLHP,23,L,5,10,6,E,0,0,OPEN,,AVAIL,N,290
25SLHP,23,J,1,3,3,E,0,0,OPEN,,AVAIL,N,290
25SLHP,23,K,1,4,4,E,0,0,OPEN,,AVAIL,N,290
25SLHP,23,H,1,9,9,E,0,0,OPEN,,AVAIL,N,290
25SLHP,23,B,1,3,3,D,0,0,OPEN,,AVAIL,N,170
25SLHP,23,B,7,8,2,D,0,0,OPEN,,AVAIL,N,170
25SLHP,24,G,3,8,6,E,0,0,OPEN,,AVAIL,N,280
25SLHP,24,F,4,6,3,E,0,0,OPEN,,AVAIL,N,280
25SLHP,24,F,8,10,3,E,0,0,OPEN,,AVAIL,N,280
25SLHP,24,G,11,12,2,E,0,0,OPEN,,AVAIL,N,280
25SLHP,25,L,1,5,5,E,0,0,OPEN,,AVAIL,N,300
25SLHP,25,D,9,10,2,D,0,0,OPEN,,AVAIL,N,180
25SLHP,25,F,3,5,3,E,0,0,OPEN,,AVAIL,N,300
25SLHP,25,G,1,5,5,E,0,0,OPEN,,AVAIL,N,300
25SLHP,25,B,5,8,4,D,0,0,OPEN,,AVAIL,N,180
25SLHP,25,J,9,10,2,E,0,0,OPEN,,AVAIL,N,300
25SLHP,26,F,9,12,4,F,0,0,OPEN,,AVAIL,N,400
25SLHP,26,L,11,12,2,F,0,0,OPEN,,AVAIL,N,400
25SLHP,26,D,1,5,5,D,0,0,OPEN,,AVAIL,N,200
25SLHP,26,E,1,5,5,D,0,0,OPEN,,AVAIL,N,200
25SLHP,26,K,3,5,3,F,0,0,OPEN,,AVAIL,N,400
25SLHP,26,L,4,5,2,F,0,0,OPEN,,AVAIL,N,400
25SLHP,26,L,9,9,1,F,0,0,OPEN,,AVAIL,N,400
25SLHP,27,H,8,10,3,F,0,0,OPEN,,AVAIL,N,430
25SLHP,27,E,1,3,3,D,0,0,OPEN,,AVAIL,N,240
25SLHP,27,L,13,13,1,F,0,0,OPEN,,AVAIL,N,430
25SLHP,27,J,12,13,2,F,0,0,OPEN,,AVAIL,N,430
25SLHP,27,G,1,13,13,D,0,0,OPEN,,AVAIL,N,240
25SLHP,27,F,1,3,3,D,0,0,OPEN,,AVAIL,N,240
25SLHP,27,H,1,5,5,F,0,0,OPEN,,AVAIL,N,430
25SLHP,27,M,7,10,4,F,0,0,OPEN,,AVAIL,N,430
25SLHP,27,F,12,13,2,D,0,0,OPEN,,AVAIL,N,240
25SLHP,28,H,1,13,13,F,0,0,OPEN,,AVAIL,N,450
25SLHP,28,A,5,13,9,F,0,0,OPEN,,AVAIL,N,450
25SLHP,28,G,5,8,4,F,0,0,OPEN,,AVAIL,N,450
25SLHP,28,E,7,13,7,F,0,0,OPEN,,AVAIL,N,450
25SLHP,28,F,3,11,9,F,0,0,OPEN,,AVAIL,N,450
25SLHP,28,E,1,2,2,F,0,0,OPEN,,AVAIL,N,450
25SLHP,28,D,7,9,3,F,0,0,OPEN,,AVAIL,N,450
25SLHP,28,C,5,13,9,F,0,0,OPEN,,AVAIL,N,450
25SLHP,28,B,5,13,9,F,0,0,OPEN,,AVAIL,N,450
25SLHP,29,N,9,13,5,F,0,0,OPEN,,AVAIL,N,470
25SLHP,29,A,5,13,9,F,0,0,OPEN,,AVAIL,N,470
25SLHP,29,G,1,13,13,F,0,0,OPEN,,AVAIL,N,470
25SLHP,29,F,1,5,5,F,0,0,OPEN,,AVAIL,N,470
25SLHP,29,E,1,13,13,F,0,0,OPEN,,AVAIL,N,470
25SLHP,29,D,1,13,13,F,0,0,OPEN,,AVAIL,N,470
25SLHP,29,C,1,13,13,F,0,0,OPEN,,AVAIL,N,470
25SLHP,29,B,1,13,13,F,0,0,OPEN,,AVAIL,N,470
25SLHP,30,C,1,6,6,G,0,0,OPEN,,AVAIL,N,480
25SLHP,30,F,11,13,3,G,0,0,OPEN,,AVAIL,N,480
25SLHP,30,H,1,9,9,G,0,0,OPEN,,AVAIL,N,480
25SLHP,30,G,1,13,13,G,0,0,OPEN,,AVAIL,N,480
25SLHP,30,F,3,8,6,G,0,0,OPEN,,AVAIL,N,480
25SLHP,30,E,1,13,13,G,0,0,OPEN,,AVAIL,N,480
25SLHP,30,D,1,13,13,G,0,0,OPEN,,AVAIL,N,480
25SLHP,31,K,6,7,2,G,0,0,OPEN,,AVAIL,N,500
25SLHP,31,M,1,5,5,G,0,0,OPEN,,AVAIL,N,500
25SLHP,31,P,3,6,4,G,0,0,OPEN,,AVAIL,N,500
25SLHP,31,G,1,13,13,G,0,0,OPEN,,AVAIL,N,500
25SLHP,31,F,1,13,13,G,0,0,OPEN,,AVAIL,N,500
25SLHP,31,E,1,13,13,G,0,0,OPEN,,AVAIL,N,500
25SLHP,31,D,1,13,13,G,0,0,OPEN,,AVAIL,N,500
25SLHP,31,C,1,13,13,G,0,0,OPEN,,AVAIL,N,500
25SLHP,31,B,1,13,13,G,0,0,OPEN,,AVAIL,N,500
25SLHP,31,A,6,13,8,G,0,0,OPEN,,AVAIL,N,500
25SLHP,BENCH1,A,1,5,5,K,0,0,KILL,,AVAIL,Y,610
25SLHP,BENCH2,A,1,5,5,K,0,0,KILL,,AVAIL,Y,620
25SLHP,FB1,C,3,4,2,D,0,0,OPEN,,AVAIL,N,150
25SLHP,FB2,A,5,5,1,C,0,0,OPEN,,AVAIL,N,60
25SLHP,FB2,C,5,7,3,D,0,0,OPEN,,AVAIL,N,160
25SLHP,FLD1,A,17,17,1,A,0,0,OPEN,,AVAIL,N,10
25SLHP,FLD1,A,27,30,4,A,0,0,BIZDEV,,AVAIL,N,10
25SLHP,FLD1,B,1,30,30,B,0,0,KILL,,AVAIL,Y,30
25SLHP,FLD2,B,1,30,30,B,0,0,KILL,,AVAIL,Y,40
25SLHP,FSTE5,GA0,21,25,5,I,0,0,KILL,,AVAIL,Y,100
25SLHP,FSTE7,GA0,1,20,20,I,0,0,KILL,,AVAIL,Y,100
25SLHP,FSTE8,GA0,1,20,20,I,0,0,KILL,,AVAIL,Y,100
25SLHP,GENADM,GA0,50,99,50,M,0,0,KILL,,AVAIL,Y,630
25SLHP,GENADM,GA1,50,99,50,M,0,0,KILL,,AVAIL,Y,630
25SLHP,GENADM,GA9,50,99,50,M,0,0,KILL,,AVAIL,Y,630
25SLHP,GENADM,GA8,50,99,50,M,0,0,KILL,,AVAIL,Y,630
25SLHP,GENADM,GA7,50,99,50,M,0,0,KILL,,AVAIL,Y,630
25SLHP,GENADM,GA6,50,99,50,M,0,0,KILL,,AVAIL,Y,630
25SLHP,GENADM,GA5,50,99,50,M,0,0,KILL,,AVAIL,Y,630
25SLHP,GENADM,GA4,50,99,50,M,0,0,KILL,,AVAIL,Y,630
25SLHP,GENADM,GA3,50,99,50,M,0,0,KILL,,AVAIL,Y,630
25SLHP,GENADM,GA2,50,99,50,M,0,0,KILL,,AVAIL,Y,630
25SLHP,PRES,PRES,1,20,20,A,0,0,PRESIDENT,,AVAIL,N,100
25SLHP,SRO,GA9,50,99,50,N,0,0,FUTURE,,AVAIL,N,640
25SLHP,SRO,GA8,50,99,50,N,0,0,FUTURE,,AVAIL,N,640
25SLHP,SRO,GA7,50,99,50,N,0,0,FUTURE,,AVAIL,N,640
25SLHP,SRO,GA5,50,99,50,N,0,0,FUTURE,,AVAIL,N,640
25SLHP,SRO,GA4,50,99,50,N,0,0,FUTURE,,AVAIL,N,640
25SLHP,SRO,GA3,50,99,50,N,0,0,FUTURE,,AVAIL,N,640
25SLHP,SRO,GA2,50,99,50,N,0,0,FUTURE,,AVAIL,N,640
25SLHP,SRO,GA1,50,99,50,N,0,0,FUTURE,,AVAIL,N,640
25SLHP,SRO,GA0,50,99,50,N,0,0,FUTURE,,AVAIL,N,640
25SLHP,SRO,GA6,50,99,50,N,0,0,FUTURE,,AVAIL,N,640
25SLHP,SUITE,GA0,1,18,18,I,0,0,OPEN,,AVAIL,N,590
25SLHP,TSL,GA9,1,50,50,M,0,0,KILL,,AVAIL,Y,600
25SLHP,TSL,GA7,1,50,50,M,0,0,KILL,,AVAIL,Y,600
25SLHP,TSL,GA6,1,50,50,M,0,0,KILL,,AVAIL,Y,600
25SLHP,TSL,GA5,1,50,50,M,0,0,KILL,,AVAIL,Y,600
25SLHP,TSL,GA4,1,50,50,M,0,0,KILL,,AVAIL,Y,600
25SLHP,TSL,GA3,1,50,50,M,0,0,KILL,,AVAIL,Y,600
25SLHP,TSL,GA2,1,50,50,M,0,0,KILL,,AVAIL,Y,600
25SLHP,TSL,GA1,26,50,25,M,0,0,KILL,,AVAIL,Y,600
25SLHP,TSL,GA0,1,50,50,M,0,0,BOX OFFICE HOLD,,AVAIL,N,600
25SLHP,TSL,GA8,1,50,50,M,0,0,KILL,,AVAIL,Y,600
25SLHP,TSL,GA1,1,15,15,M,0,0,TOP SHELF LOUNGE,,AVAIL,N,600
25SLPLUS,GA1,GA10,1,50,50,A,50.00,2500.00,OPEN,,AVAIL,N,100
25SLPLUS,GA1,GA9,1,50,50,A,50.00,2500.00,OPEN,,AVAIL,N,100
25SLPLUS,GA1,GA8,1,50,50,A,50.00,2500.00,OPEN,,AVAIL,N,100
25SLPLUS,GA1,GA7,1,50,50,A,50.00,2500.00,OPEN,,AVAIL,N,100
25SLPLUS,GA1,GA6,1,50,50,A,50.00,2500.00,OPEN,,AVAIL,N,100
25SLPLUS,GA1,GA5,1,50,50,A,50.00,2500.00,OPEN,,AVAIL,N,100
25SLPLUS,GA1,GA4,1,50,50,A,50.00,2500.00,OPEN,,AVAIL,N,100
25SLPLUS,GA1,GA3,1,50,50,A,50.00,2500.00,OPEN,,AVAIL,N,100
25SLPLUS,GA1,GA2,17,50,34,A,50.00,1700.00,OPEN,,AVAIL,N,100
25SLPLUS,GA2,GA10,1,50,50,A,50.00,2500.00,OPEN,,AVAIL,N,100
25SLPLUS,GA2,GA9,1,50,50,A,50.00,2500.00,OPEN,,AVAIL,N,100
25SLPLUS,GA2,GA8,1,50,50,A,50.00,2500.00,OPEN,,AVAIL,N,100
25SLPLUS,GA2,GA7,1,50,50,A,50.00,2500.00,OPEN,,AVAIL,N,100
25SLPLUS,GA2,GA6,1,50,50,A,50.00,2500.00,OPEN,,AVAIL,N,100
25SLPLUS,GA2,GA5,1,50,50,A,50.00,2500.00,OPEN,,AVAIL,N,100
25SLPLUS,GA2,GA4,1,50,50,A,50.00,2500.00,OPEN,,AVAIL,N,100
25SLPLUS,GA2,GA3,1,50,50,A,50.00,2500.00,OPEN,,AVAIL,N,100
25SLPLUS,GA2,GA2,1,50,50,A,50.00,2500.00,OPEN,,AVAIL,N,100
25SLPLUS,GA2,GA1,5,50,46,A,50.00,2300.00,OPEN,,AVAIL,N,100
25SLPLUS,GA3,GA10,1,50,50,A,50.00,2500.00,OPEN,,AVAIL,N,100
25SLPLUS,GA3,GA9,1,50,50,A,50.00,2500.00,OPEN,,AVAIL,N,100
25SLPLUS,GA3,GA8,1,50,50,A,50.00,2500.00,OPEN,,AVAIL,N,100
25SLPLUS,GA3,GA7,1,50,50,A,50.00,2500.00,OPEN,,AVAIL,N,100
25SLPLUS,GA3,GA6,1,50,50,A,50.00,2500.00,OPEN,,AVAIL,N,100
25SLPLUS,GA3,GA5,1,50,50,A,50.00,2500.00,OPEN,,AVAIL,N,100
25SLPLUS,GA3,GA4,1,50,50,A,50.00,2500.00,OPEN,,AVAIL,N,100
25SLPLUS,GA3,GA3,1,50,50,A,50.00,2500.00,OPEN,,AVAIL,N,100
25SLPLUS,GA3,GA2,1,50,50,A,50.00,2500.00,OPEN,,AVAIL,N,100
25SLPLUS,GA3,GA1,2,50,49,A,50.00,2450.00,OPEN,,AVAIL,N,100
25SLPLUS,GA4,GA10,1,50,50,A,50.00,2500.00,OPEN,,AVAIL,N,100
25SLPLUS,GA4,GA9,1,50,50,A,50.00,2500.00,OPEN,,AVAIL,N,100
25SLPLUS,GA4,GA8,1,50,50,A,50.00,2500.00,OPEN,,AVAIL,N,100
25SLPLUS,GA4,GA7,1,50,50,A,50.00,2500.00,OPEN,,AVAIL,N,100
25SLPLUS,GA4,GA6,1,50,50,A,50.00,2500.00,OPEN,,AVAIL,N,100
25SLPLUS,GA4,GA5,1,50,50,A,50.00,2500.00,OPEN,,AVAIL,N,100
25SLPLUS,GA4,GA4,1,50,50,A,50.00,2500.00,OPEN,,AVAIL,N,100
25SLPLUS,GA4,GA3,1,50,50,A,50.00,2500.00,OPEN,,AVAIL,N,100
25SLPLUS,GA4,GA2,1,50,50,A,50.00,2500.00,OPEN,,AVAIL,N,100
25SLPLUS,GA4,GA1,3,50,48,A,50.00,2400.00,OPEN,,AVAIL,N,100
25SLPLUS,GA5,GA10,1,50,50,A,50.00,2500.00,OPEN,,AVAIL,N,100
25SLPLUS,GA5,GA9,1,50,50,A,50.00,2500.00,OPEN,,AVAIL,N,100
25SLPLUS,GA5,GA8,1,50,50,A,50.00,2500.00,OPEN,,AVAIL,N,100
25SLPLUS,GA5,GA7,1,50,50,A,50.00,2500.00,OPEN,,AVAIL,N,100
25SLPLUS,GA5,GA6,1,50,50,A,50.00,2500.00,OPEN,,AVAIL,N,100
25SLPLUS,GA5,GA5,1,50,50,A,50.00,2500.00,OPEN,,AVAIL,N,100
25SLPLUS,GA5,GA4,1,50,50,A,50.00,2500.00,OPEN,,AVAIL,N,100
25SLPLUS,GA5,GA3,1,50,50,A,50.00,2500.00,OPEN,,AVAIL,N,100
25SLPLUS,GA5,GA2,1,50,50,A,50.00,2500.00,OPEN,,AVAIL,N,100
25SLPLUS,GA5,GA1,2,50,49,A,50.00,2450.00,OPEN,,AVAIL,N,100
25SLPLUS,GA6,GA10,1,50,50,A,50.00,2500.00,OPEN,,AVAIL,N,100
25SLPLUS,GA6,GA9,1,50,50,A,50.00,2500.00,OPEN,,AVAIL,N,100
25SLPLUS,GA6,GA8,1,50,50,A,50.00,2500.00,OPEN,,AVAIL,N,100
25SLPLUS,GA6,GA7,1,50,50,A,50.00,2500.00,OPEN,,AVAIL,N,100
25SLPLUS,GA6,GA6,1,50,50,A,50.00,2500.00,OPEN,,AVAIL,N,100
25SLPLUS,GA6,GA5,1,50,50,A,50.00,2500.00,OPEN,,AVAIL,N,100
25SLPLUS,GA6,GA4,1,50,50,A,50.00,2500.00,OPEN,,AVAIL,N,100
25SLPLUS,GA6,GA3,1,50,50,A,50.00,2500.00,OPEN,,AVAIL,N,100
25SLPLUS,GA6,GA2,1,50,50,A,50.00,2500.00,OPEN,,AVAIL,N,100
25SLPLUS,GA6,GA1,2,50,49,A,50.00,2450.00,OPEN,,AVAIL,N,100
25SLPLUS,GA7,GA10,1,50,50,A,50.00,2500.00,OPEN,,AVAIL,N,100
25SLPLUS,GA7,GA9,1,50,50,A,50.00,2500.00,OPEN,,AVAIL,N,100
25SLPLUS,GA7,GA8,1,50,50,A,50.00,2500.00,OPEN,,AVAIL,N,100
25SLPLUS,GA7,GA7,1,50,50,A,50.00,2500.00,OPEN,,AVAIL,N,100
25SLPLUS,GA7,GA6,1,50,50,A,50.00,2500.00,OPEN,,AVAIL,N,100
25SLPLUS,GA7,GA5,1,50,50,A,50.00,2500.00,OPEN,,AVAIL,N,100
25SLPLUS,GA7,GA4,1,50,50,A,50.00,2500.00,OPEN,,AVAIL,N,100
25SLPLUS,GA7,GA3,1,50,50,A,50.00,2500.00,OPEN,,AVAIL,N,100
25SLPLUS,GA7,GA2,1,50,50,A,50.00,2500.00,OPEN,,AVAIL,N,100
25SLPLUS,GA7,GA1,3,50,48,A,50.00,2400.00,OPEN,,AVAIL,N,100
25SLPLUS,GA8,GA10,1,50,50,A,50.00,2500.00,OPEN,,AVAIL,N,100
25SLPLUS,GA8,GA9,1,50,50,A,50.00,2500.00,OPEN,,AVAIL,N,100
25SLPLUS,GA8,GA8,1,50,50,A,50.00,2500.00,OPEN,,AVAIL,N,100
25SLPLUS,GA8,GA7,1,50,50,A,50.00,2500.00,OPEN,,AVAIL,N,100
25SLPLUS,GA8,GA6,1,50,50,A,50.00,2500.00,OPEN,,AVAIL,N,100
25SLPLUS,GA8,GA5,1,50,50,A,50.00,2500.00,OPEN,,AVAIL,N,100
25SLPLUS,GA8,GA4,1,50,50,A,50.00,2500.00,OPEN,,AVAIL,N,100
25SLPLUS,GA8,GA3,1,50,50,A,50.00,2500.00,OPEN,,AVAIL,N,100
25SLPLUS,GA8,GA2,1,50,50,A,50.00,2500.00,OPEN,,AVAIL,N,100
25SLPLUS,GA8,GA1,5,50,46,A,50.00,2300.00,OPEN,,AVAIL,N,100
25SLPLUS,GA9,GA10,1,50,50,A,50.00,2500.00,OPEN,,AVAIL,N,100
25SLPLUS,GA9,GA9,1,50,50,A,50.00,2500.00,OPEN,,AVAIL,N,100
25SLPLUS,GA9,GA8,1,50,50,A,50.00,2500.00,OPEN,,AVAIL,N,100
25SLPLUS,GA9,GA7,1,50,50,A,50.00,2500.00,OPEN,,AVAIL,N,100
25SLPLUS,GA9,GA6,1,50,50,A,50.00,2500.00,OPEN,,AVAIL,N,100
25SLPLUS,GA9,GA5,1,50,50,A,50.00,2500.00,OPEN,,AVAIL,N,100
25SLPLUS,GA9,GA4,1,50,50,A,50.00,2500.00,OPEN,,AVAIL,N,100
25SLPLUS,GA9,GA3,1,50,50,A,50.00,2500.00,OPEN,,AVAIL,N,100
25SLPLUS,GA9,GA2,1,50,50,A,50.00,2500.00,OPEN,,AVAIL,N,100
25SLPLUS,GA9,GA1,2,50,49,A,50.00,2450.00,OPEN,,AVAIL,N,100
25SLPLUS,GA10,GA10,1,50,50,A,50.00,2500.00,OPEN,,AVAIL,N,100
25SLPLUS,GA10,GA9,1,50,50,A,50.00,2500.00,OPEN,,AVAIL,N,100
25SLPLUS,GA10,GA8,1,50,50,A,50.00,2500.00,OPEN,,AVAIL,N,100
25SLPLUS,GA10,GA7,1,50,50,A,50.00,2500.00,OPEN,,AVAIL,N,100
25SLPLUS,GA10,GA6,1,50,50,A,50.00,2500.00,OPEN,,AVAIL,N,100
25SLPLUS,GA10,GA5,1,50,50,A,50.00,2500.00,OPEN,,AVAIL,N,100
25SLPLUS,GA10,GA4,1,50,50,A,50.00,2500.00,OPEN,,AVAIL,N,100
25SLPLUS,GA10,GA3,1,50,50,A,50.00,2500.00,OPEN,,AVAIL,N,100
25SLPLUS,GA10,GA2,1,50,50,A,50.00,2500.00,OPEN,,AVAIL,N,100
25SLPLUS,GA10,GA1,4,50,47,A,50.00,2350.00,OPEN,,AVAIL,N,100
25SLPLUS,GA11,GA10,1,50,50,A,50.00,2500.00,OPEN,,AVAIL,N,100
25SLPLUS,GA11,GA9,1,50,50,A,50.00,2500.00,OPEN,,AVAIL,N,100
25SLPLUS,GA11,GA8,1,50,50,A,50.00,2500.00,OPEN,,AVAIL,N,100
25SLPLUS,GA11,GA7,1,50,50,A,50.00,2500.00,OPEN,,AVAIL,N,100
25SLPLUS,GA11,GA6,1,50,50,A,50.00,2500.00,OPEN,,AVAIL,N,100
25SLPLUS,GA11,GA5,1,50,50,A,50.00,2500.00,OPEN,,AVAIL,N,100
25SLPLUS,GA11,GA4,1,50,50,A,50.00,2500.00,OPEN,,AVAIL,N,100
25SLPLUS,GA11,GA3,1,50,50,A,50.00,2500.00,OPEN,,AVAIL,N,100
25SLPLUS,GA11,GA2,1,50,50,A,50.00,2500.00,OPEN,,AVAIL,N,100
25SLPLUS,GA11,GA1,3,50,48,A,50.00,2400.00,OPEN,,AVAIL,N,100
25SLPLUS,GA12,GA10,1,50,50,A,50.00,2500.00,OPEN,,AVAIL,N,100
25SLPLUS,GA12,GA9,1,50,50,A,50.00,2500.00,OPEN,,AVAIL,N,100
25SLPLUS,GA12,GA8,1,50,50,A,50.00,2500.00,OPEN,,AVAIL,N,100
25SLPLUS,GA12,GA7,1,50,50,A,50.00,2500.00,OPEN,,AVAIL,N,100
25SLPLUS,GA12,GA6,1,50,50,A,50.00,2500.00,OPEN,,AVAIL,N,100
25SLPLUS,GA12,GA5,1,50,50,A,50.00,2500.00,OPEN,,AVAIL,N,100
25SLPLUS,GA12,GA4,1,50,50,A,50.00,2500.00,OPEN,,AVAIL,N,100
25SLPLUS,GA12,GA3,1,50,50,A,50.00,2500.00,OPEN,,AVAIL,N,100
25SLPLUS,GA12,GA2,1,50,50,A,50.00,2500.00,OPEN,,AVAIL,N,100
25SLPLUS,GA12,GA1,2,50,49,A,50.00,2450.00,OPEN,,AVAIL,N,100
25SLPLUS,GA13,GA10,1,50,50,A,50.00,2500.00,OPEN,,AVAIL,N,100
25SLPLUS,GA13,GA9,1,50,50,A,50.00,2500.00,OPEN,,AVAIL,N,100
25SLPLUS,GA13,GA8,1,50,50,A,50.00,2500.00,OPEN,,AVAIL,N,100
25SLPLUS,GA13,GA7,1,50,50,A,50.00,2500.00,OPEN,,AVAIL,N,100
25SLPLUS,GA13,GA6,1,50,50,A,50.00,2500.00,OPEN,,AVAIL,N,100
25SLPLUS,GA13,GA5,1,50,50,A,50.00,2500.00,OPEN,,AVAIL,N,100
25SLPLUS,GA13,GA4,1,50,50,A,50.00,2500.00,OPEN,,AVAIL,N,100
25SLPLUS,GA13,GA3,1,50,50,A,50.00,2500.00,OPEN,,AVAIL,N,100
25SLPLUS,GA13,GA2,1,50,50,A,50.00,2500.00,OPEN,,AVAIL,N,100
25SLPLUS,GA13,GA1,2,50,49,A,50.00,2450.00,OPEN,,AVAIL,N,100
25SLPLUS,GA14,GA10,1,50,50,A,50.00,2500.00,OPEN,,AVAIL,N,100
25SLPLUS,GA14,GA9,1,50,50,A,50.00,2500.00,OPEN,,AVAIL,N,100
25SLPLUS,GA14,GA8,1,50,50,A,50.00,2500.00,OPEN,,AVAIL,N,100
25SLPLUS,GA14,GA7,1,50,50,A,50.00,2500.00,OPEN,,AVAIL,N,100
25SLPLUS,GA14,GA6,1,50,50,A,50.00,2500.00,OPEN,,AVAIL,N,100
25SLPLUS,GA14,GA5,1,50,50,A,50.00,2500.00,OPEN,,AVAIL,N,100
25SLPLUS,GA14,GA4,1,50,50,A,50.00,2500.00,OPEN,,AVAIL,N,100
25SLPLUS,GA14,GA3,1,50,50,A,50.00,2500.00,OPEN,,AVAIL,N,100
25SLPLUS,GA14,GA2,1,50,50,A,50.00,2500.00,OPEN,,AVAIL,N,100
25SLPLUS,GA14,GA1,2,50,49,A,50.00,2450.00,OPEN,,AVAIL,N,100
25SLPLUS,GA15,GA10,1,50,50,A,50.00,2500.00,OPEN,,AVAIL,N,100
25SLPLUS,GA15,GA9,1,50,50,A,50.00,2500.00,OPEN,,AVAIL,N,100
25SLPLUS,GA15,GA8,1,50,50,A,50.00,2500.00,OPEN,,AVAIL,N,100
25SLPLUS,GA15,GA7,1,50,50,A,50.00,2500.00,OPEN,,AVAIL,N,100
25SLPLUS,GA15,GA6,1,50,50,A,50.00,2500.00,OPEN,,AVAIL,N,100
25SLPLUS,GA15,GA5,1,50,50,A,50.00,2500.00,OPEN,,AVAIL,N,100
25SLPLUS,GA15,GA4,1,50,50,A,50.00,2500.00,OPEN,,AVAIL,N,100
25SLPLUS,GA15,GA3,1,50,50,A,50.00,2500.00,OPEN,,AVAIL,N,100
25SLPLUS,GA15,GA2,1,50,50,A,50.00,2500.00,OPEN,,AVAIL,N,100
25SLPLUS,GA15,GA1,2,50,49,A,50.00,2450.00,OPEN,,AVAIL,N,100
25SLPLUS,GA16,GA10,1,50,50,A,50.00,2500.00,OPEN,,AVAIL,N,100
25SLPLUS,GA16,GA9,1,50,50,A,50.00,2500.00,OPEN,,AVAIL,N,100
25SLPLUS,GA16,GA8,1,50,50,A,50.00,2500.00,OPEN,,AVAIL,N,100
25SLPLUS,GA16,GA7,1,50,50,A,50.00,2500.00,OPEN,,AVAIL,N,100
25SLPLUS,GA16,GA6,1,50,50,A,50.00,2500.00,OPEN,,AVAIL,N,100
25SLPLUS,GA16,GA5,1,50,50,A,50.00,2500.00,OPEN,,AVAIL,N,100
25SLPLUS,GA16,GA4,1,50,50,A,50.00,2500.00,OPEN,,AVAIL,N,100
25SLPLUS,GA16,GA3,1,50,50,A,50.00,2500.00,OPEN,,AVAIL,N,100
25SLPLUS,GA16,GA2,1,50,50,A,50.00,2500.00,OPEN,,AVAIL,N,100
25SLPLUS,GA16,GA1,3,50,48,A,50.00,2400.00,OPEN,,AVAIL,N,100
25SLPLUS,GA17,GA10,1,50,50,A,50.00,2500.00,OPEN,,AVAIL,N,100
25SLPLUS,GA17,GA9,1,50,50,A,50.00,2500.00,OPEN,,AVAIL,N,100
25SLPLUS,GA17,GA8,1,50,50,A,50.00,2500.00,OPEN,,AVAIL,N,100
25SLPLUS,GA17,GA7,1,50,50,A,50.00,2500.00,OPEN,,AVAIL,N,100
25SLPLUS,GA17,GA6,1,50,50,A,50.00,2500.00,OPEN,,AVAIL,N,100
25SLPLUS,GA17,GA5,1,50,50,A,50.00,2500.00,OPEN,,AVAIL,N,100
25SLPLUS,GA17,GA4,1,50,50,A,50.00,2500.00,OPEN,,AVAIL,N,100
25SLPLUS,GA17,GA3,1,50,50,A,50.00,2500.00,OPEN,,AVAIL,N,100
25SLPLUS,GA17,GA2,1,50,50,A,50.00,2500.00,OPEN,,AVAIL,N,100
25SLPLUS,GA17,GA1,3,50,48,A,50.00,2400.00,OPEN,,AVAIL,N,100
25SLPLUS,GA18,GA10,1,50,50,A,50.00,2500.00,OPEN,,AVAIL,N,100
25SLPLUS,GA18,GA9,1,50,50,A,50.00,2500.00,OPEN,,AVAIL,N,100
25SLPLUS,GA18,GA8,1,50,50,A,50.00,2500.00,OPEN,,AVAIL,N,100
25SLPLUS,GA18,GA7,1,50,50,A,50.00,2500.00,OPEN,,AVAIL,N,100
25SLPLUS,GA18,GA6,1,50,50,A,50.00,2500.00,OPEN,,AVAIL,N,100
25SLPLUS,GA18,GA5,1,50,50,A,50.00,2500.00,OPEN,,AVAIL,N,100
25SLPLUS,GA18,GA4,1,50,50,A,50.00,2500.00,OPEN,,AVAIL,N,100
25SLPLUS,GA18,GA3,1,50,50,A,50.00,2500.00,OPEN,,AVAIL,N,100
25SLPLUS,GA18,GA2,1,50,50,A,50.00,2500.00,OPEN,,AVAIL,N,100
25SLPLUS,GA18,GA1,1,50,50,A,50.00,2500.00,OPEN,,AVAIL,N,100
25SLPLUS,GA19,GA10,1,50,50,A,50.00,2500.00,OPEN,,AVAIL,N,100
25SLPLUS,GA19,GA9,1,50,50,A,50.00,2500.00,OPEN,,AVAIL,N,100
25SLPLUS,GA19,GA8,1,50,50,A,50.00,2500.00,OPEN,,AVAIL,N,100
25SLPLUS,GA19,GA7,1,50,50,A,50.00,2500.00,OPEN,,AVAIL,N,100
25SLPLUS,GA19,GA6,1,50,50,A,50.00,2500.00,OPEN,,AVAIL,N,100
25SLPLUS,GA19,GA5,1,50,50,A,50.00,2500.00,OPEN,,AVAIL,N,100
25SLPLUS,GA19,GA4,1,50,50,A,50.00,2500.00,OPEN,,AVAIL,N,100
25SLPLUS,GA19,GA3,1,50,50,A,50.00,2500.00,OPEN,,AVAIL,N,100
25SLPLUS,GA19,GA2,1,50,50,A,50.00,2500.00,OPEN,,AVAIL,N,100
25SLPLUS,GA19,GA1,1,50,50,A,50.00,2500.00,OPEN,,AVAIL,N,100
25SLPLUS,GA20,GA10,1,50,50,A,50.00,2500.00,OPEN,,AVAIL,N,100
25SLPLUS,GA20,GA9,1,50,50,A,50.00,2500.00,OPEN,,AVAIL,N,100
25SLPLUS,GA20,GA8,1,50,50,A,50.00,2500.00,OPEN,,AVAIL,N,100
25SLPLUS,GA20,GA7,1,50,50,A,50.00,2500.00,OPEN,,AVAIL,N,100
25SLPLUS,GA20,GA6,1,50,50,A,50.00,2500.00,OPEN,,AVAIL,N,100
25SLPLUS,GA20,GA5,1,50,50,A,50.00,2500.00,OPEN,,AVAIL,N,100
25SLPLUS,GA20,GA4,1,50,50,A,50.00,2500.00,OPEN,,AVAIL,N,100
25SLPLUS,GA20,GA3,1,50,50,A,50.00,2500.00,OPEN,,AVAIL,N,100
25SLPLUS,GA20,GA2,1,50,50,A,50.00,2500.00,OPEN,,AVAIL,N,100
25SLPLUS,GA20,GA1,1,50,50,A,50.00,2500.00,OPEN,,AVAIL,N,100
25SLPRO,GA1,GA0,4,50,47,A,89.99,4229.53,DIST-OPEN,,AVAIL,N,10
25SLPRO,GA1,GA1,1,50,50,A,89.99,4499.50,DIST-OPEN,,AVAIL,N,10
25SLVIP,GA1,GA2,10,10,1,A,125.00,125.00,OPEN,,AVAIL,N,100
25SLVIP,GA1,GA2,13,25,13,A,125.00,1625.00,BOX OFFICE HOLD,,AVAIL,N,100
ALBFOOD,GA1,GA9,1,50,50,A,0,0,OPEN,,AVAIL,N,10
ALBFOOD,GA1,GA8,1,50,50,A,0,0,OPEN,,AVAIL,N,10
ALBFOOD,GA1,GA7,1,50,50,A,0,0,OPEN,,AVAIL,N,10
ALBFOOD,GA1,GA6,1,50,50,A,0,0,OPEN,,AVAIL,N,10
ALBFOOD,GA1,GA5,1,50,50,A,0,0,OPEN,,AVAIL,N,10
ALBFOOD,GA1,GA4,1,50,50,A,0,0,OPEN,,AVAIL,N,10
ALBFOOD,GA1,GA3,1,50,50,A,0,0,OPEN,,AVAIL,N,10
ALBFOOD,GA1,GA2,1,50,50,A,0,0,OPEN,,AVAIL,N,10
ALBFOOD,GA1,GA1,1,50,50,A,0,0,OPEN,,AVAIL,N,10
ALBFOOD,GA1,GA0,25,50,26,A,0,0,OPEN,,AVAIL,N,10
ALBFOOD,GA2,GA9,1,50,50,A,0,0,OPEN,,AVAIL,N,10
ALBFOOD,GA2,GA8,1,50,50,A,0,0,OPEN,,AVAIL,N,10
ALBFOOD,GA2,GA7,1,50,50,A,0,0,OPEN,,AVAIL,N,10
ALBFOOD,GA2,GA6,1,50,50,A,0,0,OPEN,,AVAIL,N,10
ALBFOOD,GA2,GA5,1,50,50,A,0,0,OPEN,,AVAIL,N,10
ALBFOOD,GA2,GA4,1,50,50,A,0,0,OPEN,,AVAIL,N,10
ALBFOOD,GA2,GA3,1,50,50,A,0,0,OPEN,,AVAIL,N,10
ALBFOOD,GA2,GA2,1,50,50,A,0,0,OPEN,,AVAIL,N,10
ALBFOOD,GA2,GA1,1,50,50,A,0,0,OPEN,,AVAIL,N,10
ALBFOOD,GA2,GA0,1,50,50,A,0,0,OPEN,,AVAIL,N,10
ALBVIP,GA1,GA1,40,50,11,A,0,0,OPEN,,AVAIL,N,10
ALBVIP,GA1,GA9,1,50,50,A,0,0,OPEN,,AVAIL,N,10
ALBVIP,GA1,GA8,1,50,50,A,0,0,OPEN,,AVAIL,N,10
ALBVIP,GA1,GA7,1,50,50,A,0,0,OPEN,,AVAIL,N,10
ALBVIP,GA1,GA6,1,50,50,A,0,0,OPEN,,AVAIL,N,10
ALBVIP,GA1,GA5,1,50,50,A,0,0,OPEN,,AVAIL,N,10
ALBVIP,GA1,GA4,1,50,50,A,0,0,OPEN,,AVAIL,N,10
ALBVIP,GA1,GA3,1,50,50,A,0,0,OPEN,,AVAIL,N,10
ALBVIP,GA1,GA2,1,50,50,A,0,0,OPEN,,AVAIL,N,10
ALBVIP,GA1,GA0,1,50,50,A,0,0,OPEN,,AVAIL,N,10
ALBVIP,GA2,GA9,1,50,50,A,0,0,OPEN,,AVAIL,N,10
ALBVIP,GA2,GA8,1,50,50,A,0,0,OPEN,,AVAIL,N,10
ALBVIP,GA2,GA7,1,50,50,A,0,0,OPEN,,AVAIL,N,10
ALBVIP,GA2,GA6,1,50,50,A,0,0,OPEN,,AVAIL,N,10
ALBVIP,GA2,GA5,1,50,50,A,0,0,OPEN,,AVAIL,N,10
ALBVIP,GA2,GA4,1,50,50,A,0,0,OPEN,,AVAIL,N,10
ALBVIP,GA2,GA3,1,50,50,A,0,0,OPEN,,AVAIL,N,10
ALBVIP,GA2,GA2,1,50,50,A,0,0,OPEN,,AVAIL,N,10
ALBVIP,GA2,GA1,1,50,50,A,0,0,OPEN,,AVAIL,N,10
ALBVIP,GA2,GA0,1,50,50,A,0,0,OPEN,,AVAIL,N,10
CHARVIP,GA1,GA1,47,50,4,A,0,0,OPEN,,AVAIL,N,10
CHARVIP,GA1,GA9,201,250,50,A,0,0,OPEN,,AVAIL,N,50
CHARVIP,GA1,GA9,151,200,50,A,0,0,OPEN,,AVAIL,N,40
CHARVIP,GA1,GA9,101,150,50,A,0,0,OPEN,,AVAIL,N,30
CHARVIP,GA1,GA9,51,100,50,A,0,0,OPEN,,AVAIL,N,20
CHARVIP,GA1,GA9,1,50,50,A,0,0,OPEN,,AVAIL,N,10
CHARVIP,GA1,GA8,201,250,50,A,0,0,OPEN,,AVAIL,N,50
CHARVIP,GA1,GA8,151,200,50,A,0,0,OPEN,,AVAIL,N,40
CHARVIP,GA1,GA8,101,150,50,A,0,0,OPEN,,AVAIL,N,30
CHARVIP,GA1,GA8,51,100,50,A,0,0,OPEN,,AVAIL,N,20
CHARVIP,GA1,GA8,1,50,50,A,0,0,OPEN,,AVAIL,N,10
CHARVIP,GA1,GA7,201,250,50,A,0,0,OPEN,,AVAIL,N,50
CHARVIP,GA1,GA7,151,200,50,A,0,0,OPEN,,AVAIL,N,40
CHARVIP,GA1,GA7,101,150,50,A,0,0,OPEN,,AVAIL,N,30
CHARVIP,GA1,GA7,51,100,50,A,0,0,OPEN,,AVAIL,N,20
CHARVIP,GA1,GA7,1,50,50,A,0,0,OPEN,,AVAIL,N,10
CHARVIP,GA1,GA6,201,250,50,A,0,0,OPEN,,AVAIL,N,50
CHARVIP,GA1,GA6,151,200,50,A,0,0,OPEN,,AVAIL,N,40
CHARVIP,GA1,GA6,101,150,50,A,0,0,OPEN,,AVAIL,N,30
CHARVIP,GA1,GA6,51,100,50,A,0,0,OPEN,,AVAIL,N,20
CHARVIP,GA1,GA6,1,50,50,A,0,0,OPEN,,AVAIL,N,10
CHARVIP,GA1,GA5,201,250,50,A,0,0,OPEN,,AVAIL,N,50
CHARVIP,GA1,GA5,151,200,50,A,0,0,OPEN,,AVAIL,N,40
CHARVIP,GA1,GA5,101,150,50,A,0,0,OPEN,,AVAIL,N,30
CHARVIP,GA1,GA5,51,100,50,A,0,0,OPEN,,AVAIL,N,20
CHARVIP,GA1,GA5,1,50,50,A,0,0,OPEN,,AVAIL,N,10
CHARVIP,GA1,GA4,201,250,50,A,0,0,OPEN,,AVAIL,N,50
CHARVIP,GA1,GA4,151,200,50,A,0,0,OPEN,,AVAIL,N,40
CHARVIP,GA1,GA4,101,150,50,A,0,0,OPEN,,AVAIL,N,30
CHARVIP,GA1,GA4,51,100,50,A,0,0,OPEN,,AVAIL,N,20
CHARVIP,GA1,GA4,1,50,50,A,0,0,OPEN,,AVAIL,N,10
CHARVIP,GA1,GA3,201,250,50,A,0,0,OPEN,,AVAIL,N,50
CHARVIP,GA1,GA3,151,200,50,A,0,0,OPEN,,AVAIL,N,40
CHARVIP,GA1,GA3,101,150,50,A,0,0,OPEN,,AVAIL,N,30
CHARVIP,GA1,GA3,51,100,50,A,0,0,OPEN,,AVAIL,N,20
CHARVIP,GA1,GA3,1,50,50,A,0,0,OPEN,,AVAIL,N,10
CHARVIP,GA1,GA2,201,250,50,A,0,0,OPEN,,AVAIL,N,50
CHARVIP,GA1,GA2,151,200,50,A,0,0,OPEN,,AVAIL,N,40
CHARVIP,GA1,GA2,101,150,50,A,0,0,OPEN,,AVAIL,N,30
CHARVIP,GA1,GA2,51,100,50,A,0,0,OPEN,,AVAIL,N,20
CHARVIP,GA1,GA2,1,50,50,A,0,0,OPEN,,AVAIL,N,10
CHARVIP,GA1,GA1,201,250,50,A,0,0,OPEN,,AVAIL,N,50
CHARVIP,GA1,GA1,151,200,50,A,0,0,OPEN,,AVAIL,N,40
CHARVIP,GA1,GA1,101,150,50,A,0,0,OPEN,,AVAIL,N,30
CHARVIP,GA1,GA1,51,100,50,A,0,0,OPEN,,AVAIL,N,20
CHARVIP,GA1,GA0,201,250,50,A,0,0,OPEN,,AVAIL,N,50
CHARVIP,GA1,GA0,151,200,50,A,0,0,OPEN,,AVAIL,N,40
CHARVIP,GA1,GA0,101,150,50,A,0,0,OPEN,,AVAIL,N,30
CHARVIP,GA1,GA0,51,100,50,A,0,0,OPEN,,AVAIL,N,20
CHARVIP,GA1,GA0,1,50,50,A,0,0,OPEN,,AVAIL,N,10
CHARVIP1,GA1,GA1,12,12,1,A,0,0,OPEN,,AVAIL,N,10
CHARVIP2,GA1,GA1,12,12,1,A,0,0,OPEN,,AVAIL,N,10
CHARVIP3,GA1,GA1,12,12,1,A,0,0,OPEN,,AVAIL,N,10
D250606,GA2,GA4,1,50,50,A,0,0,OPEN,,AVAIL,N,100
D250607A,GA2,GA4,5,50,46,A,0,0,OPEN,,AVAIL,N,100
D250607A,GA2,GA4,1,1,1,A,0,0,OPEN,,AVAIL,N,100
D250607E,GA2,GA4,1,50,50,A,0,0,OPEN,,AVAIL,N,100
D250613,GA1,GA1,36,50,15,A,0,0,OPEN,,AVAIL,N,100
D250613,GA1,GA5,1,2,2,A,0,0,OPEN,,AVAIL,N,100
D250613,GA1,GA4,1,50,50,A,0,0,OPEN,,AVAIL,N,100
D250614A,GA1,GA1,1,50,50,A,0,0,OPEN,,AVAIL,N,100
D250614A,GA1,GA5,1,2,2,A,0,0,OPEN,,AVAIL,N,100
D250614A,GA1,GA4,1,50,50,A,0,0,OPEN,,AVAIL,N,100
D250614E,GA1,GA1,1,50,50,A,0,0,OPEN,,AVAIL,N,100
D250614E,GA1,GA5,1,2,2,A,0,0,OPEN,,AVAIL,N,100
D250614E,GA1,GA4,1,50,50,A,0,0,OPEN,,AVAIL,N,100
D250621,GA1,GA10,1,50,50,A,0,0,OPEN,,AVAIL,N,100
D250621,GA1,GA9,26,50,25,A,0,0,OPEN,,AVAIL,N,100
D250621,GA2,GA1,1,50,50,A,0,0,OPEN,,AVAIL,N,100
D250622,GA1,GA10,1,50,50,A,0,0,OPEN,,AVAIL,N,100
D250622,GA1,GA9,1,50,50,A,0,0,OPEN,,AVAIL,N,100
D250622,GA2,GA1,1,50,50,A,0,0,OPEN,,AVAIL,N,100
D250627,GA1,GA7,1,45,45,A,0,0,OPEN,,AVAIL,N,100
D250628,GA1,GA7,1,45,45,A,0,0,OPEN,,AVAIL,N,100
D250711,GA1,GA1,26,50,25,A,0,0,OPEN,,AVAIL,N,100
D250711,GA1,GA3,1,50,50,A,0,0,OPEN,,AVAIL,N,100
D250711,GA1,GA2,1,50,50,A,0,0,OPEN,,AVAIL,N,100
D250711,GA1,GA4,1,50,50,A,0,0,OPEN,,AVAIL,N,100
D250712,GA1,GA3,1,50,50,A,0,0,OPEN,,AVAIL,N,100
D250712,GA1,GA2,1,50,50,A,0,0,OPEN,,AVAIL,N,100
D250712,GA1,GA1,26,50,25,A,0,0,OPEN,,AVAIL,N,100
D250712,GA1,GA4,1,50,50,A,0,0,OPEN,,AVAIL,N,100
D250718,GA1,GA2,1,50,50,A,0,0,OPEN,,AVAIL,N,100
D250718,GA1,GA1,1,50,50,A,0,0,OPEN,,AVAIL,N,100
D250718,GA1,GA10,1,50,50,A,0,0,OPEN,,AVAIL,N,100
D250718,GA1,GA9,1,50,50,A,0,0,OPEN,,AVAIL,N,100
D250718,GA1,GA8,1,50,50,A,0,0,OPEN,,AVAIL,N,100
D250718,GA1,GA7,1,50,50,A,0,0,OPEN,,AVAIL,N,100
D250718,GA1,GA6,1,50,50,A,0,0,OPEN,,AVAIL,N,100
D250718,GA1,GA5,1,50,50,A,0,0,OPEN,,AVAIL,N,100
D250718,GA1,GA4,1,50,50,A,0,0,OPEN,,AVAIL,N,100
D250718,GA1,GA3,1,50,50,A,0,0,OPEN,,AVAIL,N,100
D250718,GA2,GA2,1,50,50,A,0,0,OPEN,,AVAIL,N,100
D250718,GA2,GA1,1,50,50,A,0,0,OPEN,,AVAIL,N,100
D250719A,GA1,GA1,21,50,30,A,0,0,OPEN,,AVAIL,N,100
D250719A,GA1,GA10,1,50,50,A,0,0,OPEN,,AVAIL,N,100
D250719A,GA1,GA9,1,50,50,A,0,0,OPEN,,AVAIL,N,100
D250719A,GA1,GA8,1,50,50,A,0,0,OPEN,,AVAIL,N,100
D250719A,GA1,GA7,1,50,50,A,0,0,OPEN,,AVAIL,N,100
D250719A,GA1,GA6,1,50,50,A,0,0,OPEN,,AVAIL,N,100
D250719A,GA1,GA5,1,50,50,A,0,0,OPEN,,AVAIL,N,100
D250719A,GA1,GA4,1,50,50,A,0,0,OPEN,,AVAIL,N,100
D250719A,GA1,GA3,1,50,50,A,0,0,OPEN,,AVAIL,N,100
D250719A,GA1,GA2,1,50,50,A,0,0,OPEN,,AVAIL,N,100
D250719A,GA2,GA2,1,50,50,A,0,0,OPEN,,AVAIL,N,100
D250719A,GA2,GA1,1,50,50,A,0,0,OPEN,,AVAIL,N,100
D250719E,GA1,GA2,1,50,50,A,0,0,OPEN,,AVAIL,N,100
D250719E,GA1,GA1,21,50,30,A,0,0,OPEN,,AVAIL,N,100
D250719E,GA1,GA10,1,50,50,A,0,0,OPEN,,AVAIL,N,100
D250719E,GA1,GA9,1,50,50,A,0,0,OPEN,,AVAIL,N,100
D250719E,GA1,GA8,1,50,50,A,0,0,OPEN,,AVAIL,N,100
D250719E,GA1,GA7,1,50,50,A,0,0,OPEN,,AVAIL,N,100
D250719E,GA1,GA6,1,50,50,A,0,0,OPEN,,AVAIL,N,100
D250719E,GA1,GA5,1,50,50,A,0,0,OPEN,,AVAIL,N,100
D250719E,GA1,GA4,1,50,50,A,0,0,OPEN,,AVAIL,N,100
D250719E,GA1,GA3,1,50,50,A,0,0,OPEN,,AVAIL,N,100
D250719E,GA2,GA2,1,50,50,A,0,0,OPEN,,AVAIL,N,100
D250719E,GA2,GA1,1,50,50,A,0,0,OPEN,,AVAIL,N,100
D250725,GA1,GA1,1,50,50,A,0,0,OPEN,,AVAIL,N,100
D250726,GA1,GA1,1,50,50,A,0,0,OPEN,,AVAIL,N,100
D250801,GA1,GA1,1,50,50,A,0,0,OPEN,,AVAIL,N,100
D250802A,GA1,GA1,1,50,50,A,0,0,OPEN,,AVAIL,N,100
D250802E,GA1,GA1,26,50,25,A,0,0,OPEN,,AVAIL,N,100
D250808,GA1,GA1,26,50,25,A,0,0,OPEN,,AVAIL,N,100
D250809A,GA1,GA1,1,50,50,A,0,0,OPEN,,AVAIL,N,100
D250809E,GA1,GA1,1,50,50,A,0,0,OPEN,,AVAIL,N,100
D250823,GA1,GA10,1,50,50,A,0,0,OPEN,,AVAIL,N,100
D250823,GA1,GA9,1,50,50,A,0,0,OPEN,,AVAIL,N,100
D250823,GA1,GA8,1,50,50,A,0,0,OPEN,,AVAIL,N,100
D250823,GA1,GA7,1,50,50,A,0,0,OPEN,,AVAIL,N,100
D250823,GA1,GA6,1,50,50,A,0,0,OPEN,,AVAIL,N,100
D250823,GA1,GA5,1,50,50,A,0,0,OPEN,,AVAIL,N,100
D250823,GA1,GA4,1,50,50,A,0,0,OPEN,,AVAIL,N,100
D250823,GA1,GA3,1,50,50,A,0,0,OPEN,,AVAIL,N,100
D250823,GA1,GA2,1,50,50,A,0,0,OPEN,,AVAIL,N,100
D250823,GA1,GA1,26,50,25,A,0,0,OPEN,,AVAIL,N,100
D250823,GA2,GA10,1,50,50,A,0,0,OPEN,,AVAIL,N,100
D250823,GA2,GA9,1,50,50,A,0,0,OPEN,,AVAIL,N,100
D250823,GA2,GA8,1,50,50,A,0,0,OPEN,,AVAIL,N,100
D250823,GA2,GA7,1,50,50,A,0,0,OPEN,,AVAIL,N,100
D250823,GA2,GA3,1,50,50,A,0,0,OPEN,,AVAIL,N,100
D250823,GA2,GA2,1,50,50,A,0,0,OPEN,,AVAIL,N,100
D250823,GA2,GA1,1,50,50,A,0,0,OPEN,,AVAIL,N,100
D250823,GA2,GA6,1,50,50,A,0,0,OPEN,,AVAIL,N,100
D250823,GA2,GA5,1,50,50,A,0,0,OPEN,,AVAIL,N,100
D250823,GA2,GA4,1,50,50,A,0,0,OPEN,,AVAIL,N,100
D250823,GA3,GA1,1,50,50,A,0,0,OPEN,,AVAIL,N,100
D250901,GA1,GA10,1,50,50,A,0,0,OPEN,,AVAIL,N,100
D250901,GA1,GA9,1,50,50,A,0,0,OPEN,,AVAIL,N,100
D250901,GA1,GA8,1,50,50,A,0,0,OPEN,,AVAIL,N,100
D250901,GA1,GA7,1,50,50,A,0,0,OPEN,,AVAIL,N,100
D250901,GA1,GA6,1,50,50,A,0,0,OPEN,,AVAIL,N,100
D250901,GA1,GA5,1,50,50,A,0,0,OPEN,,AVAIL,N,100
D250901,GA1,GA4,1,50,50,A,0,0,OPEN,,AVAIL,N,100
D250901,GA1,GA1,1,25,25,A,0,0,OPEN,,AVAIL,N,100
D250901,GA1,GA3,1,50,50,A,0,0,OPEN,,AVAIL,N,100
D250901,GA1,GA2,1,50,50,A,0,0,OPEN,,AVAIL,N,100
D250901,GA2,GA10,1,50,50,A,0,0,OPEN,,AVAIL,N,100
D250901,GA2,GA9,1,50,50,A,0,0,OPEN,,AVAIL,N,100
D250901,GA2,GA8,1,50,50,A,0,0,OPEN,,AVAIL,N,100
D250901,GA2,GA7,1,50,50,A,0,0,OPEN,,AVAIL,N,100
D250901,GA2,GA3,1,50,50,A,0,0,OPEN,,AVAIL,N,100
D250901,GA2,GA2,1,50,50,A,0,0,OPEN,,AVAIL,N,100
D250901,GA2,GA1,1,50,50,A,0,0,OPEN,,AVAIL,N,100
D250901,GA2,GA6,1,50,50,A,0,0,OPEN,,AVAIL,N,100
D250901,GA2,GA5,1,50,50,A,0,0,OPEN,,AVAIL,N,100
D250901,GA2,GA4,1,50,50,A,0,0,OPEN,,AVAIL,N,100
D250901,GA3,GA1,1,50,50,A,0,0,OPEN,,AVAIL,N,100
D250914,GA1,GA10,1,50,50,A,0,0,OPEN,,AVAIL,N,100
D250914,GA1,GA9,1,50,50,A,0,0,OPEN,,AVAIL,N,100
D250914,GA1,GA8,1,50,50,A,0,0,OPEN,,AVAIL,N,100
D250914,GA1,GA7,1,50,50,A,0,0,OPEN,,AVAIL,N,100
D250914,GA1,GA6,1,50,50,A,0,0,OPEN,,AVAIL,N,100
D250914,GA1,GA5,1,50,50,A,0,0,OPEN,,AVAIL,N,100
D250914,GA1,GA4,1,50,50,A,0,0,OPEN,,AVAIL,N,100
D250914,GA1,GA3,1,50,50,A,0,0,OPEN,,AVAIL,N,100
D250914,GA1,GA2,1,50,50,A,0,0,OPEN,,AVAIL,N,100
D250914,GA1,GA1,1,50,50,A,0,0,OPEN,,AVAIL,N,100
D250914,GA2,GA10,1,50,50,A,0,0,OPEN,,AVAIL,N,100
D250914,GA2,GA9,1,50,50,A,0,0,OPEN,,AVAIL,N,100
D250914,GA2,GA8,1,50,50,A,0,0,OPEN,,AVAIL,N,100
D250914,GA2,GA7,1,50,50,A,0,0,OPEN,,AVAIL,N,100
D250914,GA2,GA6,1,50,50,A,0,0,OPEN,,AVAIL,N,100
D250914,GA2,GA3,1,50,50,A,0,0,OPEN,,AVAIL,N,100
D250914,GA2,GA2,1,50,50,A,0,0,OPEN,,AVAIL,N,100
D250914,GA2,GA1,1,50,50,A,0,0,OPEN,,AVAIL,N,100
D250914,GA2,GA5,1,50,50,A,0,0,OPEN,,AVAIL,N,100
D250914,GA2,GA4,1,50,50,A,0,0,OPEN,,AVAIL,N,100
D250914,GA3,GA1,1,50,50,A,0,0,OPEN,,AVAIL,N,100
D25ALB,GA2,GA10,46,50,5,A,0,0,OPEN,,AVAIL,N,100
D25ALB,GA2,GA9,46,50,5,A,0,0,OPEN,,AVAIL,N,100
D25ALB,GA3,GA1,46,50,5,A,0,0,OPEN,,AVAIL,N,100
D25ALL,GA3,GA10,1,50,50,A,0,0,OPEN,,AVAIL,N,100
D25ALL,GA3,GA9,1,50,50,A,0,0,OPEN,,AVAIL,N,100
D25ALL,GA3,GA8,1,50,50,A,0,0,OPEN,,AVAIL,N,100
D25ALL,GA3,GA7,1,50,50,A,0,0,OPEN,,AVAIL,N,100
D25ALL,GA3,GA6,1,50,50,A,0,0,OPEN,,AVAIL,N,100
D25ALL,GA3,GA5,1,50,50,A,0,0,OPEN,,AVAIL,N,100
D25ALL,GA3,GA4,1,50,50,A,0,0,OPEN,,AVAIL,N,100
D25ALL,GA3,GA3,1,50,50,A,0,0,OPEN,,AVAIL,N,100
D25ALL,GA3,GA2,1,50,50,A,0,0,OPEN,,AVAIL,N,100
D25ALL,GA4,GA10,1,50,50,A,0,0,OPEN,,AVAIL,N,100
D25ALL,GA4,GA9,1,50,50,A,0,0,OPEN,,AVAIL,N,100
D25ALL,GA4,GA8,1,50,50,A,0,0,OPEN,,AVAIL,N,100
D25ALL,GA4,GA7,1,50,50,A,0,0,OPEN,,AVAIL,N,100
D25ALL,GA4,GA6,1,50,50,A,0,0,OPEN,,AVAIL,N,100
D25ALL,GA4,GA5,1,50,50,A,0,0,OPEN,,AVAIL,N,100
D25ALL,GA4,GA4,1,50,50,A,0,0,OPEN,,AVAIL,N,100
D25ALL,GA4,GA3,1,50,50,A,0,0,OPEN,,AVAIL,N,100
D25ALL,GA4,GA2,1,50,50,A,0,0,OPEN,,AVAIL,N,100
D25ALL,GA4,GA1,1,50,50,A,0,0,OPEN,,AVAIL,N,100
D25ALL,GA5,GA10,1,50,50,A,0,0,OPEN,,AVAIL,N,100
D25ALL,GA5,GA9,1,50,50,A,0,0,OPEN,,AVAIL,N,100
D25ALL,GA5,GA8,1,50,50,A,0,0,OPEN,,AVAIL,N,100
D25ALL,GA5,GA7,1,50,50,A,0,0,OPEN,,AVAIL,N,100
D25ALL,GA5,GA6,1,50,50,A,0,0,OPEN,,AVAIL,N,100
D25ALL,GA5,GA5,1,50,50,A,0,0,OPEN,,AVAIL,N,100
D25ALL,GA5,GA4,1,50,50,A,0,0,OPEN,,AVAIL,N,100
D25ALL,GA5,GA3,1,50,50,A,0,0,OPEN,,AVAIL,N,100
D25ALL,GA5,GA2,1,50,50,A,0,0,OPEN,,AVAIL,N,100
D25ALL,GA5,GA1,1,50,50,A,0,0,OPEN,,AVAIL,N,100
D25ALL,GA6,GA10,1,50,50,A,0,0,OPEN,,AVAIL,N,100
D25ALL,GA6,GA9,1,50,50,A,0,0,OPEN,,AVAIL,N,100
D25ALL,GA6,GA8,1,50,50,A,0,0,OPEN,,AVAIL,N,100
D25ALL,GA6,GA7,1,50,50,A,0,0,OPEN,,AVAIL,N,100
D25ALL,GA6,GA6,1,50,50,A,0,0,OPEN,,AVAIL,N,100
D25ALL,GA6,GA5,1,50,50,A,0,0,OPEN,,AVAIL,N,100
D25ALL,GA6,GA4,1,50,50,A,0,0,OPEN,,AVAIL,N,100
D25ALL,GA6,GA3,1,50,50,A,0,0,OPEN,,AVAIL,N,100
D25ALL,GA6,GA2,1,50,50,A,0,0,OPEN,,AVAIL,N,100
D25ALL,GA6,GA1,1,50,50,A,0,0,OPEN,,AVAIL,N,100
D25ALL,GA7,GA10,1,50,50,A,0,0,OPEN,,AVAIL,N,100
D25ALL,GA7,GA9,1,50,50,A,0,0,OPEN,,AVAIL,N,100
D25ALL,GA7,GA8,1,50,50,A,0,0,OPEN,,AVAIL,N,100
D25ALL,GA7,GA7,1,50,50,A,0,0,OPEN,,AVAIL,N,100
D25ALL,GA7,GA6,1,50,50,A,0,0,OPEN,,AVAIL,N,100
D25ALL,GA7,GA5,1,50,50,A,0,0,OPEN,,AVAIL,N,100
D25ALL,GA7,GA4,1,50,50,A,0,0,OPEN,,AVAIL,N,100
D25ALL,GA7,GA3,1,50,50,A,0,0,OPEN,,AVAIL,N,100
D25ALL,GA7,GA2,1,50,50,A,0,0,OPEN,,AVAIL,N,100
D25ALL,GA7,GA1,1,50,50,A,0,0,OPEN,,AVAIL,N,100
D25ALL,GA8,GA10,1,50,50,A,0,0,OPEN,,AVAIL,N,100
D25ALL,GA8,GA9,1,50,50,A,0,0,OPEN,,AVAIL,N,100
D25ALL,GA8,GA8,1,50,50,A,0,0,OPEN,,AVAIL,N,100
D25ALL,GA8,GA7,1,50,50,A,0,0,OPEN,,AVAIL,N,100
D25ALL,GA8,GA6,1,50,50,A,0,0,OPEN,,AVAIL,N,100
D25ALL,GA8,GA5,1,50,50,A,0,0,OPEN,,AVAIL,N,100
D25ALL,GA8,GA4,1,50,50,A,0,0,OPEN,,AVAIL,N,100
D25ALL,GA8,GA3,1,50,50,A,0,0,OPEN,,AVAIL,N,100
D25ALL,GA8,GA2,1,50,50,A,0,0,OPEN,,AVAIL,N,100
D25ALL,GA8,GA1,1,50,50,A,0,0,OPEN,,AVAIL,N,100
D25ALL,GA9,GA10,1,50,50,A,0,0,OPEN,,AVAIL,N,100
D25ALL,GA9,GA9,1,50,50,A,0,0,OPEN,,AVAIL,N,100
D25ALL,GA9,GA8,1,50,50,A,0,0,OPEN,,AVAIL,N,100
D25ALL,GA9,GA7,1,50,50,A,0,0,OPEN,,AVAIL,N,100
D25ALL,GA9,GA6,1,50,50,A,0,0,OPEN,,AVAIL,N,100
D25ALL,GA9,GA5,1,50,50,A,0,0,OPEN,,AVAIL,N,100
D25ALL,GA9,GA4,1,50,50,A,0,0,OPEN,,AVAIL,N,100
D25ALL,GA9,GA3,1,50,50,A,0,0,OPEN,,AVAIL,N,100
D25ALL,GA9,GA2,1,50,50,A,0,0,OPEN,,AVAIL,N,100
D25ALL,GA9,GA1,1,50,50,A,0,0,OPEN,,AVAIL,N,100
D25ALL,GA10,GA10,1,50,50,A,0,0,OPEN,,AVAIL,N,100
D25ALL,GA10,GA9,1,50,50,A,0,0,OPEN,,AVAIL,N,100
D25ALL,GA10,GA8,1,50,50,A,0,0,OPEN,,AVAIL,N,100
D25ALL,GA10,GA7,1,50,50,A,0,0,OPEN,,AVAIL,N,100
D25ALL,GA10,GA6,1,50,50,A,0,0,OPEN,,AVAIL,N,100
D25ALL,GA10,GA5,1,50,50,A,0,0,OPEN,,AVAIL,N,100
D25ALL,GA10,GA4,1,50,50,A,0,0,OPEN,,AVAIL,N,100
D25ALL,GA10,GA3,1,50,50,A,0,0,OPEN,,AVAIL,N,100
D25ALL,GA10,GA2,1,50,50,A,0,0,OPEN,,AVAIL,N,100
D25ALL,GA10,GA1,1,50,50,A,0,0,OPEN,,AVAIL,N,100
D25ALL,GA11,GA10,1,50,50,A,0,0,OPEN,,AVAIL,N,100
D25ALL,GA11,GA9,1,50,50,A,0,0,OPEN,,AVAIL,N,100
D25ALL,GA11,GA8,1,50,50,A,0,0,OPEN,,AVAIL,N,100
D25ALL,GA11,GA7,1,50,50,A,0,0,OPEN,,AVAIL,N,100
D25ALL,GA11,GA6,1,50,50,A,0,0,OPEN,,AVAIL,N,100
D25ALL,GA11,GA5,1,50,50,A,0,0,OPEN,,AVAIL,N,100
D25ALL,GA11,GA4,1,50,50,A,0,0,OPEN,,AVAIL,N,100
D25ALL,GA11,GA3,1,50,50,A,0,0,OPEN,,AVAIL,N,100
D25ALL,GA11,GA2,1,50,50,A,0,0,OPEN,,AVAIL,N,100
D25ALL,GA11,GA1,1,50,50,A,0,0,OPEN,,AVAIL,N,100
D25ALL,GA12,GA10,1,50,50,A,0,0,OPEN,,AVAIL,N,100
D25ALL,GA12,GA9,1,50,50,A,0,0,OPEN,,AVAIL,N,100
D25ALL,GA12,GA8,1,50,50,A,0,0,OPEN,,AVAIL,N,100
D25ALL,GA12,GA7,1,50,50,A,0,0,OPEN,,AVAIL,N,100
D25ALL,GA12,GA6,1,50,50,A,0,0,OPEN,,AVAIL,N,100
D25ALL,GA12,GA5,1,50,50,A,0,0,OPEN,,AVAIL,N,100
D25ALL,GA12,GA4,1,50,50,A,0,0,OPEN,,AVAIL,N,100
D25ALL,GA12,GA3,1,50,50,A,0,0,OPEN,,AVAIL,N,100
D25ALL,GA12,GA2,1,50,50,A,0,0,OPEN,,AVAIL,N,100
D25ALL,GA12,GA1,1,50,50,A,0,0,OPEN,,AVAIL,N,100
D25ALL,GA13,GA10,1,50,50,A,0,0,OPEN,,AVAIL,N,100
D25ALL,GA13,GA9,1,50,50,A,0,0,OPEN,,AVAIL,N,100
D25ALL,GA13,GA8,1,50,50,A,0,0,OPEN,,AVAIL,N,100
D25ALL,GA13,GA7,1,50,50,A,0,0,OPEN,,AVAIL,N,100
D25ALL,GA13,GA6,1,50,50,A,0,0,OPEN,,AVAIL,N,100
D25ALL,GA13,GA5,1,50,50,A,0,0,OPEN,,AVAIL,N,100
D25ALL,GA13,GA4,1,50,50,A,0,0,OPEN,,AVAIL,N,100
D25ALL,GA13,GA3,1,50,50,A,0,0,OPEN,,AVAIL,N,100
D25ALL,GA13,GA2,1,50,50,A,0,0,OPEN,,AVAIL,N,100
D25ALL,GA13,GA1,1,50,50,A,0,0,OPEN,,AVAIL,N,100
D25ALL,GA14,GA10,1,50,50,A,0,0,OPEN,,AVAIL,N,100
D25ALL,GA14,GA9,1,50,50,A,0,0,OPEN,,AVAIL,N,100
D25ALL,GA14,GA8,1,50,50,A,0,0,OPEN,,AVAIL,N,100
D25ALL,GA14,GA7,1,50,50,A,0,0,OPEN,,AVAIL,N,100
D25ALL,GA14,GA6,1,50,50,A,0,0,OPEN,,AVAIL,N,100
D25ALL,GA14,GA5,1,50,50,A,0,0,OPEN,,AVAIL,N,100
D25ALL,GA14,GA4,1,50,50,A,0,0,OPEN,,AVAIL,N,100
D25ALL,GA14,GA3,1,50,50,A,0,0,OPEN,,AVAIL,N,100
D25ALL,GA14,GA2,1,50,50,A,0,0,OPEN,,AVAIL,N,100
D25ALL,GA14,GA1,1,50,50,A,0,0,OPEN,,AVAIL,N,100
D25ALL,GA15,GA10,1,50,50,A,0,0,OPEN,,AVAIL,N,100
D25ALL,GA15,GA9,1,50,50,A,0,0,OPEN,,AVAIL,N,100
D25ALL,GA15,GA8,1,50,50,A,0,0,OPEN,,AVAIL,N,100
D25ALL,GA15,GA7,1,50,50,A,0,0,OPEN,,AVAIL,N,100
D25ALL,GA15,GA6,1,50,50,A,0,0,OPEN,,AVAIL,N,100
D25ALL,GA15,GA5,1,50,50,A,0,0,OPEN,,AVAIL,N,100
D25ALL,GA15,GA4,1,50,50,A,0,0,OPEN,,AVAIL,N,100
D25ALL,GA15,GA3,1,50,50,A,0,0,OPEN,,AVAIL,N,100
D25ALL,GA15,GA2,1,50,50,A,0,0,OPEN,,AVAIL,N,100
D25ALL,GA15,GA1,1,50,50,A,0,0,OPEN,,AVAIL,N,100
D25ALL,GA16,GA10,1,50,50,A,0,0,OPEN,,AVAIL,N,100
D25ALL,GA16,GA9,1,50,50,A,0,0,OPEN,,AVAIL,N,100
D25ALL,GA16,GA8,1,50,50,A,0,0,OPEN,,AVAIL,N,100
D25ALL,GA16,GA7,1,50,50,A,0,0,OPEN,,AVAIL,N,100
D25ALL,GA16,GA6,1,50,50,A,0,0,OPEN,,AVAIL,N,100
D25ALL,GA16,GA5,1,50,50,A,0,0,OPEN,,AVAIL,N,100
D25ALL,GA16,GA4,1,50,50,A,0,0,OPEN,,AVAIL,N,100
D25ALL,GA16,GA3,1,50,50,A,0,0,OPEN,,AVAIL,N,100
D25ALL,GA16,GA2,1,50,50,A,0,0,OPEN,,AVAIL,N,100
D25ALL,GA16,GA1,1,50,50,A,0,0,OPEN,,AVAIL,N,100
D25ALL,GA17,GA10,1,50,50,A,0,0,OPEN,,AVAIL,N,100
D25ALL,GA17,GA9,1,50,50,A,0,0,OPEN,,AVAIL,N,100
D25ALL,GA17,GA8,1,50,50,A,0,0,OPEN,,AVAIL,N,100
D25ALL,GA17,GA7,1,50,50,A,0,0,OPEN,,AVAIL,N,100
D25ALL,GA17,GA6,1,50,50,A,0,0,OPEN,,AVAIL,N,100
D25ALL,GA17,GA5,1,50,50,A,0,0,OPEN,,AVAIL,N,100
D25ALL,GA17,GA4,1,50,50,A,0,0,OPEN,,AVAIL,N,100
D25ALL,GA17,GA3,1,50,50,A,0,0,OPEN,,AVAIL,N,100
D25ALL,GA17,GA2,1,50,50,A,0,0,OPEN,,AVAIL,N,100
D25ALL,GA17,GA1,1,50,50,A,0,0,OPEN,,AVAIL,N,100
D25ALL,GA18,GA10,1,50,50,A,0,0,OPEN,,AVAIL,N,100
D25ALL,GA18,GA9,1,50,50,A,0,0,OPEN,,AVAIL,N,100
D25ALL,GA18,GA8,1,50,50,A,0,0,OPEN,,AVAIL,N,100
D25ALL,GA18,GA7,1,50,50,A,0,0,OPEN,,AVAIL,N,100
D25ALL,GA18,GA6,1,50,50,A,0,0,OPEN,,AVAIL,N,100
D25ALL,GA18,GA5,1,50,50,A,0,0,OPEN,,AVAIL,N,100
D25ALL,GA18,GA4,1,50,50,A,0,0,OPEN,,AVAIL,N,100
D25ALL,GA18,GA3,1,50,50,A,0,0,OPEN,,AVAIL,N,100
D25ALL,GA18,GA2,1,50,50,A,0,0,OPEN,,AVAIL,N,100
D25ALL,GA18,GA1,1,50,50,A,0,0,OPEN,,AVAIL,N,100
D25ALL,GA19,GA10,1,50,50,A,0,0,OPEN,,AVAIL,N,100
D25ALL,GA19,GA9,1,50,50,A,0,0,OPEN,,AVAIL,N,100
D25ALL,GA19,GA8,1,50,50,A,0,0,OPEN,,AVAIL,N,100
D25ALL,GA19,GA7,1,50,50,A,0,0,OPEN,,AVAIL,N,100
D25ALL,GA19,GA6,1,50,50,A,0,0,OPEN,,AVAIL,N,100
D25ALL,GA19,GA5,1,50,50,A,0,0,OPEN,,AVAIL,N,100
D25ALL,GA19,GA4,1,50,50,A,0,0,OPEN,,AVAIL,N,100
D25ALL,GA19,GA3,1,50,50,A,0,0,OPEN,,AVAIL,N,100
D25ALL,GA19,GA2,1,50,50,A,0,0,OPEN,,AVAIL,N,100
D25ALL,GA19,GA1,1,50,50,A,0,0,OPEN,,AVAIL,N,100
D25ALL,GA20,GA10,1,50,50,A,0,0,OPEN,,AVAIL,N,100
D25ALL,GA20,GA9,1,50,50,A,0,0,OPEN,,AVAIL,N,100
D25ALL,GA20,GA8,1,50,50,A,0,0,OPEN,,AVAIL,N,100
D25ALL,GA20,GA7,1,50,50,A,0,0,OPEN,,AVAIL,N,100
D25ALL,GA20,GA6,1,50,50,A,0,0,OPEN,,AVAIL,N,100
D25ALL,GA20,GA5,1,50,50,A,0,0,OPEN,,AVAIL,N,100
D25ALL,GA20,GA4,1,50,50,A,0,0,OPEN,,AVAIL,N,100
D25ALL,GA20,GA3,1,50,50,A,0,0,OPEN,,AVAIL,N,100
D25ALL,GA20,GA2,1,50,50,A,0,0,OPEN,,AVAIL,N,100
D25ALL,GA20,GA1,1,50,50,A,0,0,OPEN,,AVAIL,N,100
D25ASG,GA1,GA10,1,50,50,A,0,0,OPEN,,AVAIL,N,100
D25ASG,GA1,GA9,1,50,50,A,0,0,OPEN,,AVAIL,N,100
D25ASG,GA1,GA8,1,50,50,A,0,0,OPEN,,AVAIL,N,100
D25ASG,GA1,GA7,1,50,50,A,0,0,OPEN,,AVAIL,N,100
D25ASG,GA1,GA6,1,50,50,A,0,0,OPEN,,AVAIL,N,100
D25ASG,GA1,GA5,1,50,50,A,0,0,OPEN,,AVAIL,N,100
D25ASG,GA1,GA4,1,50,50,A,0,0,OPEN,,AVAIL,N,100
D25ASG,GA1,GA3,1,50,50,A,0,0,OPEN,,AVAIL,N,100
D25ASG,GA1,GA2,1,50,50,A,0,0,OPEN,,AVAIL,N,100
D25ASG,GA1,GA1,1,50,50,A,0,0,OPEN,,AVAIL,N,100
D25ASG,GA2,GA10,1,50,50,A,0,0,OPEN,,AVAIL,N,100
D25ASG,GA2,GA9,1,50,50,A,0,0,OPEN,,AVAIL,N,100
D25ASG,GA2,GA8,1,50,50,A,0,0,OPEN,,AVAIL,N,100
D25ASG,GA2,GA7,1,50,50,A,0,0,OPEN,,AVAIL,N,100
D25ASG,GA2,GA6,1,50,50,A,0,0,OPEN,,AVAIL,N,100
D25ASG,GA2,GA3,1,50,50,A,0,0,OPEN,,AVAIL,N,100
D25ASG,GA2,GA2,1,50,50,A,0,0,OPEN,,AVAIL,N,100
D25ASG,GA2,GA1,1,50,50,A,0,0,OPEN,,AVAIL,N,100
D25ASG,GA2,GA5,1,50,50,A,0,0,OPEN,,AVAIL,N,100
D25ASG,GA2,GA4,1,50,50,A,0,0,OPEN,,AVAIL,N,100
D25ASG,GA3,GA1,1,50,50,A,0,0,OPEN,,AVAIL,N,100
D25BAL,GA1,GA3,22,50,29,A,0,0,OPEN,,AVAIL,N,100
D25BAL,GA2,GA10,1,50,50,A,0,0,OPEN,,AVAIL,N,100
D25BAL,GA2,GA9,1,50,50,A,0,0,OPEN,,AVAIL,N,100
D25BAL,GA2,GA8,1,50,50,A,0,0,OPEN,,AVAIL,N,100
D25BAL,GA2,GA7,1,50,50,A,0,0,OPEN,,AVAIL,N,100
D25BAL,GA2,GA6,1,50,50,A,0,0,OPEN,,AVAIL,N,100
D25BAL,GA2,GA3,1,50,50,A,0,0,OPEN,,AVAIL,N,100
D25BAL,GA2,GA2,1,50,50,A,0,0,OPEN,,AVAIL,N,100
D25BAL,GA2,GA5,1,50,50,A,0,0,OPEN,,AVAIL,N,100
D25BAL,GA2,GA4,1,50,50,A,0,0,OPEN,,AVAIL,N,100
D25BAL,GA3,GA1,1,50,50,A,0,0,OPEN,,AVAIL,N,100
D25BOS,GA1,GA10,1,50,50,A,0,0,OPEN,,AVAIL,N,100
D25BOS,GA1,GA9,1,50,50,A,0,0,OPEN,,AVAIL,N,100
D25BOS,GA1,GA8,1,50,50,A,0,0,OPEN,,AVAIL,N,100
D25BOS,GA1,GA7,1,50,50,A,0,0,OPEN,,AVAIL,N,100
D25BOS,GA1,GA6,1,50,50,A,0,0,OPEN,,AVAIL,N,100
D25BOS,GA1,GA5,1,50,50,A,0,0,OPEN,,AVAIL,N,100
D25BOS,GA1,GA4,1,50,50,A,0,0,OPEN,,AVAIL,N,100
D25BOS,GA1,GA3,1,50,50,A,0,0,OPEN,,AVAIL,N,100
D25BOS,GA1,GA2,1,50,50,A,0,0,OPEN,,AVAIL,N,100
D25BOS,GA2,GA10,1,50,50,A,0,0,OPEN,,AVAIL,N,100
D25BOS,GA2,GA9,1,50,50,A,0,0,OPEN,,AVAIL,N,100
D25BOS,GA2,GA8,1,50,50,A,0,0,OPEN,,AVAIL,N,100
D25BOS,GA2,GA7,1,50,50,A,0,0,OPEN,,AVAIL,N,100
D25BOS,GA2,GA6,1,50,50,A,0,0,OPEN,,AVAIL,N,100
D25BOS,GA2,GA2,1,50,50,A,0,0,OPEN,,AVAIL,N,100
D25BOS,GA2,GA1,1,50,50,A,0,0,OPEN,,AVAIL,N,100
D25BOS,GA2,GA5,1,50,50,A,0,0,OPEN,,AVAIL,N,100
D25BOS,GA2,GA4,1,50,50,A,0,0,OPEN,,AVAIL,N,100
D25BOS,GA2,GA3,1,50,50,A,0,0,OPEN,,AVAIL,N,100
D25BOS,GA3,GA1,1,50,50,A,0,0,OPEN,,AVAIL,N,100
D25CHA,GA1,GA10,1,50,50,A,0,0,OPEN,,AVAIL,N,100
D25CHA,GA1,GA9,1,50,50,A,0,0,OPEN,,AVAIL,N,100
D25CHA,GA1,GA8,1,50,50,A,0,0,OPEN,,AVAIL,N,100
D25CHA,GA1,GA7,1,50,50,A,0,0,OPEN,,AVAIL,N,100
D25CHA,GA1,GA6,1,50,50,A,0,0,OPEN,,AVAIL,N,100
D25CHA,GA1,GA5,1,50,50,A,0,0,OPEN,,AVAIL,N,100
D25CHA,GA1,GA4,1,50,50,A,0,0,OPEN,,AVAIL,N,100
D25CHA,GA1,GA3,1,50,50,A,0,0,OPEN,,AVAIL,N,100
D25CHA,GA1,GA2,1,50,50,A,0,0,OPEN,,AVAIL,N,100
D25CHA,GA1,GA1,1,50,50,A,0,0,OPEN,,AVAIL,N,100
D25CHA,GA2,GA10,1,50,50,A,0,0,OPEN,,AVAIL,N,100
D25CHA,GA2,GA9,1,50,50,A,0,0,OPEN,,AVAIL,N,100
D25CHA,GA2,GA8,1,50,50,A,0,0,OPEN,,AVAIL,N,100
D25CHA,GA2,GA7,1,50,50,A,0,0,OPEN,,AVAIL,N,100
D25CHA,GA2,GA6,1,50,50,A,0,0,OPEN,,AVAIL,N,100
D25CHA,GA2,GA3,1,50,50,A,0,0,OPEN,,AVAIL,N,100
D25CHA,GA2,GA2,1,50,50,A,0,0,OPEN,,AVAIL,N,100
D25CHA,GA2,GA1,1,50,50,A,0,0,OPEN,,AVAIL,N,100
D25CHA,GA2,GA5,1,50,50,A,0,0,OPEN,,AVAIL,N,100
D25CHA,GA3,GA1,1,50,50,A,0,0,OPEN,,AVAIL,N,100
D25CHI,GA1,GA10,1,50,50,A,0,0,OPEN,,AVAIL,N,100
D25CHI,GA1,GA9,1,50,50,A,0,0,OPEN,,AVAIL,N,100
D25CHI,GA1,GA8,1,50,50,A,0,0,OPEN,,AVAIL,N,100
D25CHI,GA1,GA7,1,50,50,A,0,0,OPEN,,AVAIL,N,100
D25CHI,GA1,GA6,1,50,50,A,0,0,OPEN,,AVAIL,N,100
D25CHI,GA1,GA5,1,50,50,A,0,0,OPEN,,AVAIL,N,100
D25CHI,GA2,GA10,1,50,50,A,0,0,OPEN,,AVAIL,N,100
D25CHI,GA2,GA9,1,50,50,A,0,0,OPEN,,AVAIL,N,100
D25CHI,GA2,GA8,1,50,50,A,0,0,OPEN,,AVAIL,N,100
D25CHI,GA2,GA7,1,50,50,A,0,0,OPEN,,AVAIL,N,100
D25CHI,GA2,GA6,1,50,50,A,0,0,OPEN,,AVAIL,N,100
D25CHI,GA2,GA2,1,50,50,A,0,0,OPEN,,AVAIL,N,100
D25CHI,GA2,GA1,1,50,50,A,0,0,OPEN,,AVAIL,N,100
D25CHI,GA2,GA5,1,50,50,A,0,0,OPEN,,AVAIL,N,100
D25CHI,GA2,GA4,1,50,50,A,0,0,OPEN,,AVAIL,N,100
D25CHI,GA2,GA3,1,50,50,A,0,0,OPEN,,AVAIL,N,100
D25CHI,GA3,GA1,1,50,50,A,0,0,OPEN,,AVAIL,N,100
D25DEN,GA1,GA10,1,50,50,A,0,0,OPEN,,AVAIL,N,100
D25DEN,GA1,GA9,1,50,50,A,0,0,OPEN,,AVAIL,N,100
D25DEN,GA1,GA8,1,50,50,A,0,0,OPEN,,AVAIL,N,100
D25DEN,GA1,GA7,1,50,50,A,0,0,OPEN,,AVAIL,N,100
D25DEN,GA1,GA6,1,50,50,A,0,0,OPEN,,AVAIL,N,100
D25DEN,GA1,GA5,1,50,50,A,0,0,OPEN,,AVAIL,N,100
D25DEN,GA1,GA4,1,50,50,A,0,0,OPEN,,AVAIL,N,100
D25DEN,GA1,GA3,1,50,50,A,0,0,OPEN,,AVAIL,N,100
D25DEN,GA1,GA2,1,50,50,A,0,0,OPEN,,AVAIL,N,100
D25DEN,GA2,GA10,1,50,50,A,0,0,OPEN,,AVAIL,N,100
D25DEN,GA2,GA9,1,50,50,A,0,0,OPEN,,AVAIL,N,100
D25DEN,GA2,GA8,1,50,50,A,0,0,OPEN,,AVAIL,N,100
D25DEN,GA2,GA7,1,50,50,A,0,0,OPEN,,AVAIL,N,100
D25DEN,GA2,GA6,1,50,50,A,0,0,OPEN,,AVAIL,N,100
D25DEN,GA2,GA2,1,50,50,A,0,0,OPEN,,AVAIL,N,100
D25DEN,GA2,GA1,1,50,50,A,0,0,OPEN,,AVAIL,N,100
D25DEN,GA2,GA5,1,50,50,A,0,0,OPEN,,AVAIL,N,100
D25DEN,GA2,GA4,1,50,50,A,0,0,OPEN,,AVAIL,N,100
D25DEN,GA2,GA3,1,50,50,A,0,0,OPEN,,AVAIL,N,100
D25DEN,GA3,GA1,1,50,50,A,0,0,OPEN,,AVAIL,N,100
D25FAI,GA2,GA10,1,50,50,A,0,0,OPEN,,AVAIL,N,100
D25FAI,GA2,GA9,1,50,50,A,0,0,OPEN,,AVAIL,N,100
D25FAI,GA2,GA8,1,50,50,A,0,0,OPEN,,AVAIL,N,100
D25FAI,GA2,GA7,1,50,50,A,0,0,OPEN,,AVAIL,N,100
D25FAI,GA2,GA3,1,50,50,A,0,0,OPEN,,AVAIL,N,100
D25FAI,GA2,GA4,1,50,50,A,0,0,OPEN,,AVAIL,N,100
D25FAI,GA2,GA5,1,50,50,A,0,0,OPEN,,AVAIL,N,100
D25FAI,GA2,GA6,1,50,50,A,0,0,OPEN,,AVAIL,N,100
D25FAI,GA3,GA1,1,50,50,A,0,0,OPEN,,AVAIL,N,100
D25PHI,GA1,GA5,48,50,3,A,0,0,OPEN,,AVAIL,N,100
D25PHI,GA2,GA10,1,50,50,A,0,0,OPEN,,AVAIL,N,100
D25PHI,GA2,GA9,1,50,50,A,0,0,OPEN,,AVAIL,N,100
D25PHI,GA2,GA8,1,50,50,A,0,0,OPEN,,AVAIL,N,100
D25PHI,GA2,GA7,1,50,50,A,0,0,OPEN,,AVAIL,N,100
D25PHI,GA2,GA6,1,50,50,A,0,0,OPEN,,AVAIL,N,100
D25PHI,GA2,GA3,1,50,50,A,0,0,OPEN,,AVAIL,N,100
D25PHI,GA2,GA2,1,50,50,A,0,0,OPEN,,AVAIL,N,100
D25PHI,GA2,GA1,1,50,50,A,0,0,OPEN,,AVAIL,N,100
D25PHI,GA2,GA5,1,50,50,A,0,0,OPEN,,AVAIL,N,100
D25PHI,GA2,GA4,1,50,50,A,0,0,OPEN,,AVAIL,N,100
D25PHI,GA3,GA1,1,50,50,A,0,0,OPEN,,AVAIL,N,100
D25SD,GA1,GA10,1,50,50,A,0,0,OPEN,,AVAIL,N,100
D25SD,GA1,GA9,1,50,50,A,0,0,OPEN,,AVAIL,N,100
D25SD,GA1,GA8,1,50,50,A,0,0,OPEN,,AVAIL,N,100
D25SD,GA1,GA4,46,50,5,A,0,0,OPEN,,AVAIL,N,100
D25SD,GA2,GA10,1,50,50,A,0,0,OPEN,,AVAIL,N,100
D25SD,GA2,GA9,1,50,50,A,0,0,OPEN,,AVAIL,N,100
D25SD,GA2,GA8,1,50,50,A,0,0,OPEN,,AVAIL,N,100
D25SD,GA2,GA7,1,50,50,A,0,0,OPEN,,AVAIL,N,100
D25SD,GA2,GA6,1,50,50,A,0,0,OPEN,,AVAIL,N,100
D25SD,GA2,GA3,1,50,50,A,0,0,OPEN,,AVAIL,N,100
D25SD,GA2,GA2,1,50,50,A,0,0,OPEN,,AVAIL,N,100
D25SD,GA2,GA1,1,50,50,A,0,0,OPEN,,AVAIL,N,100
D25SD,GA2,GA5,1,50,50,A,0,0,OPEN,,AVAIL,N,100
D25SD,GA2,GA4,1,50,50,A,0,0,OPEN,,AVAIL,N,100
D25SD,GA3,GA1,1,50,50,A,0,0,OPEN,,AVAIL,N,100
D25SLC,GA1,GA10,1,50,50,A,0,0,OPEN,,AVAIL,N,100
D25SLC,GA1,GA9,1,50,50,A,0,0,OPEN,,AVAIL,N,100
D25SLC,GA1,GA8,1,50,50,A,0,0,OPEN,,AVAIL,N,100
D25SLC,GA1,GA7,1,50,50,A,0,0,OPEN,,AVAIL,N,100
D25SLC,GA1,GA6,1,50,50,A,0,0,OPEN,,AVAIL,N,100
D25SLC,GA1,GA5,1,50,50,A,0,0,OPEN,,AVAIL,N,100
D25SLC,GA1,GA4,1,50,50,A,0,0,OPEN,,AVAIL,N,100
D25SLC,GA1,GA3,1,50,50,A,0,0,OPEN,,AVAIL,N,100
D25SLC,GA1,GA2,1,50,50,A,0,0,OPEN,,AVAIL,N,100
D25SLC,GA2,GA10,1,50,50,A,0,0,OPEN,,AVAIL,N,100
D25SLC,GA2,GA9,1,50,50,A,0,0,OPEN,,AVAIL,N,100
D25SLC,GA2,GA8,1,50,50,A,0,0,OPEN,,AVAIL,N,100
D25SLC,GA2,GA7,1,50,50,A,0,0,OPEN,,AVAIL,N,100
D25SLC,GA2,GA6,1,50,50,A,0,0,OPEN,,AVAIL,N,100
D25SLC,GA2,GA2,1,50,50,A,0,0,OPEN,,AVAIL,N,100
D25SLC,GA2,GA1,1,50,50,A,0,0,OPEN,,AVAIL,N,100
D25SLC,GA2,GA5,1,50,50,A,0,0,OPEN,,AVAIL,N,100
D25SLC,GA2,GA4,1,50,50,A,0,0,OPEN,,AVAIL,N,100
D25SLC,GA2,GA3,1,50,50,A,0,0,OPEN,,AVAIL,N,100
D25SLC,GA3,GA1,1,50,50,A,0,0,OPEN,,AVAIL,N,100
TIX,GA1,GA10,1,50,50,A,0,0,OPEN,,AVAIL,N,100
TIX,GA1,GA9,1,50,50,A,0,0,OPEN,,AVAIL,N,100
TIX,GA1,GA8,1,50,50,A,0,0,OPEN,,AVAIL,N,100
TIX,GA1,GA7,1,50,50,A,0,0,OPEN,,AVAIL,N,100
TIX,GA1,GA6,1,50,50,A,0,0,OPEN,,AVAIL,N,100
TIX,GA1,GA5,1,50,50,A,0,0,OPEN,,AVAIL,N,100
TIX,GA1,GA4,1,50,50,A,0,0,OPEN,,AVAIL,N,100
TIX,GA1,GA3,1,50,50,A,0,0,OPEN,,AVAIL,N,100
TIX,GA1,GA2,21,50,30,A,0,0,OPEN,,AVAIL,N,100
TIX,GA1,GA2,1,10,10,A,0,0,OPEN,,AVAIL,N,100
TIX,GA1,GA1,11,50,40,A,0,0,OPEN,,AVAIL,N,100
TIX,GA2,GA10,1,50,50,A,0,0,OPEN,,AVAIL,N,100
TIX,GA2,GA9,1,50,50,A,0,0,OPEN,,AVAIL,N,100
TIX,GA2,GA8,1,50,50,A,0,0,OPEN,,AVAIL,N,100
TIX,GA2,GA7,1,50,50,A,0,0,OPEN,,AVAIL,N,100
TIX,GA2,GA6,1,50,50,A,0,0,OPEN,,AVAIL,N,100
TIX,GA2,GA5,1,50,50,A,0,0,OPEN,,AVAIL,N,100
TIX,GA2,GA4,1,50,50,A,0,0,OPEN,,AVAIL,N,100
TIX,GA2,GA3,1,50,50,A,0,0,OPEN,,AVAIL,N,100
TIX,GA2,GA2,1,50,50,A,0,0,OPEN,,AVAIL,N,100
TIX,GA2,GA1,1,50,50,A,0,0,OPEN,,AVAIL,N,100
TIX,GA3,GA10,1,50,50,A,0,0,OPEN,,AVAIL,N,100
TIX,GA3,GA9,1,50,50,A,0,0,OPEN,,AVAIL,N,100
TIX,GA3,GA8,1,50,50,A,0,0,OPEN,,AVAIL,N,100
TIX,GA3,GA7,1,50,50,A,0,0,OPEN,,AVAIL,N,100
TIX,GA3,GA6,1,50,50,A,0,0,OPEN,,AVAIL,N,100
TIX,GA3,GA5,1,50,50,A,0,0,OPEN,,AVAIL,N,100
TIX,GA3,GA4,1,50,50,A,0,0,OPEN,,AVAIL,N,100
TIX,GA3,GA3,1,50,50,A,0,0,OPEN,,AVAIL,N,100
TIX,GA3,GA2,1,50,50,A,0,0,OPEN,,AVAIL,N,100
TIX,GA3,GA1,1,50,50,A,0,0,OPEN,,AVAIL,N,100
TIX,GA4,GA10,1,50,50,A,0,0,OPEN,,AVAIL,N,100
TIX,GA4,GA9,1,50,50,A,0,0,OPEN,,AVAIL,N,100
TIX,GA4,GA8,1,50,50,A,0,0,OPEN,,AVAIL,N,100
TIX,GA4,GA7,1,50,50,A,0,0,OPEN,,AVAIL,N,100
TIX,GA4,GA6,1,50,50,A,0,0,OPEN,,AVAIL,N,100
TIX,GA4,GA5,1,50,50,A,0,0,OPEN,,AVAIL,N,100
TIX,GA4,GA4,1,50,50,A,0,0,OPEN,,AVAIL,N,100
TIX,GA4,GA3,1,50,50,A,0,0,OPEN,,AVAIL,N,100
TIX,GA4,GA2,1,50,50,A,0,0,OPEN,,AVAIL,N,100
TIX,GA4,GA1,1,50,50,A,0,0,OPEN,,AVAIL,N,100
TIX,GA5,GA10,1,50,50,A,0,0,OPEN,,AVAIL,N,100
TIX,GA5,GA9,1,50,50,A,0,0,OPEN,,AVAIL,N,100
TIX,GA5,GA8,1,50,50,A,0,0,OPEN,,AVAIL,N,100
TIX,GA5,GA7,1,50,50,A,0,0,OPEN,,AVAIL,N,100
TIX,GA5,GA6,1,50,50,A,0,0,OPEN,,AVAIL,N,100
TIX,GA5,GA5,1,50,50,A,0,0,OPEN,,AVAIL,N,100
TIX,GA5,GA4,1,50,50,A,0,0,OPEN,,AVAIL,N,100
TIX,GA5,GA3,1,50,50,A,0,0,OPEN,,AVAIL,N,100
TIX,GA5,GA2,1,50,50,A,0,0,OPEN,,AVAIL,N,100
TIX,GA5,GA1,1,50,50,A,0,0,OPEN,,AVAIL,N,100
TIX,GA6,GA10,1,50,50,A,0,0,OPEN,,AVAIL,N,100
TIX,GA6,GA9,1,50,50,A,0,0,OPEN,,AVAIL,N,100
TIX,GA6,GA8,1,50,50,A,0,0,OPEN,,AVAIL,N,100
TIX,GA6,GA7,1,50,50,A,0,0,OPEN,,AVAIL,N,100
TIX,GA6,GA6,1,50,50,A,0,0,OPEN,,AVAIL,N,100
TIX,GA6,GA5,1,50,50,A,0,0,OPEN,,AVAIL,N,100
TIX,GA6,GA4,1,50,50,A,0,0,OPEN,,AVAIL,N,100
TIX,GA6,GA3,1,50,50,A,0,0,OPEN,,AVAIL,N,100
TIX,GA6,GA2,1,50,50,A,0,0,OPEN,,AVAIL,N,100
TIX,GA6,GA1,1,50,50,A,0,0,OPEN,,AVAIL,N,100
TIX,GA7,GA10,1,50,50,A,0,0,OPEN,,AVAIL,N,100
TIX,GA7,GA9,1,50,50,A,0,0,OPEN,,AVAIL,N,100
TIX,GA7,GA8,1,50,50,A,0,0,OPEN,,AVAIL,N,100
TIX,GA7,GA7,1,50,50,A,0,0,OPEN,,AVAIL,N,100
TIX,GA7,GA6,1,50,50,A,0,0,OPEN,,AVAIL,N,100
TIX,GA7,GA5,1,50,50,A,0,0,OPEN,,AVAIL,N,100
TIX,GA7,GA4,1,50,50,A,0,0,OPEN,,AVAIL,N,100
TIX,GA7,GA3,1,50,50,A,0,0,OPEN,,AVAIL,N,100
TIX,GA7,GA2,1,50,50,A,0,0,OPEN,,AVAIL,N,100
TIX,GA7,GA1,1,50,50,A,0,0,OPEN,,AVAIL,N,100
TIX,GA8,GA10,1,50,50,A,0,0,OPEN,,AVAIL,N,100
TIX,GA8,GA9,1,50,50,A,0,0,OPEN,,AVAIL,N,100
TIX,GA8,GA8,1,50,50,A,0,0,OPEN,,AVAIL,N,100
TIX,GA8,GA7,1,50,50,A,0,0,OPEN,,AVAIL,N,100
TIX,GA8,GA6,1,50,50,A,0,0,OPEN,,AVAIL,N,100
TIX,GA8,GA5,1,50,50,A,0,0,OPEN,,AVAIL,N,100
TIX,GA8,GA4,1,50,50,A,0,0,OPEN,,AVAIL,N,100
TIX,GA8,GA3,1,50,50,A,0,0,OPEN,,AVAIL,N,100
TIX,GA8,GA2,1,50,50,A,0,0,OPEN,,AVAIL,N,100
TIX,GA8,GA1,1,50,50,A,0,0,OPEN,,AVAIL,N,100
TIX,GA9,GA10,1,50,50,A,0,0,OPEN,,AVAIL,N,100
TIX,GA9,GA9,1,50,50,A,0,0,OPEN,,AVAIL,N,100
TIX,GA9,GA8,1,50,50,A,0,0,OPEN,,AVAIL,N,100
TIX,GA9,GA7,1,50,50,A,0,0,OPEN,,AVAIL,N,100
TIX,GA9,GA6,1,50,50,A,0,0,OPEN,,AVAIL,N,100
TIX,GA9,GA5,1,50,50,A,0,0,OPEN,,AVAIL,N,100
TIX,GA9,GA4,1,50,50,A,0,0,OPEN,,AVAIL,N,100
TIX,GA9,GA3,1,50,50,A,0,0,OPEN,,AVAIL,N,100
TIX,GA9,GA2,1,50,50,A,0,0,OPEN,,AVAIL,N,100
TIX,GA9,GA1,1,50,50,A,0,0,OPEN,,AVAIL,N,100
TIX,GA10,GA10,1,50,50,A,0,0,OPEN,,AVAIL,N,100
TIX,GA10,GA9,1,50,50,A,0,0,OPEN,,AVAIL,N,100
TIX,GA10,GA8,1,50,50,A,0,0,OPEN,,AVAIL,N,100
TIX,GA10,GA7,1,50,50,A,0,0,OPEN,,AVAIL,N,100
TIX,GA10,GA6,1,50,50,A,0,0,OPEN,,AVAIL,N,100
TIX,GA10,GA5,1,50,50,A,0,0,OPEN,,AVAIL,N,100
TIX,GA10,GA4,1,50,50,A,0,0,OPEN,,AVAIL,N,100
TIX,GA10,GA3,1,50,50,A,0,0,OPEN,,AVAIL,N,100
TIX,GA10,GA2,1,50,50,A,0,0,OPEN,,AVAIL,N,100
TIX,GA10,GA1,1,50,50,A,0,0,OPEN,,AVAIL,N,100
TIX,GA11,GA10,1,50,50,A,0,0,OPEN,,AVAIL,N,100
TIX,GA11,GA9,1,50,50,A,0,0,OPEN,,AVAIL,N,100
TIX,GA11,GA8,1,50,50,A,0,0,OPEN,,AVAIL,N,100
TIX,GA11,GA7,1,50,50,A,0,0,OPEN,,AVAIL,N,100
TIX,GA11,GA6,1,50,50,A,0,0,OPEN,,AVAIL,N,100
TIX,GA11,GA5,1,50,50,A,0,0,OPEN,,AVAIL,N,100
TIX,GA11,GA4,1,50,50,A,0,0,OPEN,,AVAIL,N,100
TIX,GA11,GA3,1,50,50,A,0,0,OPEN,,AVAIL,N,100
TIX,GA11,GA2,1,50,50,A,0,0,OPEN,,AVAIL,N,100
TIX,GA11,GA1,1,50,50,A,0,0,OPEN,,AVAIL,N,100
TIX,GA12,GA10,1,50,50,A,0,0,OPEN,,AVAIL,N,100
TIX,GA12,GA9,1,50,50,A,0,0,OPEN,,AVAIL,N,100
TIX,GA12,GA8,1,50,50,A,0,0,OPEN,,AVAIL,N,100
TIX,GA12,GA7,1,50,50,A,0,0,OPEN,,AVAIL,N,100
TIX,GA12,GA6,1,50,50,A,0,0,OPEN,,AVAIL,N,100
TIX,GA12,GA5,1,50,50,A,0,0,OPEN,,AVAIL,N,100
TIX,GA12,GA4,1,50,50,A,0,0,OPEN,,AVAIL,N,100
TIX,GA12,GA3,1,50,50,A,0,0,OPEN,,AVAIL,N,100
TIX,GA12,GA2,1,50,50,A,0,0,OPEN,,AVAIL,N,100
TIX,GA12,GA1,1,50,50,A,0,0,OPEN,,AVAIL,N,100
TIX,GA13,GA1,1,50,50,A,0,0,OPEN,,AVAIL,N,100
TIX,GA13,GA10,1,50,50,A,0,0,OPEN,,AVAIL,N,100
TIX,GA13,GA9,1,50,50,A,0,0,OPEN,,AVAIL,N,100
TIX,GA13,GA8,1,50,50,A,0,0,OPEN,,AVAIL,N,100
TIX,GA13,GA7,1,50,50,A,0,0,OPEN,,AVAIL,N,100
TIX,GA13,GA6,1,50,50,A,0,0,OPEN,,AVAIL,N,100
TIX,GA13,GA5,1,50,50,A,0,0,OPEN,,AVAIL,N,100
TIX,GA13,GA4,1,50,50,A,0,0,OPEN,,AVAIL,N,100
TIX,GA13,GA3,1,50,50,A,0,0,OPEN,,AVAIL,N,100
TIX,GA13,GA2,1,50,50,A,0,0,OPEN,,AVAIL,N,100
TIX,GA14,GA10,1,50,50,A,0,0,OPEN,,AVAIL,N,100
TIX,GA14,GA9,1,50,50,A,0,0,OPEN,,AVAIL,N,100
TIX,GA14,GA8,1,50,50,A,0,0,OPEN,,AVAIL,N,100
TIX,GA14,GA7,1,50,50,A,0,0,OPEN,,AVAIL,N,100
TIX,GA14,GA6,1,50,50,A,0,0,OPEN,,AVAIL,N,100
TIX,GA14,GA5,1,50,50,A,0,0,OPEN,,AVAIL,N,100
TIX,GA14,GA4,1,50,50,A,0,0,OPEN,,AVAIL,N,100
TIX,GA14,GA3,1,50,50,A,0,0,OPEN,,AVAIL,N,100
TIX,GA14,GA2,1,50,50,A,0,0,OPEN,,AVAIL,N,100
TIX,GA14,GA1,1,50,50,A,0,0,OPEN,,AVAIL,N,100
TIX,GA15,GA10,1,50,50,A,0,0,OPEN,,AVAIL,N,100
TIX,GA15,GA9,1,50,50,A,0,0,OPEN,,AVAIL,N,100
TIX,GA15,GA8,1,50,50,A,0,0,OPEN,,AVAIL,N,100
TIX,GA15,GA7,1,50,50,A,0,0,OPEN,,AVAIL,N,100
TIX,GA15,GA6,1,50,50,A,0,0,OPEN,,AVAIL,N,100
TIX,GA15,GA5,1,50,50,A,0,0,OPEN,,AVAIL,N,100
TIX,GA15,GA4,1,50,50,A,0,0,OPEN,,AVAIL,N,100
TIX,GA15,GA3,1,50,50,A,0,0,OPEN,,AVAIL,N,100
TIX,GA15,GA2,1,50,50,A,0,0,OPEN,,AVAIL,N,100
TIX,GA15,GA1,1,50,50,A,0,0,OPEN,,AVAIL,N,100
TIX,GA16,GA10,1,50,50,A,0,0,OPEN,,AVAIL,N,100
TIX,GA16,GA9,1,50,50,A,0,0,OPEN,,AVAIL,N,100
TIX,GA16,GA8,1,50,50,A,0,0,OPEN,,AVAIL,N,100
TIX,GA16,GA7,1,50,50,A,0,0,OPEN,,AVAIL,N,100
TIX,GA16,GA6,1,50,50,A,0,0,OPEN,,AVAIL,N,100
TIX,GA16,GA5,1,50,50,A,0,0,OPEN,,AVAIL,N,100
TIX,GA16,GA4,1,50,50,A,0,0,OPEN,,AVAIL,N,100
TIX,GA16,GA3,1,50,50,A,0,0,OPEN,,AVAIL,N,100
TIX,GA16,GA2,1,50,50,A,0,0,OPEN,,AVAIL,N,100
TIX,GA16,GA1,1,50,50,A,0,0,OPEN,,AVAIL,N,100
TIX,GA17,GA10,1,50,50,A,0,0,OPEN,,AVAIL,N,100
TIX,GA17,GA9,1,50,50,A,0,0,OPEN,,AVAIL,N,100
TIX,GA17,GA8,1,50,50,A,0,0,OPEN,,AVAIL,N,100
TIX,GA17,GA7,1,50,50,A,0,0,OPEN,,AVAIL,N,100
TIX,GA17,GA6,1,50,50,A,0,0,OPEN,,AVAIL,N,100
TIX,GA17,GA5,1,50,50,A,0,0,OPEN,,AVAIL,N,100
TIX,GA17,GA4,1,50,50,A,0,0,OPEN,,AVAIL,N,100
TIX,GA17,GA3,1,50,50,A,0,0,OPEN,,AVAIL,N,100
TIX,GA17,GA2,1,50,50,A,0,0,OPEN,,AVAIL,N,100
TIX,GA17,GA1,1,50,50,A,0,0,OPEN,,AVAIL,N,100
TIX,GA18,GA10,1,50,50,A,0,0,OPEN,,AVAIL,N,100
TIX,GA18,GA9,1,50,50,A,0,0,OPEN,,AVAIL,N,100
TIX,GA18,GA8,1,50,50,A,0,0,OPEN,,AVAIL,N,100
TIX,GA18,GA7,1,50,50,A,0,0,OPEN,,AVAIL,N,100
TIX,GA18,GA6,1,50,50,A,0,0,OPEN,,AVAIL,N,100
TIX,GA18,GA5,1,50,50,A,0,0,OPEN,,AVAIL,N,100
TIX,GA18,GA4,1,50,50,A,0,0,OPEN,,AVAIL,N,100
TIX,GA18,GA3,1,50,50,A,0,0,OPEN,,AVAIL,N,100
TIX,GA18,GA2,1,50,50,A,0,0,OPEN,,AVAIL,N,100
TIX,GA18,GA1,1,50,50,A,0,0,OPEN,,AVAIL,N,100
TIX,GA19,GA10,1,50,50,A,0,0,OPEN,,AVAIL,N,100
TIX,GA19,GA9,1,50,50,A,0,0,OPEN,,AVAIL,N,100
TIX,GA19,GA8,1,50,50,A,0,0,OPEN,,AVAIL,N,100
TIX,GA19,GA7,1,50,50,A,0,0,OPEN,,AVAIL,N,100
TIX,GA19,GA6,1,50,50,A,0,0,OPEN,,AVAIL,N,100
TIX,GA19,GA5,1,50,50,A,0,0,OPEN,,AVAIL,N,100
TIX,GA19,GA4,1,50,50,A,0,0,OPEN,,AVAIL,N,100
TIX,GA19,GA3,1,50,50,A,0,0,OPEN,,AVAIL,N,100
TIX,GA19,GA2,1,50,50,A,0,0,OPEN,,AVAIL,N,100
TIX,GA19,GA1,1,50,50,A,0,0,OPEN,,AVAIL,N,100
TIX,GA20,GA10,1,50,50,A,0,0,OPEN,,AVAIL,N,100
TIX,GA20,GA9,1,50,50,A,0,0,OPEN,,AVAIL,N,100
TIX,GA20,GA8,1,50,50,A,0,0,OPEN,,AVAIL,N,100
TIX,GA20,GA7,1,50,50,A,0,0,OPEN,,AVAIL,N,100
TIX,GA20,GA6,1,50,50,A,0,0,OPEN,,AVAIL,N,100
TIX,GA20,GA5,1,50,50,A,0,0,OPEN,,AVAIL,N,100
TIX,GA20,GA4,1,50,50,A,0,0,OPEN,,AVAIL,N,100
TIX,GA20,GA3,1,50,50,A,0,0,OPEN,,AVAIL,N,100
TIX,GA20,GA2,1,50,50,A,0,0,OPEN,,AVAIL,N,100
TIX,GA20,GA1,1,50,50,A,0,0,OPEN,,AVAIL,N,100
TSTDAY1,6,1,1,10,10,D,65.00,650.00,OPEN,,AVAIL,N,100
TSTDAY1,7,8,25,25,1,E,50.00,50.00,OPEN,,AVAIL,N,240
TSTDAY1,7,8,30,30,1,E,50.00,50.00,OPEN,,AVAIL,N,240
TSTDAY1,7,8,10,22,13,E,50.00,650.00,OPEN,,AVAIL,N,240
TSTDAY1,7,8,1,6,6,E,50.00,300.00,OPEN,,AVAIL,N,240
TSTDAY1,7,7,25,30,6,E,50.00,300.00,OPEN,,AVAIL,N,240
TSTDAY1,7,7,10,22,13,E,50.00,650.00,OPEN,,AVAIL,N,240
TSTDAY1,7,7,1,6,6,E,50.00,300.00,OPEN,,AVAIL,N,240
TSTDAY1,7,1,10,22,13,D,65.00,845.00,OPEN,,AVAIL,N,80
TSTDAY1,8,1,1,10,10,D,65.00,650.00,OPEN,,AVAIL,N,90
TSTDAY1,17,21,1,28,28,E,50.00,1400.00,OPEN,,AVAIL,N,220
TSTDAY1,17,20,1,28,28,E,50.00,1400.00,OPEN,,AVAIL,N,220
TSTDAY1,17,19,1,28,28,E,50.00,1400.00,OPEN,,AVAIL,N,220
TSTDAY1,17,4,14,28,15,D,65.00,975.00,OPEN,,AVAIL,N,140
TSTDAY1,17,4,1,5,5,D,65.00,325.00,OPEN,,AVAIL,N,140
TSTDAY1,17,3,14,28,15,D,65.00,975.00,OPEN,,AVAIL,N,140
TSTDAY1,17,3,1,5,5,D,65.00,325.00,OPEN,,AVAIL,N,140
TSTDAY1,17,2,14,28,15,D,65.00,975.00,OPEN,,AVAIL,N,140
TSTDAY1,17,2,1,5,5,D,65.00,325.00,OPEN,,AVAIL,N,140
TSTDAY1,17,1,14,28,15,D,65.00,975.00,OPEN,,AVAIL,N,60
TSTDAY1,18,11,1,29,29,D,65.00,1885.00,OPEN,,AVAIL,N,130
TSTDAY1,18,10,1,29,29,D,65.00,1885.00,OPEN,,AVAIL,N,130
TSTDAY1,18,9,1,29,29,D,65.00,1885.00,OPEN,,AVAIL,N,130
TSTDAY1,18,8,1,29,29,D,65.00,1885.00,OPEN,,AVAIL,N,130
TSTDAY1,18,7,1,29,29,D,65.00,1885.00,OPEN,,AVAIL,N,130
TSTDAY1,18,6,1,29,29,D,65.00,1885.00,OPEN,,AVAIL,N,130
TSTDAY1,18,5,21,29,9,D,65.00,585.00,OPEN,,AVAIL,N,130
TSTDAY1,18,5,1,9,9,D,65.00,585.00,OPEN,,AVAIL,N,130
TSTDAY1,18,4,21,29,9,D,65.00,585.00,OPEN,,AVAIL,N,130
TSTDAY1,19,21,1,28,28,L,20.00,560.00,OPEN,,AVAIL,N,230
TSTDAY1,19,20,1,28,28,L,20.00,560.00,OPEN,,AVAIL,N,230
TSTDAY1,19,19,1,28,28,L,20.00,560.00,OPEN,,AVAIL,N,230
TSTDAY1,19,18,1,28,28,L,20.00,560.00,OPEN,,AVAIL,N,230
TSTDAY1,19,17,1,28,28,L,20.00,560.00,OPEN,,AVAIL,N,230
TSTDAY1,19,16,1,28,28,L,20.00,560.00,OPEN,,AVAIL,N,230
TSTDAY1,19,15,1,28,28,L,20.00,560.00,OPEN,,AVAIL,N,230
TSTDAY1,19,14,1,28,28,L,20.00,560.00,OPEN,,AVAIL,N,230
TSTDAY1,19,13,1,28,28,L,20.00,560.00,OPEN,,AVAIL,N,230
TSTDAY1,19,12,1,28,28,L,20.00,560.00,OPEN,,AVAIL,N,230
TSTDAY1,19,1,24,28,5,D,65.00,325.00,OPEN,,AVAIL,N,70
TSTDAY1,19,1,1,16,16,D,65.00,1040.00,OPEN,,AVAIL,N,70
TSTDAY1,FLD1,A,1,2,2,A,225.00,450.00,OPEN,,AVAIL,N,10
TSTDAY1,FLD1,B,3,30,28,A,225.00,6300.00,OPEN,,AVAIL,N,10
TSTDAY1,FLD2,B,1,30,30,B,9999.00,299970.00,OPEN,,AVAIL,N,20
TSTDAY1,FLD2,A,1,30,30,A,225.00,6750.00,OPEN,,AVAIL,N,20
TSTDAY2,6,1,1,10,10,D,65.00,650.00,OPEN,,AVAIL,N,100
TSTDAY2,7,8,25,30,6,E,50.00,300.00,OPEN,,AVAIL,N,240
TSTDAY2,7,8,10,22,13,E,50.00,650.00,OPEN,,AVAIL,N,240
TSTDAY2,7,8,1,6,6,E,50.00,300.00,OPEN,,AVAIL,N,240
TSTDAY2,7,7,25,30,6,E,50.00,300.00,OPEN,,AVAIL,N,240
TSTDAY2,7,7,10,22,13,E,50.00,650.00,OPEN,,AVAIL,N,240
TSTDAY2,7,7,1,6,6,E,50.00,300.00,OPEN,,AVAIL,N,240
TSTDAY2,7,1,10,22,13,D,65.00,845.00,OPEN,,AVAIL,N,80
TSTDAY2,8,1,1,10,10,D,65.00,650.00,OPEN,,AVAIL,N,90
TSTDAY2,17,21,1,28,28,E,50.00,1400.00,OPEN,,AVAIL,N,220
TSTDAY2,17,20,1,28,28,E,50.00,1400.00,OPEN,,AVAIL,N,220
TSTDAY2,17,19,1,28,28,E,50.00,1400.00,OPEN,,AVAIL,N,220
TSTDAY2,17,4,14,28,15,D,65.00,975.00,OPEN,,AVAIL,N,140
TSTDAY2,17,4,1,5,5,D,65.00,325.00,OPEN,,AVAIL,N,140
TSTDAY2,17,3,14,28,15,D,65.00,975.00,OPEN,,AVAIL,N,140
TSTDAY2,17,3,1,5,5,D,65.00,325.00,OPEN,,AVAIL,N,140
TSTDAY2,17,2,14,28,15,D,65.00,975.00,OPEN,,AVAIL,N,140
TSTDAY2,17,2,1,5,5,D,65.00,325.00,OPEN,,AVAIL,N,140
TSTDAY2,17,1,14,28,15,D,65.00,975.00,OPEN,,AVAIL,N,60
TSTDAY2,18,11,1,29,29,D,65.00,1885.00,OPEN,,AVAIL,N,130
TSTDAY2,18,10,1,29,29,D,65.00,1885.00,OPEN,,AVAIL,N,130
TSTDAY2,18,9,1,29,29,D,65.00,1885.00,OPEN,,AVAIL,N,130
TSTDAY2,18,8,1,29,29,D,65.00,1885.00,OPEN,,AVAIL,N,130
TSTDAY2,18,7,1,29,29,D,65.00,1885.00,OPEN,,AVAIL,N,130
TSTDAY2,18,6,1,29,29,D,65.00,1885.00,OPEN,,AVAIL,N,130
TSTDAY2,18,5,21,29,9,D,65.00,585.00,OPEN,,AVAIL,N,130
TSTDAY2,18,5,1,9,9,D,65.00,585.00,OPEN,,AVAIL,N,130
TSTDAY2,18,4,21,29,9,D,65.00,585.00,OPEN,,AVAIL,N,130
TSTDAY2,19,21,1,28,28,L,20.00,560.00,OPEN,,AVAIL,N,230
TSTDAY2,19,20,1,28,28,L,20.00,560.00,OPEN,,AVAIL,N,230
TSTDAY2,19,19,1,28,28,L,20.00,560.00,OPEN,,AVAIL,N,230
TSTDAY2,19,18,1,28,28,L,20.00,560.00,OPEN,,AVAIL,N,230
TSTDAY2,19,17,1,28,28,L,20.00,560.00,OPEN,,AVAIL,N,230
TSTDAY2,19,16,1,28,28,L,20.00,560.00,OPEN,,AVAIL,N,230
TSTDAY2,19,15,1,28,28,L,20.00,560.00,OPEN,,AVAIL,N,230
TSTDAY2,19,14,1,28,28,L,20.00,560.00,OPEN,,AVAIL,N,230
TSTDAY2,19,13,1,28,28,L,20.00,560.00,OPEN,,AVAIL,N,230
TSTDAY2,19,12,1,28,28,L,20.00,560.00,OPEN,,AVAIL,N,230
TSTDAY2,19,1,24,28,5,D,65.00,325.00,OPEN,,AVAIL,N,70
TSTDAY2,19,1,1,16,16,D,65.00,1040.00,OPEN,,AVAIL,N,70
TSTDAY2,FLD1,A,1,2,2,A,225.00,450.00,OPEN,,AVAIL,N,10
TSTDAY2,FLD1,B,1,30,30,A,225.00,6750.00,OPEN,,AVAIL,N,10
TSTDAY2,FLD2,B,1,30,30,B,9999.00,299970.00,OPEN,,AVAIL,N,20
TSTDAY2,FLD2,A,1,30,30,A,225.00,6750.00,OPEN,,AVAIL,N,20
TSTPASS,1,12,1,10,10,G,0,0,OPEN,,AVAIL,N,480
TSTPASS,1,11,1,10,10,G,0,0,OPEN,,AVAIL,N,480
TSTPASS,1,10,1,10,10,G,0,0,OPEN,,AVAIL,N,480
TSTPASS,1,9,1,10,10,G,0,0,OPEN,,AVAIL,N,480
TSTPASS,1,8,1,10,10,G,0,0,OPEN,,AVAIL,N,480
TSTPASS,1,7,1,10,10,G,0,0,OPEN,,AVAIL,N,480
TSTPASS,1,6,1,10,10,G,0,0,OPEN,,AVAIL,N,480
TSTPASS,1,5,1,10,10,G,0,0,OPEN,,AVAIL,N,480
TSTPASS,1,4,1,10,10,G,0,0,OPEN,,AVAIL,N,480
TSTPASS,1,3,1,10,10,G,0,0,OPEN,,AVAIL,N,480
TSTPASS,1,2,1,10,10,G,0,0,OPEN,,AVAIL,N,480
TSTPASS,1,1,1,10,10,G,0,0,OPEN,,AVAIL,N,480
TSTPASS,2,12,1,20,20,G,0,0,OPEN,,AVAIL,N,460
TSTPASS,2,11,1,20,20,G,0,0,OPEN,,AVAIL,N,460
TSTPASS,2,10,1,20,20,G,0,0,OPEN,,AVAIL,N,460
TSTPASS,2,9,1,20,20,G,0,0,OPEN,,AVAIL,N,460
TSTPASS,2,8,1,20,20,G,0,0,OPEN,,AVAIL,N,460
TSTPASS,2,7,1,20,20,G,0,0,OPEN,,AVAIL,N,460
TSTPASS,2,6,1,20,20,G,0,0,OPEN,,AVAIL,N,460
TSTPASS,2,5,1,20,20,G,0,0,OPEN,,AVAIL,N,460
TSTPASS,2,4,1,20,20,G,0,0,OPEN,,AVAIL,N,460
TSTPASS,2,3,1,20,20,G,0,0,OPEN,,AVAIL,N,460
TSTPASS,2,2,1,20,20,G,0,0,OPEN,,AVAIL,N,460
TSTPASS,2,1,1,20,20,G,0,0,OPEN,,AVAIL,N,460
TSTPASS,3,12,1,20,20,F,0,0,OPEN,,AVAIL,N,410
TSTPASS,3,11,1,20,20,F,0,0,OPEN,,AVAIL,N,410
TSTPASS,3,10,1,20,20,F,0,0,OPEN,,AVAIL,N,410
TSTPASS,3,9,1,20,20,F,0,0,OPEN,,AVAIL,N,410
TSTPASS,3,8,1,20,20,F,0,0,OPEN,,AVAIL,N,410
TSTPASS,3,7,1,20,20,F,0,0,OPEN,,AVAIL,N,410
TSTPASS,3,6,1,20,20,F,0,0,OPEN,,AVAIL,N,410
TSTPASS,3,5,1,20,20,F,0,0,OPEN,,AVAIL,N,410
TSTPASS,3,4,1,20,20,F,0,0,OPEN,,AVAIL,N,410
TSTPASS,3,3,1,20,20,F,0,0,OPEN,,AVAIL,N,410
TSTPASS,3,2,1,20,20,F,0,0,OPEN,,AVAIL,N,410
TSTPASS,3,1,1,20,20,F,0,0,OPEN,,AVAIL,N,410
TSTPASS,4,12,1,20,20,F,0,0,OPEN,,AVAIL,N,350
TSTPASS,4,11,1,20,20,F,0,0,OPEN,,AVAIL,N,350
TSTPASS,4,10,1,20,20,F,0,0,OPEN,,AVAIL,N,350
TSTPASS,4,9,1,20,20,F,0,0,OPEN,,AVAIL,N,350
TSTPASS,4,8,1,20,20,F,0,0,OPEN,,AVAIL,N,350
TSTPASS,4,7,1,20,20,F,0,0,OPEN,,AVAIL,N,350
TSTPASS,4,6,1,20,20,D,0,0,OPEN,,AVAIL,N,290
TSTPASS,4,5,1,20,20,D,0,0,OPEN,,AVAIL,N,290
TSTPASS,4,4,1,20,20,D,0,0,OPEN,,AVAIL,N,290
TSTPASS,4,3,1,20,20,D,0,0,OPEN,,AVAIL,N,290
TSTPASS,4,2,1,20,20,D,0,0,OPEN,,AVAIL,N,290
TSTPASS,4,1,1,20,20,D,0,0,OPEN,,AVAIL,N,290
TSTPASS,5,12,1,20,20,F,0,0,OPEN,,AVAIL,N,340
TSTPASS,5,11,1,20,20,F,0,0,OPEN,,AVAIL,N,340
TSTPASS,5,10,1,20,20,F,0,0,OPEN,,AVAIL,N,340
TSTPASS,5,9,1,20,20,F,0,0,OPEN,,AVAIL,N,340
TSTPASS,5,8,1,20,20,F,0,0,OPEN,,AVAIL,N,340
TSTPASS,5,7,1,20,20,F,0,0,OPEN,,AVAIL,N,340
TSTPASS,5,6,1,20,20,D,0,0,OPEN,,AVAIL,N,200
TSTPASS,5,5,1,20,20,D,0,0,OPEN,,AVAIL,N,200
TSTPASS,5,4,1,20,20,D,0,0,OPEN,,AVAIL,N,200
TSTPASS,5,3,1,20,20,D,0,0,OPEN,,AVAIL,N,200
TSTPASS,5,2,1,20,20,D,0,0,OPEN,,AVAIL,N,200
TSTPASS,5,1,1,20,20,D,0,0,OPEN,,AVAIL,N,120
TSTPASS,6,12,1,10,10,E,0,0,OPEN,,AVAIL,N,260
TSTPASS,6,11,1,10,10,E,0,0,OPEN,,AVAIL,N,260
TSTPASS,6,10,1,10,10,E,0,0,OPEN,,AVAIL,N,260
TSTPASS,6,9,1,10,10,E,0,0,OPEN,,AVAIL,N,260
TSTPASS,6,8,1,10,10,E,0,0,OPEN,,AVAIL,N,260
TSTPASS,6,7,1,10,10,E,0,0,OPEN,,AVAIL,N,260
TSTPASS,6,6,1,10,10,D,0,0,OPEN,,AVAIL,N,180
TSTPASS,6,5,1,10,10,D,0,0,OPEN,,AVAIL,N,180
TSTPASS,6,4,1,10,10,D,0,0,OPEN,,AVAIL,N,180
TSTPASS,6,3,1,10,10,D,0,0,OPEN,,AVAIL,N,180
TSTPASS,6,2,1,10,10,D,0,0,OPEN,,AVAIL,N,180
TSTPASS,7,11,1,30,30,E,0,0,OPEN,,AVAIL,N,240
TSTPASS,7,10,25,30,6,E,0,0,OPEN,,AVAIL,N,240
TSTPASS,7,10,10,22,13,E,0,0,OPEN,,AVAIL,N,240
TSTPASS,7,10,1,6,6,E,0,0,OPEN,,AVAIL,N,240
TSTPASS,7,9,25,30,6,E,0,0,OPEN,,AVAIL,N,240
TSTPASS,7,9,10,22,13,E,0,0,OPEN,,AVAIL,N,240
TSTPASS,7,9,1,6,6,E,0,0,OPEN,,AVAIL,N,240
TSTPASS,7,6,25,30,6,D,0,0,OPEN,,AVAIL,N,160
TSTPASS,7,6,10,22,13,D,0,0,OPEN,,AVAIL,N,160
TSTPASS,7,6,1,6,6,D,0,0,OPEN,,AVAIL,N,160
TSTPASS,7,5,10,22,13,D,0,0,OPEN,,AVAIL,N,160
TSTPASS,7,4,10,22,13,D,0,0,OPEN,,AVAIL,N,160
TSTPASS,7,3,10,22,13,D,0,0,OPEN,,AVAIL,N,160
TSTPASS,7,2,10,22,13,D,0,0,OPEN,,AVAIL,N,160
TSTPASS,8,12,1,10,10,E,0,0,OPEN,,AVAIL,N,250
TSTPASS,8,11,1,10,10,E,0,0,OPEN,,AVAIL,N,250
TSTPASS,8,10,1,10,10,E,0,0,OPEN,,AVAIL,N,250
TSTPASS,8,9,1,10,10,E,0,0,OPEN,,AVAIL,N,250
TSTPASS,8,8,1,10,10,E,0,0,OPEN,,AVAIL,N,250
TSTPASS,8,7,1,10,10,E,0,0,OPEN,,AVAIL,N,250
TSTPASS,8,6,1,10,10,D,0,0,OPEN,,AVAIL,N,170
TSTPASS,8,5,1,10,10,D,0,0,OPEN,,AVAIL,N,170
TSTPASS,8,4,1,10,10,D,0,0,OPEN,,AVAIL,N,170
TSTPASS,8,3,1,10,10,D,0,0,OPEN,,AVAIL,N,170
TSTPASS,8,2,1,10,10,D,0,0,OPEN,,AVAIL,N,170
TSTPASS,9,12,1,20,20,F,0,0,OPEN,,AVAIL,N,330
TSTPASS,9,11,1,20,20,F,0,0,OPEN,,AVAIL,N,330
TSTPASS,9,10,1,20,20,F,0,0,OPEN,,AVAIL,N,330
TSTPASS,9,9,1,20,20,F,0,0,OPEN,,AVAIL,N,330
TSTPASS,9,8,1,20,20,F,0,0,OPEN,,AVAIL,N,330
TSTPASS,9,7,1,20,20,F,0,0,OPEN,,AVAIL,N,330
TSTPASS,9,6,1,20,20,D,0,0,OPEN,,AVAIL,N,190
TSTPASS,9,5,1,20,20,D,0,0,OPEN,,AVAIL,N,190
TSTPASS,9,4,1,20,20,D,0,0,OPEN,,AVAIL,N,190
TSTPASS,9,3,1,20,20,D,0,0,OPEN,,AVAIL,N,190
TSTPASS,9,2,1,20,20,D,0,0,OPEN,,AVAIL,N,190
TSTPASS,9,1,1,20,20,D,0,0,OPEN,,AVAIL,N,110
TSTPASS,10,12,1,20,20,F,0,0,OPEN,,AVAIL,N,360
TSTPASS,10,11,1,20,20,F,0,0,OPEN,,AVAIL,N,360
TSTPASS,10,10,1,20,20,F,0,0,OPEN,,AVAIL,N,360
TSTPASS,10,9,1,20,20,F,0,0,OPEN,,AVAIL,N,360
TSTPASS,10,8,1,20,20,F,0,0,OPEN,,AVAIL,N,360
TSTPASS,10,7,1,20,20,F,0,0,OPEN,,AVAIL,N,360
TSTPASS,10,6,1,20,20,D,0,0,OPEN,,AVAIL,N,300
TSTPASS,10,5,1,20,20,D,0,0,OPEN,,AVAIL,N,300
TSTPASS,10,4,1,20,20,D,0,0,OPEN,,AVAIL,N,300
TSTPASS,10,3,1,20,20,D,0,0,OPEN,,AVAIL,N,300
TSTPASS,10,2,1,20,20,D,0,0,OPEN,,AVAIL,N,300
TSTPASS,10,1,1,20,20,D,0,0,OPEN,,AVAIL,N,300
TSTPASS,11,12,1,20,20,F,0,0,OPEN,,AVAIL,N,420
TSTPASS,11,11,1,20,20,F,0,0,OPEN,,AVAIL,N,420
TSTPASS,11,10,1,20,20,F,0,0,OPEN,,AVAIL,N,420
TSTPASS,11,9,1,20,20,F,0,0,OPEN,,AVAIL,N,420
TSTPASS,11,8,1,20,20,F,0,0,OPEN,,AVAIL,N,420
TSTPASS,11,7,1,20,20,F,0,0,OPEN,,AVAIL,N,420
TSTPASS,11,6,1,20,20,F,0,0,OPEN,,AVAIL,N,420
TSTPASS,11,5,1,20,20,F,0,0,OPEN,,AVAIL,N,420
TSTPASS,11,4,1,20,20,F,0,0,OPEN,,AVAIL,N,420
TSTPASS,11,3,1,20,20,F,0,0,OPEN,,AVAIL,N,420
TSTPASS,11,2,1,20,20,F,0,0,OPEN,,AVAIL,N,420
TSTPASS,11,1,1,20,20,F,0,0,OPEN,,AVAIL,N,420
TSTPASS,12,12,1,20,20,G,0,0,OPEN,,AVAIL,N,450
TSTPASS,12,11,1,20,20,G,0,0,OPEN,,AVAIL,N,450
TSTPASS,12,10,1,20,20,G,0,0,OPEN,,AVAIL,N,450
TSTPASS,12,9,1,20,20,G,0,0,OPEN,,AVAIL,N,450
TSTPASS,12,8,1,20,20,G,0,0,OPEN,,AVAIL,N,450
TSTPASS,12,7,1,20,20,G,0,0,OPEN,,AVAIL,N,450
TSTPASS,12,6,1,20,20,G,0,0,OPEN,,AVAIL,N,450
TSTPASS,12,5,1,20,20,G,0,0,OPEN,,AVAIL,N,450
TSTPASS,12,4,1,20,20,G,0,0,OPEN,,AVAIL,N,450
TSTPASS,12,3,1,20,20,G,0,0,OPEN,,AVAIL,N,450
TSTPASS,12,2,1,20,20,G,0,0,OPEN,,AVAIL,N,450
TSTPASS,12,1,1,20,20,G,0,0,OPEN,,AVAIL,N,450
TSTPASS,13,12,1,10,10,G,0,0,OPEN,,AVAIL,N,470
TSTPASS,13,11,1,10,10,G,0,0,OPEN,,AVAIL,N,470
TSTPASS,13,10,1,10,10,G,0,0,OPEN,,AVAIL,N,470
TSTPASS,13,9,1,10,10,G,0,0,OPEN,,AVAIL,N,470
TSTPASS,13,8,1,10,10,G,0,0,OPEN,,AVAIL,N,470
TSTPASS,13,7,1,10,10,G,0,0,OPEN,,AVAIL,N,470
TSTPASS,13,6,1,10,10,G,0,0,OPEN,,AVAIL,N,470
TSTPASS,13,5,1,10,10,G,0,0,OPEN,,AVAIL,N,470
TSTPASS,13,4,1,10,10,G,0,0,OPEN,,AVAIL,N,470
TSTPASS,13,3,1,10,10,G,0,0,OPEN,,AVAIL,N,470
TSTPASS,13,2,1,10,10,G,0,0,OPEN,,AVAIL,N,470
TSTPASS,13,1,1,10,10,G,0,0,OPEN,,AVAIL,N,470
TSTPASS,14,21,1,18,18,G,0,0,OPEN,,AVAIL,N,430
TSTPASS,14,20,1,18,18,G,0,0,OPEN,,AVAIL,N,430
TSTPASS,14,19,1,18,18,G,0,0,OPEN,,AVAIL,N,430
TSTPASS,14,18,1,18,18,G,0,0,OPEN,,AVAIL,N,430
TSTPASS,14,17,1,18,18,G,0,0,OPEN,,AVAIL,N,430
TSTPASS,14,16,1,18,18,G,0,0,OPEN,,AVAIL,N,430
TSTPASS,14,15,1,18,18,G,0,0,OPEN,,AVAIL,N,430
TSTPASS,14,14,1,18,18,G,0,0,OPEN,,AVAIL,N,430
TSTPASS,14,13,1,18,18,G,0,0,OPEN,,AVAIL,N,430
TSTPASS,14,12,1,18,18,G,0,0,OPEN,,AVAIL,N,430
TSTPASS,14,11,1,18,18,G,0,0,OPEN,,AVAIL,N,430
TSTPASS,14,10,1,18,18,G,0,0,OPEN,,AVAIL,N,430
TSTPASS,14,9,1,18,18,G,0,0,OPEN,,AVAIL,N,430
TSTPASS,14,8,1,18,18,G,0,0,OPEN,,AVAIL,N,430
TSTPASS,14,7,1,18,18,G,0,0,OPEN,,AVAIL,N,430
TSTPASS,14,6,1,18,18,G,0,0,OPEN,,AVAIL,N,430
TSTPASS,14,5,1,18,18,G,0,0,OPEN,,AVAIL,N,430
TSTPASS,14,4,1,18,18,G,0,0,OPEN,,AVAIL,N,430
TSTPASS,14,3,1,18,18,G,0,0,OPEN,,AVAIL,N,430
TSTPASS,14,2,1,18,18,G,0,0,OPEN,,AVAIL,N,430
TSTPASS,14,1,1,14,14,G,0,0,OPEN,,AVAIL,N,430
TSTPASS,15,21,1,28,28,F,0,0,OPEN,,AVAIL,N,380
TSTPASS,15,20,1,28,28,F,0,0,OPEN,,AVAIL,N,380
TSTPASS,15,19,1,28,28,F,0,0,OPEN,,AVAIL,N,380
TSTPASS,15,18,1,28,28,F,0,0,OPEN,,AVAIL,N,380
TSTPASS,15,17,1,28,28,F,0,0,OPEN,,AVAIL,N,380
TSTPASS,15,16,1,28,28,F,0,0,OPEN,,AVAIL,N,380
TSTPASS,15,15,1,28,28,F,0,0,OPEN,,AVAIL,N,380
TSTPASS,15,14,1,28,28,F,0,0,OPEN,,AVAIL,N,380
TSTPASS,15,13,1,28,28,F,0,0,OPEN,,AVAIL,N,380
TSTPASS,15,12,1,28,28,F,0,0,OPEN,,AVAIL,N,380
TSTPASS,15,11,1,28,28,F,0,0,OPEN,,AVAIL,N,370
TSTPASS,15,10,1,28,28,F,0,0,OPEN,,AVAIL,N,370
TSTPASS,15,9,1,28,28,F,0,0,OPEN,,AVAIL,N,370
TSTPASS,15,8,1,28,28,F,0,0,OPEN,,AVAIL,N,370
TSTPASS,15,7,1,28,28,F,0,0,OPEN,,AVAIL,N,370
TSTPASS,15,6,1,28,28,F,0,0,OPEN,,AVAIL,N,370
TSTPASS,15,5,1,28,28,F,0,0,OPEN,,AVAIL,N,370
TSTPASS,15,4,1,28,28,F,0,0,OPEN,,AVAIL,N,370
TSTPASS,15,3,1,28,28,F,0,0,OPEN,,AVAIL,N,370
TSTPASS,15,2,1,28,28,F,0,0,OPEN,,AVAIL,N,370
TSTPASS,15,1,1,22,22,F,0,0,OPEN,,AVAIL,N,370
TSTPASS,16,21,1,28,28,F,0,0,OPEN,,AVAIL,N,310
TSTPASS,16,20,1,28,28,F,0,0,OPEN,,AVAIL,N,310
TSTPASS,16,19,1,28,28,F,0,0,OPEN,,AVAIL,N,310
TSTPASS,16,18,1,28,28,F,0,0,OPEN,,AVAIL,N,310
TSTPASS,16,17,1,28,28,F,0,0,OPEN,,AVAIL,N,310
TSTPASS,16,16,1,28,28,F,0,0,OPEN,,AVAIL,N,310
TSTPASS,16,15,1,28,28,F,0,0,OPEN,,AVAIL,N,310
TSTPASS,16,14,1,28,28,F,0,0,OPEN,,AVAIL,N,310
TSTPASS,16,13,1,28,28,F,0,0,OPEN,,AVAIL,N,310
TSTPASS,16,12,1,28,28,F,0,0,OPEN,,AVAIL,N,310
TSTPASS,16,11,1,28,28,F,0,0,OPEN,,AVAIL,N,310
TSTPASS,16,10,1,28,28,D,0,0,OPEN,,AVAIL,N,270
TSTPASS,16,9,1,28,28,D,0,0,OPEN,,AVAIL,N,270
TSTPASS,16,8,1,28,28,D,0,0,OPEN,,AVAIL,N,270
TSTPASS,16,7,1,28,28,D,0,0,OPEN,,AVAIL,N,270
TSTPASS,16,6,1,28,28,D,0,0,OPEN,,AVAIL,N,270
TSTPASS,16,5,1,28,28,D,0,0,OPEN,,AVAIL,N,270
TSTPASS,16,4,1,28,28,D,0,0,OPEN,,AVAIL,N,270
TSTPASS,16,3,1,28,28,D,0,0,OPEN,,AVAIL,N,270
TSTPASS,16,2,1,28,28,D,0,0,OPEN,,AVAIL,N,270
TSTPASS,16,1,1,20,20,D,0,0,OPEN,,AVAIL,N,270
TSTPASS,17,18,1,28,28,E,0,0,OPEN,,AVAIL,N,220
TSTPASS,17,17,1,28,28,E,0,0,OPEN,,AVAIL,N,220
TSTPASS,17,16,1,28,28,E,0,0,OPEN,,AVAIL,N,220
TSTPASS,17,15,1,28,28,E,0,0,OPEN,,AVAIL,N,220
TSTPASS,17,14,1,28,28,E,0,0,OPEN,,AVAIL,N,220
TSTPASS,17,13,1,28,28,E,0,0,OPEN,,AVAIL,N,220
TSTPASS,17,12,1,28,28,E,0,0,OPEN,,AVAIL,N,220
TSTPASS,17,11,1,28,28,D,0,0,OPEN,,AVAIL,N,140
TSTPASS,17,10,1,28,28,D,0,0,OPEN,,AVAIL,N,140
TSTPASS,17,9,1,28,28,D,0,0,OPEN,,AVAIL,N,140
TSTPASS,17,8,1,28,28,D,0,0,OPEN,,AVAIL,N,140
TSTPASS,17,7,1,28,28,D,0,0,OPEN,,AVAIL,N,140
TSTPASS,17,6,14,28,15,D,0,0,OPEN,,AVAIL,N,140
TSTPASS,17,6,1,5,5,D,0,0,OPEN,,AVAIL,N,140
TSTPASS,17,5,14,28,15,D,0,0,OPEN,,AVAIL,N,140
TSTPASS,17,5,1,5,5,D,0,0,OPEN,,AVAIL,N,140
TSTPASS,17,1,1,5,5,D,0,0,OPEN,,AVAIL,N,60
TSTPASS,18,21,18,29,12,E,0,0,OPEN,,AVAIL,N,210
TSTPASS,18,21,1,11,11,E,0,0,OPEN,,AVAIL,N,210
TSTPASS,18,20,1,29,29,E,0,0,OPEN,,AVAIL,N,210
TSTPASS,18,19,1,29,29,E,0,0,OPEN,,AVAIL,N,210
TSTPASS,18,18,1,29,29,E,0,0,OPEN,,AVAIL,N,210
TSTPASS,18,17,1,29,29,E,0,0,OPEN,,AVAIL,N,210
TSTPASS,18,16,1,29,29,E,0,0,OPEN,,AVAIL,N,210
TSTPASS,18,15,1,29,29,E,0,0,OPEN,,AVAIL,N,210
TSTPASS,18,14,1,29,29,E,0,0,OPEN,,AVAIL,N,210
TSTPASS,18,13,1,29,29,E,0,0,OPEN,,AVAIL,N,210
TSTPASS,18,12,1,29,29,E,0,0,OPEN,,AVAIL,N,210
TSTPASS,18,4,1,9,9,D,0,0,OPEN,,AVAIL,N,130
TSTPASS,18,3,21,29,9,D,0,0,OPEN,,AVAIL,N,130
TSTPASS,18,3,1,9,9,D,0,0,OPEN,,AVAIL,N,130
TSTPASS,18,2,21,29,9,D,0,0,OPEN,,AVAIL,N,130
TSTPASS,18,2,1,9,9,D,0,0,OPEN,,AVAIL,N,130
TSTPASS,18,1,21,29,9,D,0,0,OPEN,,AVAIL,N,50
TSTPASS,18,1,1,9,9,D,0,0,OPEN,,AVAIL,N,50
TSTPASS,19,11,1,28,28,K,0,0,OPEN,,AVAIL,N,150
TSTPASS,19,10,1,28,28,K,0,0,OPEN,,AVAIL,N,150
TSTPASS,19,9,1,28,28,K,0,0,OPEN,,AVAIL,N,150
TSTPASS,19,8,1,28,28,K,0,0,OPEN,,AVAIL,N,150
TSTPASS,19,7,1,28,28,K,0,0,OPEN,,AVAIL,N,150
TSTPASS,19,6,24,28,5,K,0,0,OPEN,,AVAIL,N,150
TSTPASS,19,6,1,16,16,K,0,0,OPEN,,AVAIL,N,150
TSTPASS,19,5,24,28,5,K,0,0,OPEN,,AVAIL,N,150
TSTPASS,19,5,1,16,16,K,0,0,OPEN,,AVAIL,N,150
TSTPASS,19,4,24,28,5,K,0,0,OPEN,,AVAIL,N,150
TSTPASS,19,4,1,16,16,K,0,0,OPEN,,AVAIL,N,150
TSTPASS,19,3,24,28,5,K,0,0,OPEN,,AVAIL,N,150
TSTPASS,19,3,1,16,16,K,0,0,OPEN,,AVAIL,N,150
TSTPASS,19,2,24,28,5,K,0,0,OPEN,,AVAIL,N,150
TSTPASS,19,2,1,16,16,K,0,0,OPEN,,AVAIL,N,150
TSTPASS,20,21,1,28,28,F,0,0,OPEN,,AVAIL,N,320
TSTPASS,20,20,1,28,28,F,0,0,OPEN,,AVAIL,N,320
TSTPASS,20,19,1,28,28,F,0,0,OPEN,,AVAIL,N,320
TSTPASS,20,18,1,28,28,F,0,0,OPEN,,AVAIL,N,320
TSTPASS,20,17,1,28,28,F,0,0,OPEN,,AVAIL,N,320
TSTPASS,20,16,1,28,28,F,0,0,OPEN,,AVAIL,N,320
TSTPASS,20,15,1,28,28,F,0,0,OPEN,,AVAIL,N,320
TSTPASS,20,14,1,28,28,F,0,0,OPEN,,AVAIL,N,320
TSTPASS,20,13,1,28,28,F,0,0,OPEN,,AVAIL,N,320
TSTPASS,20,12,1,28,28,F,0,0,OPEN,,AVAIL,N,320
TSTPASS,20,11,1,28,28,F,0,0,OPEN,,AVAIL,N,320
TSTPASS,20,10,1,28,28,D,0,0,OPEN,,AVAIL,N,280
TSTPASS,20,9,1,28,28,D,0,0,OPEN,,AVAIL,N,280
TSTPASS,20,8,1,28,28,D,0,0,OPEN,,AVAIL,N,280
TSTPASS,20,7,1,28,28,D,0,0,OPEN,,AVAIL,N,280
TSTPASS,20,6,1,28,28,D,0,0,OPEN,,AVAIL,N,280
TSTPASS,20,5,1,28,28,D,0,0,OPEN,,AVAIL,N,280
TSTPASS,20,4,1,28,28,D,0,0,OPEN,,AVAIL,N,280
TSTPASS,20,3,1,28,28,D,0,0,OPEN,,AVAIL,N,280
TSTPASS,20,2,1,28,28,D,0,0,OPEN,,AVAIL,N,280
TSTPASS,20,1,1,22,22,D,0,0,OPEN,,AVAIL,N,280
TSTPASS,21,21,1,28,28,F,0,0,OPEN,,AVAIL,N,400
TSTPASS,21,20,1,28,28,F,0,0,OPEN,,AVAIL,N,400
TSTPASS,21,19,1,28,28,F,0,0,OPEN,,AVAIL,N,400
TSTPASS,21,18,1,28,28,F,0,0,OPEN,,AVAIL,N,400
TSTPASS,21,17,1,28,28,F,0,0,OPEN,,AVAIL,N,400
TSTPASS,21,16,1,28,28,F,0,0,OPEN,,AVAIL,N,400
TSTPASS,21,15,1,28,28,F,0,0,OPEN,,AVAIL,N,400
TSTPASS,21,14,1,28,28,F,0,0,OPEN,,AVAIL,N,400
TSTPASS,21,13,1,28,28,F,0,0,OPEN,,AVAIL,N,400
TSTPASS,21,12,1,28,28,F,0,0,OPEN,,AVAIL,N,400
TSTPASS,21,11,1,28,28,F,0,0,OPEN,,AVAIL,N,390
TSTPASS,21,10,1,28,28,F,0,0,OPEN,,AVAIL,N,390
TSTPASS,21,9,1,28,28,F,0,0,OPEN,,AVAIL,N,390
TSTPASS,21,8,1,28,28,F,0,0,OPEN,,AVAIL,N,390
TSTPASS,21,7,1,28,28,F,0,0,OPEN,,AVAIL,N,390
TSTPASS,21,6,1,28,28,F,0,0,OPEN,,AVAIL,N,390
TSTPASS,21,5,1,28,28,F,0,0,OPEN,,AVAIL,N,390
TSTPASS,21,4,1,28,28,F,0,0,OPEN,,AVAIL,N,390
TSTPASS,21,3,1,28,28,F,0,0,OPEN,,AVAIL,N,390
TSTPASS,21,2,1,28,28,F,0,0,OPEN,,AVAIL,N,390
TSTPASS,21,1,1,22,22,F,0,0,OPEN,,AVAIL,N,390
TSTPASS,22,21,1,17,17,G,0,0,OPEN,,AVAIL,N,440
TSTPASS,22,20,1,15,15,G,0,0,OPEN,,AVAIL,N,440
TSTPASS,22,19,1,18,18,G,0,0,OPEN,,AVAIL,N,440
TSTPASS,22,18,1,18,18,G,0,0,OPEN,,AVAIL,N,440
TSTPASS,22,17,1,18,18,G,0,0,OPEN,,AVAIL,N,440
TSTPASS,22,16,1,18,18,G,0,0,OPEN,,AVAIL,N,440
TSTPASS,22,15,1,18,18,G,0,0,OPEN,,AVAIL,N,440
TSTPASS,22,14,1,18,18,G,0,0,OPEN,,AVAIL,N,440
TSTPASS,22,13,1,18,18,G,0,0,OPEN,,AVAIL,N,440
TSTPASS,22,12,1,18,18,G,0,0,OPEN,,AVAIL,N,440
TSTPASS,22,11,1,18,18,G,0,0,OPEN,,AVAIL,N,440
TSTPASS,22,10,1,18,18,G,0,0,OPEN,,AVAIL,N,440
TSTPASS,22,9,1,18,18,G,0,0,OPEN,,AVAIL,N,440
TSTPASS,22,8,1,18,18,G,0,0,OPEN,,AVAIL,N,440
TSTPASS,22,7,1,18,18,G,0,0,OPEN,,AVAIL,N,440
TSTPASS,22,6,1,18,18,G,0,0,OPEN,,AVAIL,N,440
TSTPASS,22,5,1,18,18,G,0,0,OPEN,,AVAIL,N,440
TSTPASS,22,4,1,18,18,G,0,0,OPEN,,AVAIL,N,440
TSTPASS,22,3,1,18,18,G,0,0,OPEN,,AVAIL,N,440
TSTPASS,22,2,1,18,18,G,0,0,OPEN,,AVAIL,N,440
TSTPASS,22,1,1,14,14,G,0,0,OPEN,,AVAIL,N,440
TSTPASS,BARDWN,GA9,1,50,50,J,0,0,OPEN,,AVAIL,N,510
TSTPASS,BARDWN,GA8,1,50,50,J,0,0,OPEN,,AVAIL,N,510
TSTPASS,BARDWN,GA7,1,50,50,J,0,0,OPEN,,AVAIL,N,510
TSTPASS,BARDWN,GA6,1,50,50,J,0,0,OPEN,,AVAIL,N,510
TSTPASS,BARDWN,GA5,1,50,50,J,0,0,OPEN,,AVAIL,N,510
TSTPASS,BARDWN,GA4,1,50,50,J,0,0,OPEN,,AVAIL,N,510
TSTPASS,BARDWN,GA3,1,50,50,J,0,0,OPEN,,AVAIL,N,510
TSTPASS,BARDWN,GA2,1,50,50,J,0,0,OPEN,,AVAIL,N,510
TSTPASS,BARDWN,GA1,1,50,50,J,0,0,OPEN,,AVAIL,N,510
TSTPASS,BARDWN,GA0,1,50,50,J,0,0,OPEN,,AVAIL,N,510
TSTPASS,FLD1,A,5,30,26,A,0,0,OPEN,,AVAIL,N,10
TSTPASS,PRES,PRES,1,15,15,A,0,0,PRESIDENT,,AVAIL,N,100
TSTPASS,SRO1,SR8,1,50,50,H,0,0,OPEN,,AVAIL,N,490
TSTPASS,SRO1,SR7,1,50,50,H,0,0,OPEN,,AVAIL,N,490
TSTPASS,SRO1,SR6,1,50,50,H,0,0,OPEN,,AVAIL,N,490
TSTPASS,SRO1,SR5,1,50,50,H,0,0,OPEN,,AVAIL,N,490
TSTPASS,SRO1,SR4,1,50,50,H,0,0,OPEN,,AVAIL,N,490
TSTPASS,SRO1,SR3,1,50,50,H,0,0,OPEN,,AVAIL,N,490
TSTPASS,SRO1,SR2,1,50,50,H,0,0,OPEN,,AVAIL,N,490
TSTPASS,SRO1,SR1,1,50,50,H,0,0,OPEN,,AVAIL,N,490
TSTPASS,SRO1,SR0,1,50,50,H,0,0,OPEN,,AVAIL,N,490
TSTPASS,SRO2,SR8,1,50,50,H,0,0,OPEN,,AVAIL,N,500
TSTPASS,SRO2,SR7,1,50,50,H,0,0,OPEN,,AVAIL,N,500
TSTPASS,SRO2,SR6,1,50,50,H,0,0,OPEN,,AVAIL,N,500
TSTPASS,SRO2,SR5,1,50,50,H,0,0,OPEN,,AVAIL,N,500
TSTPASS,SRO2,SR4,1,50,50,H,0,0,OPEN,,AVAIL,N,500
TSTPASS,SRO2,SR3,1,50,50,H,0,0,OPEN,,AVAIL,N,500
TSTPASS,SRO2,SR2,1,50,50,H,0,0,OPEN,,AVAIL,N,500
TSTPASS,SRO2,SR1,1,50,50,H,0,0,OPEN,,AVAIL,N,500
TSTPASS,SRO2,SR0,1,50,50,H,0,0,OPEN,,AVAIL,N,500
TSTPASS,STE1,GA0,1,50,50,M,0,0,SUITES,,AVAIL,N,100
TSTPASS,STE2,GA0,1,50,50,M,0,0,SUITES,,AVAIL,N,100
TSTPASS,STE3,GA0,1,25,25,M,0,0,SUITES,,AVAIL,N,100
TSTPASS,STE4,GA0,1,28,28,M,0,0,SUITES,,AVAIL,N,100
TSTPASS,STE5,GA0,1,25,25,M,0,0,SUITES,,AVAIL,N,100
TSTPASS,STE6,GA0,1,25,25,M,0,0,SUITES,,AVAIL,N,100
TSTPLUS,GA1,GA1,1,50,50,A,50.00,2500.00,OPEN,,AVAIL,N,100
TSTPLUS,GA1,GA2,1,50,50,A,50.00,2500.00,OPEN,,AVAIL,N,100
TSTPLUS,GA1,GA8,1,50,50,D,50.00,2500.00,OPEN,,AVAIL,N,100
TSTPLUS,GA1,GA7,1,50,50,D,50.00,2500.00,OPEN,,AVAIL,N,100
TSTPLUS,GA1,GA6,1,50,50,C,50.00,2500.00,OPEN,,AVAIL,N,100
TSTPLUS,GA1,GA5,1,50,50,C,50.00,2500.00,OPEN,,AVAIL,N,100
TSTPLUS,GA1,GA4,1,50,50,B,50.00,2500.00,OPEN,,AVAIL,N,100
TSTPLUS,GA1,GA3,1,50,50,B,50.00,2500.00,OPEN,,AVAIL,N,100
TSTPRO,GA1,GA10,1,50,50,A,0,0,OPEN,,AVAIL,N,100
TSTPRO,GA1,GA9,1,50,50,A,0,0,OPEN,,AVAIL,N,100
TSTPRO,GA1,GA8,1,50,50,A,0,0,OPEN,,AVAIL,N,100
TSTPRO,GA1,GA7,1,50,50,A,0,0,OPEN,,AVAIL,N,100
TSTPRO,GA1,GA6,1,50,50,A,0,0,OPEN,,AVAIL,N,100
TSTPRO,GA1,GA5,1,50,50,A,0,0,OPEN,,AVAIL,N,100
TSTPRO,GA1,GA4,1,50,50,A,0,0,OPEN,,AVAIL,N,100
TSTPRO,GA1,GA3,1,50,50,A,0,0,OPEN,,AVAIL,N,100
TSTPRO,GA1,GA2,1,50,50,A,0,0,OPEN,,AVAIL,N,100
TSTPRO,GA1,GA1,1,50,50,A,0,0,OPEN,,AVAIL,N,100
TSTPRO,GA2,GA10,1,50,50,A,0,0,OPEN,,AVAIL,N,100
TSTPRO,GA2,GA9,1,50,50,A,0,0,OPEN,,AVAIL,N,100
TSTPRO,GA2,GA8,1,50,50,A,0,0,OPEN,,AVAIL,N,100
TSTPRO,GA2,GA7,1,50,50,A,0,0,OPEN,,AVAIL,N,100
TSTPRO,GA2,GA6,1,50,50,A,0,0,OPEN,,AVAIL,N,100
TSTPRO,GA2,GA5,1,50,50,A,0,0,OPEN,,AVAIL,N,100
TSTPRO,GA2,GA4,1,50,50,A,0,0,OPEN,,AVAIL,N,100
TSTPRO,GA2,GA3,1,50,50,A,0,0,OPEN,,AVAIL,N,100
TSTPRO,GA2,GA2,1,50,50,A,0,0,OPEN,,AVAIL,N,100
TSTPRO,GA2,GA1,1,50,50,A,0,0,OPEN,,AVAIL,N,100
TSTPRO,GA3,GA10,1,50,50,A,0,0,OPEN,,AVAIL,N,100
TSTPRO,GA3,GA9,1,50,50,A,0,0,OPEN,,AVAIL,N,100
TSTPRO,GA3,GA8,1,50,50,A,0,0,OPEN,,AVAIL,N,100
TSTPRO,GA3,GA7,1,50,50,A,0,0,OPEN,,AVAIL,N,100
TSTPRO,GA3,GA6,1,50,50,A,0,0,OPEN,,AVAIL,N,100
TSTPRO,GA3,GA5,1,50,50,A,0,0,OPEN,,AVAIL,N,100
TSTPRO,GA3,GA4,1,50,50,A,0,0,OPEN,,AVAIL,N,100
TSTPRO,GA3,GA3,1,50,50,A,0,0,OPEN,,AVAIL,N,100
TSTPRO,GA3,GA2,1,50,50,A,0,0,OPEN,,AVAIL,N,100
TSTPRO,GA3,GA1,1,50,50,A,0,0,OPEN,,AVAIL,N,100
TSTPRO,GA4,GA10,1,50,50,A,0,0,OPEN,,AVAIL,N,100
TSTPRO,GA4,GA9,1,50,50,A,0,0,OPEN,,AVAIL,N,100
TSTPRO,GA4,GA8,1,50,50,A,0,0,OPEN,,AVAIL,N,100
TSTPRO,GA4,GA7,1,50,50,A,0,0,OPEN,,AVAIL,N,100
TSTPRO,GA4,GA6,1,50,50,A,0,0,OPEN,,AVAIL,N,100
TSTPRO,GA4,GA5,1,50,50,A,0,0,OPEN,,AVAIL,N,100
TSTPRO,GA4,GA4,1,50,50,A,0,0,OPEN,,AVAIL,N,100
TSTPRO,GA4,GA3,1,50,50,A,0,0,OPEN,,AVAIL,N,100
TSTPRO,GA4,GA2,1,50,50,A,0,0,OPEN,,AVAIL,N,100
TSTPRO,GA4,GA1,1,50,50,A,0,0,OPEN,,AVAIL,N,100
TSTPRO,GA5,GA10,1,50,50,A,0,0,OPEN,,AVAIL,N,100
TSTPRO,GA5,GA9,1,50,50,A,0,0,OPEN,,AVAIL,N,100
TSTPRO,GA5,GA8,1,50,50,A,0,0,OPEN,,AVAIL,N,100
TSTPRO,GA5,GA7,1,50,50,A,0,0,OPEN,,AVAIL,N,100
TSTPRO,GA5,GA6,1,50,50,A,0,0,OPEN,,AVAIL,N,100
TSTPRO,GA5,GA5,1,50,50,A,0,0,OPEN,,AVAIL,N,100
TSTPRO,GA5,GA4,1,50,50,A,0,0,OPEN,,AVAIL,N,100
TSTPRO,GA5,GA3,1,50,50,A,0,0,OPEN,,AVAIL,N,100
TSTPRO,GA5,GA2,1,50,50,A,0,0,OPEN,,AVAIL,N,100
TSTPRO,GA5,GA1,1,50,50,A,0,0,OPEN,,AVAIL,N,100
TSTPRO,GA6,GA10,1,50,50,A,0,0,OPEN,,AVAIL,N,100
TSTPRO,GA6,GA9,1,50,50,A,0,0,OPEN,,AVAIL,N,100
TSTPRO,GA6,GA8,1,50,50,A,0,0,OPEN,,AVAIL,N,100
TSTPRO,GA6,GA7,1,50,50,A,0,0,OPEN,,AVAIL,N,100
TSTPRO,GA6,GA6,1,50,50,A,0,0,OPEN,,AVAIL,N,100
TSTPRO,GA6,GA5,1,50,50,A,0,0,OPEN,,AVAIL,N,100
TSTPRO,GA6,GA4,1,50,50,A,0,0,OPEN,,AVAIL,N,100
TSTPRO,GA6,GA3,1,50,50,A,0,0,OPEN,,AVAIL,N,100
TSTPRO,GA6,GA2,1,50,50,A,0,0,OPEN,,AVAIL,N,100
TSTPRO,GA6,GA1,1,50,50,A,0,0,OPEN,,AVAIL,N,100
TSTPRO,GA7,GA10,1,50,50,A,0,0,OPEN,,AVAIL,N,100
TSTPRO,GA7,GA9,1,50,50,A,0,0,OPEN,,AVAIL,N,100
TSTPRO,GA7,GA8,1,50,50,A,0,0,OPEN,,AVAIL,N,100
TSTPRO,GA7,GA7,1,50,50,A,0,0,OPEN,,AVAIL,N,100
TSTPRO,GA7,GA6,1,50,50,A,0,0,OPEN,,AVAIL,N,100
TSTPRO,GA7,GA5,1,50,50,A,0,0,OPEN,,AVAIL,N,100
TSTPRO,GA7,GA4,1,50,50,A,0,0,OPEN,,AVAIL,N,100
TSTPRO,GA7,GA3,1,50,50,A,0,0,OPEN,,AVAIL,N,100
TSTPRO,GA7,GA2,1,50,50,A,0,0,OPEN,,AVAIL,N,100
TSTPRO,GA7,GA1,1,50,50,A,0,0,OPEN,,AVAIL,N,100
TSTPRO,GA8,GA10,1,50,50,A,0,0,OPEN,,AVAIL,N,100
TSTPRO,GA8,GA9,1,50,50,A,0,0,OPEN,,AVAIL,N,100
TSTPRO,GA8,GA8,1,50,50,A,0,0,OPEN,,AVAIL,N,100
TSTPRO,GA8,GA7,1,50,50,A,0,0,OPEN,,AVAIL,N,100
TSTPRO,GA8,GA6,1,50,50,A,0,0,OPEN,,AVAIL,N,100
TSTPRO,GA8,GA5,1,50,50,A,0,0,OPEN,,AVAIL,N,100
TSTPRO,GA8,GA4,1,50,50,A,0,0,OPEN,,AVAIL,N,100
TSTPRO,GA8,GA3,1,50,50,A,0,0,OPEN,,AVAIL,N,100
TSTPRO,GA8,GA2,1,50,50,A,0,0,OPEN,,AVAIL,N,100
TSTPRO,GA8,GA1,1,50,50,A,0,0,OPEN,,AVAIL,N,100
TSTPRO,GA9,GA10,1,50,50,A,0,0,OPEN,,AVAIL,N,100
TSTPRO,GA9,GA9,1,50,50,A,0,0,OPEN,,AVAIL,N,100
TSTPRO,GA9,GA8,1,50,50,A,0,0,OPEN,,AVAIL,N,100
TSTPRO,GA9,GA7,1,50,50,A,0,0,OPEN,,AVAIL,N,100
TSTPRO,GA9,GA6,1,50,50,A,0,0,OPEN,,AVAIL,N,100
TSTPRO,GA9,GA5,1,50,50,A,0,0,OPEN,,AVAIL,N,100
TSTPRO,GA9,GA4,1,50,50,A,0,0,OPEN,,AVAIL,N,100
TSTPRO,GA9,GA3,1,50,50,A,0,0,OPEN,,AVAIL,N,100
TSTPRO,GA9,GA2,1,50,50,A,0,0,OPEN,,AVAIL,N,100
TSTPRO,GA9,GA1,1,50,50,A,0,0,OPEN,,AVAIL,N,100
TSTPRO,GA10,GA10,1,50,50,A,0,0,OPEN,,AVAIL,N,100
TSTPRO,GA10,GA9,1,50,50,A,0,0,OPEN,,AVAIL,N,100
TSTPRO,GA10,GA8,1,50,50,A,0,0,OPEN,,AVAIL,N,100
TSTPRO,GA10,GA7,1,50,50,A,0,0,OPEN,,AVAIL,N,100
TSTPRO,GA10,GA6,1,50,50,A,0,0,OPEN,,AVAIL,N,100
TSTPRO,GA10,GA5,1,50,50,A,0,0,OPEN,,AVAIL,N,100
TSTPRO,GA10,GA4,1,50,50,A,0,0,OPEN,,AVAIL,N,100
TSTPRO,GA10,GA3,1,50,50,A,0,0,OPEN,,AVAIL,N,100
TSTPRO,GA10,GA2,1,50,50,A,0,0,OPEN,,AVAIL,N,100
TSTPRO,GA10,GA1,1,50,50,A,0,0,OPEN,,AVAIL,N,100
TSTPRO,GA11,GA10,1,50,50,A,0,0,OPEN,,AVAIL,N,100
TSTPRO,GA11,GA9,1,50,50,A,0,0,OPEN,,AVAIL,N,100
TSTPRO,GA11,GA8,1,50,50,A,0,0,OPEN,,AVAIL,N,100
TSTPRO,GA11,GA7,1,50,50,A,0,0,OPEN,,AVAIL,N,100
TSTPRO,GA11,GA6,1,50,50,A,0,0,OPEN,,AVAIL,N,100
TSTPRO,GA11,GA5,1,50,50,A,0,0,OPEN,,AVAIL,N,100
TSTPRO,GA11,GA4,1,50,50,A,0,0,OPEN,,AVAIL,N,100
TSTPRO,GA11,GA3,1,50,50,A,0,0,OPEN,,AVAIL,N,100
TSTPRO,GA11,GA2,1,50,50,A,0,0,OPEN,,AVAIL,N,100
TSTPRO,GA11,GA1,1,50,50,A,0,0,OPEN,,AVAIL,N,100
TSTPRO,GA12,GA10,1,50,50,A,0,0,OPEN,,AVAIL,N,100
TSTPRO,GA12,GA9,1,50,50,A,0,0,OPEN,,AVAIL,N,100
TSTPRO,GA12,GA8,1,50,50,A,0,0,OPEN,,AVAIL,N,100
TSTPRO,GA12,GA7,1,50,50,A,0,0,OPEN,,AVAIL,N,100
TSTPRO,GA12,GA6,1,50,50,A,0,0,OPEN,,AVAIL,N,100
TSTPRO,GA12,GA5,1,50,50,A,0,0,OPEN,,AVAIL,N,100
TSTPRO,GA12,GA4,1,50,50,A,0,0,OPEN,,AVAIL,N,100
TSTPRO,GA12,GA3,1,50,50,A,0,0,OPEN,,AVAIL,N,100
TSTPRO,GA12,GA2,1,50,50,A,0,0,OPEN,,AVAIL,N,100
TSTPRO,GA12,GA1,1,50,50,A,0,0,OPEN,,AVAIL,N,100
TSTPRO,GA13,GA10,1,50,50,A,0,0,OPEN,,AVAIL,N,100
TSTPRO,GA13,GA9,1,50,50,A,0,0,OPEN,,AVAIL,N,100
TSTPRO,GA13,GA8,1,50,50,A,0,0,OPEN,,AVAIL,N,100
TSTPRO,GA13,GA7,1,50,50,A,0,0,OPEN,,AVAIL,N,100
TSTPRO,GA13,GA6,1,50,50,A,0,0,OPEN,,AVAIL,N,100
TSTPRO,GA13,GA5,1,50,50,A,0,0,OPEN,,AVAIL,N,100
TSTPRO,GA13,GA4,1,50,50,A,0,0,OPEN,,AVAIL,N,100
TSTPRO,GA13,GA3,1,50,50,A,0,0,OPEN,,AVAIL,N,100
TSTPRO,GA13,GA2,1,50,50,A,0,0,OPEN,,AVAIL,N,100
TSTPRO,GA13,GA1,1,50,50,A,0,0,OPEN,,AVAIL,N,100
TSTPRO,GA14,GA10,1,50,50,A,0,0,OPEN,,AVAIL,N,100
TSTPRO,GA14,GA9,1,50,50,A,0,0,OPEN,,AVAIL,N,100
TSTPRO,GA14,GA8,1,50,50,A,0,0,OPEN,,AVAIL,N,100
TSTPRO,GA14,GA7,1,50,50,A,0,0,OPEN,,AVAIL,N,100
TSTPRO,GA14,GA6,1,50,50,A,0,0,OPEN,,AVAIL,N,100
TSTPRO,GA14,GA5,1,50,50,A,0,0,OPEN,,AVAIL,N,100
TSTPRO,GA14,GA4,1,50,50,A,0,0,OPEN,,AVAIL,N,100
TSTPRO,GA14,GA3,1,50,50,A,0,0,OPEN,,AVAIL,N,100
TSTPRO,GA14,GA2,1,50,50,A,0,0,OPEN,,AVAIL,N,100
TSTPRO,GA14,GA1,1,50,50,A,0,0,OPEN,,AVAIL,N,100
TSTPRO,GA15,GA10,1,50,50,A,0,0,OPEN,,AVAIL,N,100
TSTPRO,GA15,GA9,1,50,50,A,0,0,OPEN,,AVAIL,N,100
TSTPRO,GA15,GA8,1,50,50,A,0,0,OPEN,,AVAIL,N,100
TSTPRO,GA15,GA7,1,50,50,A,0,0,OPEN,,AVAIL,N,100
TSTPRO,GA15,GA6,1,50,50,A,0,0,OPEN,,AVAIL,N,100
TSTPRO,GA15,GA5,1,50,50,A,0,0,OPEN,,AVAIL,N,100
TSTPRO,GA15,GA4,1,50,50,A,0,0,OPEN,,AVAIL,N,100
TSTPRO,GA15,GA3,1,50,50,A,0,0,OPEN,,AVAIL,N,100
TSTPRO,GA15,GA2,1,50,50,A,0,0,OPEN,,AVAIL,N,100
TSTPRO,GA15,GA1,1,50,50,A,0,0,OPEN,,AVAIL,N,100
TSTPRO,GA16,GA10,1,50,50,A,0,0,OPEN,,AVAIL,N,100
TSTPRO,GA16,GA9,1,50,50,A,0,0,OPEN,,AVAIL,N,100
TSTPRO,GA16,GA8,1,50,50,A,0,0,OPEN,,AVAIL,N,100
TSTPRO,GA16,GA7,1,50,50,A,0,0,OPEN,,AVAIL,N,100
TSTPRO,GA16,GA6,1,50,50,A,0,0,OPEN,,AVAIL,N,100
TSTPRO,GA16,GA5,1,50,50,A,0,0,OPEN,,AVAIL,N,100
TSTPRO,GA16,GA4,1,50,50,A,0,0,OPEN,,AVAIL,N,100
TSTPRO,GA16,GA3,1,50,50,A,0,0,OPEN,,AVAIL,N,100
TSTPRO,GA16,GA2,1,50,50,A,0,0,OPEN,,AVAIL,N,100
TSTPRO,GA16,GA1,1,50,50,A,0,0,OPEN,,AVAIL,N,100
TSTPRO,GA17,GA10,1,50,50,A,0,0,OPEN,,AVAIL,N,100
TSTPRO,GA17,GA9,1,50,50,A,0,0,OPEN,,AVAIL,N,100
TSTPRO,GA17,GA8,1,50,50,A,0,0,OPEN,,AVAIL,N,100
TSTPRO,GA17,GA7,1,50,50,A,0,0,OPEN,,AVAIL,N,100
TSTPRO,GA17,GA6,1,50,50,A,0,0,OPEN,,AVAIL,N,100
TSTPRO,GA17,GA5,1,50,50,A,0,0,OPEN,,AVAIL,N,100
TSTPRO,GA17,GA4,1,50,50,A,0,0,OPEN,,AVAIL,N,100
TSTPRO,GA17,GA3,1,50,50,A,0,0,OPEN,,AVAIL,N,100
TSTPRO,GA17,GA2,1,50,50,A,0,0,OPEN,,AVAIL,N,100
TSTPRO,GA17,GA1,1,50,50,A,0,0,OPEN,,AVAIL,N,100
TSTPRO,GA18,GA10,1,50,50,A,0,0,OPEN,,AVAIL,N,100
TSTPRO,GA18,GA9,1,50,50,A,0,0,OPEN,,AVAIL,N,100
TSTPRO,GA18,GA8,1,50,50,A,0,0,OPEN,,AVAIL,N,100
TSTPRO,GA18,GA7,1,50,50,A,0,0,OPEN,,AVAIL,N,100
TSTPRO,GA18,GA6,1,50,50,A,0,0,OPEN,,AVAIL,N,100
TSTPRO,GA18,GA5,1,50,50,A,0,0,OPEN,,AVAIL,N,100
TSTPRO,GA18,GA4,1,50,50,A,0,0,OPEN,,AVAIL,N,100
TSTPRO,GA18,GA3,1,50,50,A,0,0,OPEN,,AVAIL,N,100
TSTPRO,GA18,GA2,1,50,50,A,0,0,OPEN,,AVAIL,N,100
TSTPRO,GA18,GA1,1,50,50,A,0,0,OPEN,,AVAIL,N,100
TSTPRO,GA19,GA10,1,50,50,A,0,0,OPEN,,AVAIL,N,100
TSTPRO,GA19,GA9,1,50,50,A,0,0,OPEN,,AVAIL,N,100
TSTPRO,GA19,GA8,1,50,50,A,0,0,OPEN,,AVAIL,N,100
TSTPRO,GA19,GA7,1,50,50,A,0,0,OPEN,,AVAIL,N,100
TSTPRO,GA19,GA6,1,50,50,A,0,0,OPEN,,AVAIL,N,100
TSTPRO,GA19,GA5,1,50,50,A,0,0,OPEN,,AVAIL,N,100
TSTPRO,GA19,GA4,1,50,50,A,0,0,OPEN,,AVAIL,N,100
TSTPRO,GA19,GA3,1,50,50,A,0,0,OPEN,,AVAIL,N,100
TSTPRO,GA19,GA2,1,50,50,A,0,0,OPEN,,AVAIL,N,100
TSTPRO,GA19,GA1,1,50,50,A,0,0,OPEN,,AVAIL,N,100
TSTPRO,GA20,GA10,1,50,50,A,0,0,OPEN,,AVAIL,N,100
TSTPRO,GA20,GA9,1,50,50,A,0,0,OPEN,,AVAIL,N,100
TSTPRO,GA20,GA8,1,50,50,A,0,0,OPEN,,AVAIL,N,100
TSTPRO,GA20,GA7,1,50,50,A,0,0,OPEN,,AVAIL,N,100
TSTPRO,GA20,GA6,1,50,50,A,0,0,OPEN,,AVAIL,N,100
TSTPRO,GA20,GA5,1,50,50,A,0,0,OPEN,,AVAIL,N,100
TSTPRO,GA20,GA4,1,50,50,A,0,0,OPEN,,AVAIL,N,100
TSTPRO,GA20,GA3,1,50,50,A,0,0,OPEN,,AVAIL,N,100
TSTPRO,GA20,GA2,1,50,50,A,0,0,OPEN,,AVAIL,N,100
TSTPRO,GA20,GA1,1,50,50,A,0,0,OPEN,,AVAIL,N,100
TSTVIP,GA1,GA1,1,50,50,A,125.00,6250.00,OPEN,,AVAIL,N,100
TSTVIP,GA1,GA10,1,50,50,A,125.00,6250.00,OPEN,,AVAIL,N,100
TSTVIP,GA1,GA9,1,50,50,A,125.00,6250.00,OPEN,,AVAIL,N,100
TSTVIP,GA1,GA8,1,50,50,A,125.00,6250.00,OPEN,,AVAIL,N,100
TSTVIP,GA1,GA7,1,50,50,A,125.00,6250.00,OPEN,,AVAIL,N,100
TSTVIP,GA1,GA6,1,50,50,A,125.00,6250.00,OPEN,,AVAIL,N,100
TSTVIP,GA1,GA5,1,50,50,A,125.00,6250.00,OPEN,,AVAIL,N,100
TSTVIP,GA1,GA4,1,50,50,A,125.00,6250.00,OPEN,,AVAIL,N,100
TSTVIP,GA1,GA3,1,50,50,A,125.00,6250.00,OPEN,,AVAIL,N,100
TSTVIP,GA1,GA2,1,50,50,A,125.00,6250.00,OPEN,,AVAIL,N,100
TSTVIP,GA2,GA10,1,50,50,A,125.00,6250.00,OPEN,,AVAIL,N,100
TSTVIP,GA2,GA9,1,50,50,A,125.00,6250.00,OPEN,,AVAIL,N,100
TSTVIP,GA2,GA8,1,50,50,A,125.00,6250.00,OPEN,,AVAIL,N,100
TSTVIP,GA2,GA7,1,50,50,A,125.00,6250.00,OPEN,,AVAIL,N,100
TSTVIP,GA2,GA6,1,50,50,A,125.00,6250.00,OPEN,,AVAIL,N,100
TSTVIP,GA2,GA5,1,50,50,A,125.00,6250.00,OPEN,,AVAIL,N,100
TSTVIP,GA2,GA4,1,50,50,A,125.00,6250.00,OPEN,,AVAIL,N,100
TSTVIP,GA2,GA3,1,50,50,A,125.00,6250.00,OPEN,,AVAIL,N,100
TSTVIP,GA2,GA2,1,50,50,A,125.00,6250.00,OPEN,,AVAIL,N,100
TSTVIP,GA2,GA1,1,50,50,A,125.00,6250.00,OPEN,,AVAIL,N,100
TSTVIP,GA3,GA10,1,50,50,A,125.00,6250.00,OPEN,,AVAIL,N,100
TSTVIP,GA3,GA9,1,50,50,A,125.00,6250.00,OPEN,,AVAIL,N,100
TSTVIP,GA3,GA8,1,50,50,A,125.00,6250.00,OPEN,,AVAIL,N,100
TSTVIP,GA3,GA7,1,50,50,A,125.00,6250.00,OPEN,,AVAIL,N,100
TSTVIP,GA3,GA6,1,50,50,A,125.00,6250.00,OPEN,,AVAIL,N,100
TSTVIP,GA3,GA5,1,50,50,A,125.00,6250.00,OPEN,,AVAIL,N,100
TSTVIP,GA3,GA4,1,50,50,A,125.00,6250.00,OPEN,,AVAIL,N,100
TSTVIP,GA3,GA3,1,50,50,A,125.00,6250.00,OPEN,,AVAIL,N,100
TSTVIP,GA3,GA2,1,50,50,A,125.00,6250.00,OPEN,,AVAIL,N,100
TSTVIP,GA3,GA1,1,50,50,A,125.00,6250.00,OPEN,,AVAIL,N,100
TSTVIP,GA4,GA10,1,50,50,A,125.00,6250.00,OPEN,,AVAIL,N,100
TSTVIP,GA4,GA9,1,50,50,A,125.00,6250.00,OPEN,,AVAIL,N,100
TSTVIP,GA4,GA8,1,50,50,A,125.00,6250.00,OPEN,,AVAIL,N,100
TSTVIP,GA4,GA7,1,50,50,A,125.00,6250.00,OPEN,,AVAIL,N,100
TSTVIP,GA4,GA6,1,50,50,A,125.00,6250.00,OPEN,,AVAIL,N,100
TSTVIP,GA4,GA5,1,50,50,A,125.00,6250.00,OPEN,,AVAIL,N,100
TSTVIP,GA4,GA4,1,50,50,A,125.00,6250.00,OPEN,,AVAIL,N,100
TSTVIP,GA4,GA3,1,50,50,A,125.00,6250.00,OPEN,,AVAIL,N,100
TSTVIP,GA4,GA2,1,50,50,A,125.00,6250.00,OPEN,,AVAIL,N,100
TSTVIP,GA4,GA1,1,50,50,A,125.00,6250.00,OPEN,,AVAIL,N,100
TSTVIP,GA5,GA10,1,50,50,A,125.00,6250.00,OPEN,,AVAIL,N,100
TSTVIP,GA5,GA9,1,50,50,A,125.00,6250.00,OPEN,,AVAIL,N,100
TSTVIP,GA5,GA8,1,50,50,A,125.00,6250.00,OPEN,,AVAIL,N,100
TSTVIP,GA5,GA7,1,50,50,A,125.00,6250.00,OPEN,,AVAIL,N,100
TSTVIP,GA5,GA6,1,50,50,A,125.00,6250.00,OPEN,,AVAIL,N,100
TSTVIP,GA5,GA5,1,50,50,A,125.00,6250.00,OPEN,,AVAIL,N,100
TSTVIP,GA5,GA4,1,50,50,A,125.00,6250.00,OPEN,,AVAIL,N,100
TSTVIP,GA5,GA3,1,50,50,A,125.00,6250.00,OPEN,,AVAIL,N,100
TSTVIP,GA5,GA2,1,50,50,A,125.00,6250.00,OPEN,,AVAIL,N,100
TSTVIP,GA5,GA1,1,50,50,A,125.00,6250.00,OPEN,,AVAIL,N,100
TSTVIP,GA6,GA10,1,50,50,A,125.00,6250.00,OPEN,,AVAIL,N,100
TSTVIP,GA6,GA9,1,50,50,A,125.00,6250.00,OPEN,,AVAIL,N,100
TSTVIP,GA6,GA8,1,50,50,A,125.00,6250.00,OPEN,,AVAIL,N,100
TSTVIP,GA6,GA7,1,50,50,A,125.00,6250.00,OPEN,,AVAIL,N,100
TSTVIP,GA6,GA6,1,50,50,A,125.00,6250.00,OPEN,,AVAIL,N,100
TSTVIP,GA6,GA5,1,50,50,A,125.00,6250.00,OPEN,,AVAIL,N,100
TSTVIP,GA6,GA4,1,50,50,A,125.00,6250.00,OPEN,,AVAIL,N,100
TSTVIP,GA6,GA3,1,50,50,A,125.00,6250.00,OPEN,,AVAIL,N,100
TSTVIP,GA6,GA2,1,50,50,A,125.00,6250.00,OPEN,,AVAIL,N,100
TSTVIP,GA6,GA1,1,50,50,A,125.00,6250.00,OPEN,,AVAIL,N,100
TSTVIP,GA7,GA10,1,50,50,A,125.00,6250.00,OPEN,,AVAIL,N,100
TSTVIP,GA7,GA9,1,50,50,A,125.00,6250.00,OPEN,,AVAIL,N,100
TSTVIP,GA7,GA8,1,50,50,A,125.00,6250.00,OPEN,,AVAIL,N,100
TSTVIP,GA7,GA7,1,50,50,A,125.00,6250.00,OPEN,,AVAIL,N,100
TSTVIP,GA7,GA6,1,50,50,A,125.00,6250.00,OPEN,,AVAIL,N,100
TSTVIP,GA7,GA5,1,50,50,A,125.00,6250.00,OPEN,,AVAIL,N,100
TSTVIP,GA7,GA4,1,50,50,A,125.00,6250.00,OPEN,,AVAIL,N,100
TSTVIP,GA7,GA3,1,50,50,A,125.00,6250.00,OPEN,,AVAIL,N,100
TSTVIP,GA7,GA2,1,50,50,A,125.00,6250.00,OPEN,,AVAIL,N,100
TSTVIP,GA7,GA1,1,50,50,A,125.00,6250.00,OPEN,,AVAIL,N,100
TSTVIP,GA8,GA10,1,50,50,A,125.00,6250.00,OPEN,,AVAIL,N,100
TSTVIP,GA8,GA9,1,50,50,A,125.00,6250.00,OPEN,,AVAIL,N,100
TSTVIP,GA8,GA8,1,50,50,A,125.00,6250.00,OPEN,,AVAIL,N,100
TSTVIP,GA8,GA7,1,50,50,A,125.00,6250.00,OPEN,,AVAIL,N,100
TSTVIP,GA8,GA6,1,50,50,A,125.00,6250.00,OPEN,,AVAIL,N,100
TSTVIP,GA8,GA5,1,50,50,A,125.00,6250.00,OPEN,,AVAIL,N,100
TSTVIP,GA8,GA4,1,50,50,A,125.00,6250.00,OPEN,,AVAIL,N,100
TSTVIP,GA8,GA3,1,50,50,A,125.00,6250.00,OPEN,,AVAIL,N,100
TSTVIP,GA8,GA2,1,50,50,A,125.00,6250.00,OPEN,,AVAIL,N,100
TSTVIP,GA8,GA1,1,50,50,A,125.00,6250.00,OPEN,,AVAIL,N,100
TSTVIP,GA9,GA10,1,50,50,A,125.00,6250.00,OPEN,,AVAIL,N,100
TSTVIP,GA9,GA9,1,50,50,A,125.00,6250.00,OPEN,,AVAIL,N,100
TSTVIP,GA9,GA8,1,50,50,A,125.00,6250.00,OPEN,,AVAIL,N,100
TSTVIP,GA9,GA7,1,50,50,A,125.00,6250.00,OPEN,,AVAIL,N,100
TSTVIP,GA9,GA6,1,50,50,A,125.00,6250.00,OPEN,,AVAIL,N,100
TSTVIP,GA9,GA5,1,50,50,A,125.00,6250.00,OPEN,,AVAIL,N,100
TSTVIP,GA9,GA4,1,50,50,A,125.00,6250.00,OPEN,,AVAIL,N,100
TSTVIP,GA9,GA3,1,50,50,A,125.00,6250.00,OPEN,,AVAIL,N,100
TSTVIP,GA9,GA2,1,50,50,A,125.00,6250.00,OPEN,,AVAIL,N,100
TSTVIP,GA9,GA1,1,50,50,A,125.00,6250.00,OPEN,,AVAIL,N,100
TSTVIP,GA10,GA10,1,50,50,A,125.00,6250.00,OPEN,,AVAIL,N,100
TSTVIP,GA10,GA9,1,50,50,A,125.00,6250.00,OPEN,,AVAIL,N,100
TSTVIP,GA10,GA8,1,50,50,A,125.00,6250.00,OPEN,,AVAIL,N,100
TSTVIP,GA10,GA7,1,50,50,A,125.00,6250.00,OPEN,,AVAIL,N,100
TSTVIP,GA10,GA6,1,50,50,A,125.00,6250.00,OPEN,,AVAIL,N,100
TSTVIP,GA10,GA5,1,50,50,A,125.00,6250.00,OPEN,,AVAIL,N,100
TSTVIP,GA10,GA4,1,50,50,A,125.00,6250.00,OPEN,,AVAIL,N,100
TSTVIP,GA10,GA3,1,50,50,A,125.00,6250.00,OPEN,,AVAIL,N,100
TSTVIP,GA10,GA2,1,50,50,A,125.00,6250.00,OPEN,,AVAIL,N,100
TSTVIP,GA10,GA1,1,50,50,A,125.00,6250.00,OPEN,,AVAIL,N,100
TSTVIP,GA11,GA10,1,50,50,A,125.00,6250.00,OPEN,,AVAIL,N,100
TSTVIP,GA11,GA9,1,50,50,A,125.00,6250.00,OPEN,,AVAIL,N,100
TSTVIP,GA11,GA8,1,50,50,A,125.00,6250.00,OPEN,,AVAIL,N,100
TSTVIP,GA11,GA7,1,50,50,A,125.00,6250.00,OPEN,,AVAIL,N,100
TSTVIP,GA11,GA6,1,50,50,A,125.00,6250.00,OPEN,,AVAIL,N,100
TSTVIP,GA11,GA5,1,50,50,A,125.00,6250.00,OPEN,,AVAIL,N,100
TSTVIP,GA11,GA4,1,50,50,A,125.00,6250.00,OPEN,,AVAIL,N,100
TSTVIP,GA11,GA3,1,50,50,A,125.00,6250.00,OPEN,,AVAIL,N,100
TSTVIP,GA11,GA2,1,50,50,A,125.00,6250.00,OPEN,,AVAIL,N,100
TSTVIP,GA11,GA1,1,50,50,A,125.00,6250.00,OPEN,,AVAIL,N,100
TSTVIP,GA12,GA10,1,50,50,A,125.00,6250.00,OPEN,,AVAIL,N,100
TSTVIP,GA12,GA9,1,50,50,A,125.00,6250.00,OPEN,,AVAIL,N,100
TSTVIP,GA12,GA8,1,50,50,A,125.00,6250.00,OPEN,,AVAIL,N,100
TSTVIP,GA12,GA7,1,50,50,A,125.00,6250.00,OPEN,,AVAIL,N,100
TSTVIP,GA12,GA6,1,50,50,A,125.00,6250.00,OPEN,,AVAIL,N,100
TSTVIP,GA12,GA5,1,50,50,A,125.00,6250.00,OPEN,,AVAIL,N,100
TSTVIP,GA12,GA4,1,50,50,A,125.00,6250.00,OPEN,,AVAIL,N,100
TSTVIP,GA12,GA3,1,50,50,A,125.00,6250.00,OPEN,,AVAIL,N,100
TSTVIP,GA12,GA2,1,50,50,A,125.00,6250.00,OPEN,,AVAIL,N,100
TSTVIP,GA12,GA1,1,50,50,A,125.00,6250.00,OPEN,,AVAIL,N,100
TSTVIP,GA13,GA10,1,50,50,A,125.00,6250.00,OPEN,,AVAIL,N,100
TSTVIP,GA13,GA9,1,50,50,A,125.00,6250.00,OPEN,,AVAIL,N,100
TSTVIP,GA13,GA8,1,50,50,A,125.00,6250.00,OPEN,,AVAIL,N,100
TSTVIP,GA13,GA7,1,50,50,A,125.00,6250.00,OPEN,,AVAIL,N,100
TSTVIP,GA13,GA6,1,50,50,A,125.00,6250.00,OPEN,,AVAIL,N,100
TSTVIP,GA13,GA5,1,50,50,A,125.00,6250.00,OPEN,,AVAIL,N,100
TSTVIP,GA13,GA4,1,50,50,A,125.00,6250.00,OPEN,,AVAIL,N,100
TSTVIP,GA13,GA3,1,50,50,A,125.00,6250.00,OPEN,,AVAIL,N,100
TSTVIP,GA13,GA2,1,50,50,A,125.00,6250.00,OPEN,,AVAIL,N,100
TSTVIP,GA13,GA1,1,50,50,A,125.00,6250.00,OPEN,,AVAIL,N,100
TSTVIP,GA14,GA10,1,50,50,A,125.00,6250.00,OPEN,,AVAIL,N,100
TSTVIP,GA14,GA9,1,50,50,A,125.00,6250.00,OPEN,,AVAIL,N,100
TSTVIP,GA14,GA8,1,50,50,A,125.00,6250.00,OPEN,,AVAIL,N,100
TSTVIP,GA14,GA7,1,50,50,A,125.00,6250.00,OPEN,,AVAIL,N,100
TSTVIP,GA14,GA6,1,50,50,A,125.00,6250.00,OPEN,,AVAIL,N,100
TSTVIP,GA14,GA5,1,50,50,A,125.00,6250.00,OPEN,,AVAIL,N,100
TSTVIP,GA14,GA4,1,50,50,A,125.00,6250.00,OPEN,,AVAIL,N,100
TSTVIP,GA14,GA3,1,50,50,A,125.00,6250.00,OPEN,,AVAIL,N,100
TSTVIP,GA14,GA2,1,50,50,A,125.00,6250.00,OPEN,,AVAIL,N,100
TSTVIP,GA14,GA1,1,50,50,A,125.00,6250.00,OPEN,,AVAIL,N,100
TSTVIP,GA15,GA10,1,50,50,A,125.00,6250.00,OPEN,,AVAIL,N,100
TSTVIP,GA15,GA9,1,50,50,A,125.00,6250.00,OPEN,,AVAIL,N,100
TSTVIP,GA15,GA8,1,50,50,A,125.00,6250.00,OPEN,,AVAIL,N,100
TSTVIP,GA15,GA7,1,50,50,A,125.00,6250.00,OPEN,,AVAIL,N,100
TSTVIP,GA15,GA6,1,50,50,A,125.00,6250.00,OPEN,,AVAIL,N,100
TSTVIP,GA15,GA5,1,50,50,A,125.00,6250.00,OPEN,,AVAIL,N,100
TSTVIP,GA15,GA4,1,50,50,A,125.00,6250.00,OPEN,,AVAIL,N,100
TSTVIP,GA15,GA3,1,50,50,A,125.00,6250.00,OPEN,,AVAIL,N,100
TSTVIP,GA15,GA2,1,50,50,A,125.00,6250.00,OPEN,,AVAIL,N,100
TSTVIP,GA15,GA1,1,50,50,A,125.00,6250.00,OPEN,,AVAIL,N,100
TSTVIP,GA16,GA10,1,50,50,A,125.00,6250.00,OPEN,,AVAIL,N,100
TSTVIP,GA16,GA9,1,50,50,A,125.00,6250.00,OPEN,,AVAIL,N,100
TSTVIP,GA16,GA8,1,50,50,A,125.00,6250.00,OPEN,,AVAIL,N,100
TSTVIP,GA16,GA7,1,50,50,A,125.00,6250.00,OPEN,,AVAIL,N,100
TSTVIP,GA16,GA6,1,50,50,A,125.00,6250.00,OPEN,,AVAIL,N,100
TSTVIP,GA16,GA5,1,50,50,A,125.00,6250.00,OPEN,,AVAIL,N,100
TSTVIP,GA16,GA4,1,50,50,A,125.00,6250.00,OPEN,,AVAIL,N,100
TSTVIP,GA16,GA3,1,50,50,A,125.00,6250.00,OPEN,,AVAIL,N,100
TSTVIP,GA16,GA2,1,50,50,A,125.00,6250.00,OPEN,,AVAIL,N,100
TSTVIP,GA16,GA1,1,50,50,A,125.00,6250.00,OPEN,,AVAIL,N,100
TSTVIP,GA17,GA10,1,50,50,A,125.00,6250.00,OPEN,,AVAIL,N,100
TSTVIP,GA17,GA9,1,50,50,A,125.00,6250.00,OPEN,,AVAIL,N,100
TSTVIP,GA17,GA8,1,50,50,A,125.00,6250.00,OPEN,,AVAIL,N,100
TSTVIP,GA17,GA7,1,50,50,A,125.00,6250.00,OPEN,,AVAIL,N,100
TSTVIP,GA17,GA6,1,50,50,A,125.00,6250.00,OPEN,,AVAIL,N,100
TSTVIP,GA17,GA5,1,50,50,A,125.00,6250.00,OPEN,,AVAIL,N,100
TSTVIP,GA17,GA4,1,50,50,A,125.00,6250.00,OPEN,,AVAIL,N,100
TSTVIP,GA17,GA3,1,50,50,A,125.00,6250.00,OPEN,,AVAIL,N,100
TSTVIP,GA17,GA2,1,50,50,A,125.00,6250.00,OPEN,,AVAIL,N,100
TSTVIP,GA17,GA1,1,50,50,A,125.00,6250.00,OPEN,,AVAIL,N,100
TSTVIP,GA18,GA10,1,50,50,A,125.00,6250.00,OPEN,,AVAIL,N,100
TSTVIP,GA18,GA9,1,50,50,A,125.00,6250.00,OPEN,,AVAIL,N,100
TSTVIP,GA18,GA8,1,50,50,A,125.00,6250.00,OPEN,,AVAIL,N,100
TSTVIP,GA18,GA7,1,50,50,A,125.00,6250.00,OPEN,,AVAIL,N,100
TSTVIP,GA18,GA6,1,50,50,A,125.00,6250.00,OPEN,,AVAIL,N,100
TSTVIP,GA18,GA5,1,50,50,A,125.00,6250.00,OPEN,,AVAIL,N,100
TSTVIP,GA18,GA4,1,50,50,A,125.00,6250.00,OPEN,,AVAIL,N,100
TSTVIP,GA18,GA3,1,50,50,A,125.00,6250.00,OPEN,,AVAIL,N,100
TSTVIP,GA18,GA2,1,50,50,A,125.00,6250.00,OPEN,,AVAIL,N,100
TSTVIP,GA18,GA1,1,50,50,A,125.00,6250.00,OPEN,,AVAIL,N,100
TSTVIP,GA19,GA10,1,50,50,A,125.00,6250.00,OPEN,,AVAIL,N,100
TSTVIP,GA19,GA9,1,50,50,A,125.00,6250.00,OPEN,,AVAIL,N,100
TSTVIP,GA19,GA8,1,50,50,A,125.00,6250.00,OPEN,,AVAIL,N,100
TSTVIP,GA19,GA7,1,50,50,A,125.00,6250.00,OPEN,,AVAIL,N,100
TSTVIP,GA19,GA6,1,50,50,A,125.00,6250.00,OPEN,,AVAIL,N,100
TSTVIP,GA19,GA5,1,50,50,A,125.00,6250.00,OPEN,,AVAIL,N,100
TSTVIP,GA19,GA4,1,50,50,A,125.00,6250.00,OPEN,,AVAIL,N,100
TSTVIP,GA19,GA3,1,50,50,A,125.00,6250.00,OPEN,,AVAIL,N,100
TSTVIP,GA19,GA2,1,50,50,A,125.00,6250.00,OPEN,,AVAIL,N,100
TSTVIP,GA19,GA1,1,50,50,A,125.00,6250.00,OPEN,,AVAIL,N,100
TSTVIP,GA20,GA10,1,50,50,A,125.00,6250.00,OPEN,,AVAIL,N,100
TSTVIP,GA20,GA9,1,50,50,A,125.00,6250.00,OPEN,,AVAIL,N,100
TSTVIP,GA20,GA8,1,50,50,A,125.00,6250.00,OPEN,,AVAIL,N,100
TSTVIP,GA20,GA7,1,50,50,A,125.00,6250.00,OPEN,,AVAIL,N,100
TSTVIP,GA20,GA6,1,50,50,A,125.00,6250.00,OPEN,,AVAIL,N,100
TSTVIP,GA20,GA5,1,50,50,A,125.00,6250.00,OPEN,,AVAIL,N,100
TSTVIP,GA20,GA4,1,50,50,A,125.00,6250.00,OPEN,,AVAIL,N,100
TSTVIP,GA20,GA3,1,50,50,A,125.00,6250.00,OPEN,,AVAIL,N,100
TSTVIP,GA20,GA2,1,50,50,A,125.00,6250.00,OPEN,,AVAIL,N,100
TSTVIP,GA20,GA1,1,50,50,A,125.00,6250.00,OPEN,,AVAIL,N,100
